onet_code,occupation,human_beta,job_zone,employment_2024,employment_growth_pct,openings_annual,gpt_percentile,gpt_high,growth_rank,openings_rank,labor_market_score,valid_routes,good_transitions,transition_score,target_label
11-1011.00,Chief Executives,0.35,5,309.4,4.3,22.2,56.229685807150595,False,0.6619718309859155,0.7648970747562297,0.7134344528710725,5,0,0.0,Nicht hoch GPT-exponiert
11-1011.03,Chief Sustainability Officers,0.3888888888888888,5,309.4,4.3,22.2,62.94691224268689,False,0.6619718309859155,0.7648970747562297,0.7134344528710725,5,0,0.0,Nicht hoch GPT-exponiert
11-1021.00,General and Operations Managers,0.3846153846153846,4,3712.9,4.4,308.7,62.4593716143012,False,0.676056338028169,0.9869989165763814,0.8315276273022751,5,1,0.2,Nicht hoch GPT-exponiert
11-1031.00,Legislators,0.5166666666666666,4,27.7,3.4,2.2,81.9068255687974,True,0.5579631635969664,0.2833152762730228,0.4206392199349946,5,2,0.4,Hoch GPT-exponiert mit guten Wechseloptionen
11-2011.00,Advertising and Promotions Managers,0.5465116279069767,4,27.0,-2.2,2.1,86.6738894907909,True,0.18580715059588299,0.27410617551462624,0.2299566630552546,5,0,0.0,Hoch GPT-exponiert mit begrenzten Wechseloptionen
11-2021.00,Marketing Managers,0.578125,4,407.0,6.6,34.3,89.81581798483207,True,0.8331527627302275,0.8461538461538461,0.8396533044420369,5,1,0.2,Hoch GPT-exponiert mit begrenzten Wechseloptionen
11-2022.00,Sales Managers,0.4833333333333333,4,619.5,4.7,49.0,76.92307692307693,False,0.7112676056338029,0.8791982665222102,0.7952329360780066,5,1,0.2,Nicht hoch GPT-exponiert
11-2032.00,Public Relations Managers,0.5750000000000001,4,83.2,5.0,6.6,89.1115926327194,True,0.7345612134344529,0.52329360780065,0.6289274106175515,5,0,0.0,Hoch GPT-exponiert mit begrenzten Wechseloptionen
11-2033.00,Fundraising Managers,0.5,4,45.7,4.2,3.6,79.68580715059588,True,0.6505958829902492,0.38461538461538464,0.5176056338028169,5,0,0.0,Hoch GPT-exponiert mit begrenzten Wechseloptionen
11-3012.00,Administrative Services Managers,0.5,3,271.2,4.6,23.2,79.68580715059588,True,0.7053087757313109,0.776273022751896,0.7407908992416035,5,2,0.4,Hoch GPT-exponiert mit guten Wechseloptionen
11-3013.00,Facilities Managers,0.2727272727272727,3,151.4,3.8,13.2,45.61213434452871,False,0.6115926327193932,0.6635969664138678,0.6375947995666305,5,1,0.2,Nicht hoch GPT-exponiert
11-3013.01,Security Managers,0.5357142857142857,4,151.4,3.8,13.2,85.42795232936078,True,0.6115926327193932,0.6635969664138678,0.6375947995666305,5,3,0.6,Hoch GPT-exponiert mit guten Wechseloptionen
11-3021.00,Computer and Information Systems Managers,0.5606060606060607,4,667.1,15.2,55.6,87.64897074756229,True,0.9653304442036836,0.8938244853737811,0.9295774647887324,5,3,0.6,Hoch GPT-exponiert mit guten Wechseloptionen
11-3031.00,Financial Managers,0.4259259259259259,4,868.6,14.8,74.6,68.47237269772481,False,0.9609967497291441,0.9203683640303358,0.9406825568797399,5,0,0.0,Nicht hoch GPT-exponiert
11-3031.01,Treasurers and Controllers,0.4078947368421052,4,868.6,14.8,74.6,66.19718309859155,False,0.9609967497291441,0.9203683640303358,0.9406825568797399,5,0,0.0,Nicht hoch GPT-exponiert
11-3031.03,Investment Fund Managers,0.5285714285714286,5,868.6,14.8,74.6,84.12784398699891,True,0.9609967497291441,0.9203683640303358,0.9406825568797399,5,0,0.0,Hoch GPT-exponiert mit begrenzten Wechseloptionen
11-3051.00,Industrial Production Managers,0.3484848484848485,4,241.9,1.9,17.1,56.01300108342362,False,0.39219934994582883,0.7275189599133262,0.5598591549295775,5,1,0.2,Nicht hoch GPT-exponiert
11-3051.01,Quality Control Systems Managers,0.4716981132075472,4,241.9,1.9,17.1,74.86457204767063,False,0.39219934994582883,0.7275189599133262,0.5598591549295775,5,1,0.2,Nicht hoch GPT-exponiert
11-3051.02,Geothermal Production Managers,0.3833333333333333,3,241.9,1.9,17.1,62.29685807150596,False,0.39219934994582883,0.7275189599133262,0.5598591549295775,5,4,0.8,Nicht hoch GPT-exponiert
11-3051.03,Biofuels Production Managers,0.1785714285714285,4,241.9,1.9,17.1,35.42795232936078,False,0.39219934994582883,0.7275189599133262,0.5598591549295775,5,0,0.0,Nicht hoch GPT-exponiert
11-3051.04,Biomass Power Plant Managers,0.28125,4,241.9,1.9,17.1,47.12892741061755,False,0.39219934994582883,0.7275189599133262,0.5598591549295775,5,1,0.2,Nicht hoch GPT-exponiert
11-3051.06,Hydroelectric Production Managers,0.3142857142857143,3,241.9,1.9,17.1,51.35427952329361,False,0.39219934994582883,0.7275189599133262,0.5598591549295775,5,0,0.0,Nicht hoch GPT-exponiert
11-3061.00,Purchasing Managers,0.4714285714285714,4,83.5,3.1,6.4,74.75622968580716,False,0.5216684723726978,0.5173347778981582,0.519501625135428,5,2,0.4,Nicht hoch GPT-exponiert
11-3071.00,"Transportation, Storage, and Distribution Managers",0.4732142857142857,4,216.7,6.1,18.5,75.18959913326111,False,0.8022751895991332,0.7432286023835319,0.7727518959913326,5,1,0.2,Nicht hoch GPT-exponiert
11-3071.04,Supply Chain Managers,0.4727272727272727,4,216.7,6.1,18.5,75.08125677139762,False,0.8022751895991332,0.7432286023835319,0.7727518959913326,5,0,0.0,Nicht hoch GPT-exponiert
11-3111.00,Compensation and Benefits Managers,0.4605263157894737,4,20.9,0.2,1.5,73.45612134344529,False,0.2768147345612134,0.21451787648970747,0.24566630552546043,5,0,0.0,Nicht hoch GPT-exponiert
11-3121.00,Human Resources Managers,0.45,4,221.9,5.0,17.9,72.10184182015168,False,0.7345612134344529,0.7323943661971831,0.733477789815818,5,0,0.0,Nicht hoch GPT-exponiert
11-3131.00,Training and Development Managers,0.4772727272727273,4,46.4,5.8,3.8,76.1646803900325,False,0.7833152762730228,0.3916576381365114,0.5874864572047671,5,1,0.2,Nicht hoch GPT-exponiert
11-9013.00,"Farmers, Ranchers, and Other Agricultural Managers",0.2448979591836734,4,836.1,-1.3,85.5,42.145178764897075,False,0.218851570964247,0.9306608884073673,0.5747562296858071,5,0,0.0,Nicht hoch GPT-exponiert
11-9021.00,Construction Managers,0.4,4,550.3,8.7,46.8,64.68039003250271,False,0.8965330444203684,0.8732394366197183,0.8848862405200433,5,2,0.4,Nicht hoch GPT-exponiert
11-9031.00,"Education and Childcare Administrators, Preschool and Daycare",0.515625,4,90.2,-2.5,5.5,81.79848320693391,True,0.1771397616468039,0.48808234019501623,0.33261105092091003,5,2,0.4,Hoch GPT-exponiert mit guten Wechseloptionen
11-9032.00,"Education Administrators, Kindergarten through Secondary",0.4545454545454545,5,333.3,-1.5,20.8,72.48104008667389,False,0.2134344528710726,0.757854821235103,0.4856446370530878,5,1,0.2,Nicht hoch GPT-exponiert
11-9033.00,"Education Administrators, Postsecondary",0.475609756097561,5,226.6,1.7,15.1,75.73131094257855,False,0.37378114842903576,0.7074756229685807,0.5406283856988082,5,2,0.4,Nicht hoch GPT-exponiert
11-9041.00,Architectural and Engineering Managers,0.3857142857142857,5,212.5,3.8,14.5,62.62188515709642,False,0.6115926327193932,0.7009750812567714,0.6562838569880823,5,0,0.0,Nicht hoch GPT-exponiert
11-9041.01,Biofuels/Biodiesel Technology and Product Development Managers,0.2758620689655172,4,212.5,3.8,14.5,45.937161430119176,False,0.6115926327193932,0.7009750812567714,0.6562838569880823,5,1,0.2,Nicht hoch GPT-exponiert
11-9051.00,Food Service Managers,0.3958333333333333,2,352.8,6.4,42.0,63.59696641386782,False,0.8223185265438786,0.8613217768147345,0.8418201516793066,5,5,1.0,Nicht hoch GPT-exponiert
11-9071.00,Gambling Managers,0.4852941176470588,2,5.1,1.2,0.6,77.35644637053088,False,0.33098591549295775,0.08559046587215602,0.20828819068255688,5,0,0.0,Nicht hoch GPT-exponiert
11-9072.00,"Entertainment and Recreation Managers, Except Gambling",0.3823529411764705,4,43.2,7.7,5.5,62.13434452871073,False,0.8613217768147345,0.48808234019501623,0.6747020585048754,5,2,0.4,Nicht hoch GPT-exponiert
11-9081.00,Lodging Managers,0.3804347826086956,4,52.0,3.4,5.4,61.75514626218852,False,0.5579631635969664,0.4799566630552546,0.5189599133261105,5,1,0.2,Nicht hoch GPT-exponiert
11-9111.00,Medical and Health Services Managers,0.3714285714285714,4,616.2,23.2,62.1,60.238353196099666,False,0.9924160346695557,0.9024918743228603,0.947453954496208,5,0,0.0,Nicht hoch GPT-exponiert
11-9121.00,Natural Sciences Managers,0.5666666666666667,5,104.3,3.7,8.5,87.97399783315277,True,0.5964247020585048,0.570964247020585,0.5836944745395449,5,2,0.4,Hoch GPT-exponiert mit guten Wechseloptionen
11-9121.01,Clinical Research Coordinators,0.4661016949152542,4,104.3,3.7,8.5,74.21451787648971,False,0.5964247020585048,0.570964247020585,0.5836944745395449,5,2,0.4,Nicht hoch GPT-exponiert
11-9121.02,Water Resource Specialists,0.4268292682926829,4,104.3,3.7,8.5,68.85157096424702,False,0.5964247020585048,0.570964247020585,0.5836944745395449,5,0,0.0,Nicht hoch GPT-exponiert
11-9131.00,Postmasters and Mail Superintendents,0.4523809523809523,2,13.1,-3.5,0.9,72.31852654387866,False,0.15059588299024917,0.13488624052004333,0.14274106175514625,5,0,0.0,Nicht hoch GPT-exponiert
11-9141.00,"Property, Real Estate, and Community Association Managers",0.4318181818181818,4,466.1,3.6,39.0,69.66413867822318,False,0.5828819068255688,0.8526543878656555,0.7177681473456121,5,2,0.4,Nicht hoch GPT-exponiert
11-9151.00,Social and Community Service Managers,0.4464285714285714,4,219.8,6.4,18.6,71.5059588299025,False,0.8223185265438786,0.7464788732394366,0.7843986998916577,5,3,0.6,Nicht hoch GPT-exponiert
11-9161.00,Emergency Management Directors,0.6,4,13.2,3.0,1.0,92.19934994582883,True,0.5032502708559047,0.1495124593716143,0.3263813651137595,5,3,0.6,Hoch GPT-exponiert mit guten Wechseloptionen
11-9171.00,Funeral Home Managers,0.5357142857142857,3,32.1,4.1,2.6,85.42795232936078,True,0.6392199349945829,0.32340195016251355,0.48131094257854823,5,2,0.4,Hoch GPT-exponiert mit guten Wechseloptionen
11-9179.01,Fitness and Wellness Coordinators,0.2934782608695652,4,25.1,6.5,2.1,48.645720476706394,False,0.8293607800650055,0.27410617551462624,0.5517334777898159,5,0,0.0,Nicht hoch GPT-exponiert
11-9179.02,Spa Managers,0.3571428571428571,3,25.1,6.5,2.1,57.52979414951246,False,0.8293607800650055,0.27410617551462624,0.5517334777898159,5,1,0.2,Nicht hoch GPT-exponiert
11-9199.01,Regulatory Affairs Managers,0.5384615384615385,4,1333.7,4.5,106.7,86.07800650054172,True,0.6923076923076923,0.9420368364030336,0.8171722643553629,5,0,0.0,Hoch GPT-exponiert mit begrenzten Wechseloptionen
11-9199.02,Compliance Managers,0.54,4,1333.7,4.5,106.7,86.24052004333694,True,0.6923076923076923,0.9420368364030336,0.8171722643553629,5,0,0.0,Hoch GPT-exponiert mit begrenzten Wechseloptionen
11-9199.08,Loss Prevention Managers,0.3679245283018867,4,1333.7,4.5,106.7,59.26327193932828,False,0.6923076923076923,0.9420368364030336,0.8171722643553629,5,0,0.0,Nicht hoch GPT-exponiert
11-9199.09,Wind Energy Operations Managers,0.40625,3,1333.7,4.5,106.7,65.7638136511376,False,0.6923076923076923,0.9420368364030336,0.8171722643553629,5,2,0.4,Nicht hoch GPT-exponiert
11-9199.10,Wind Energy Development Managers,0.5333333333333333,4,1333.7,4.5,106.7,85.15709642470206,True,0.6923076923076923,0.9420368364030336,0.8171722643553629,5,3,0.6,Hoch GPT-exponiert mit guten Wechseloptionen
11-9199.11,Brownfield Redevelopment Specialists and Site Managers,0.4069767441860465,4,1333.7,4.5,106.7,66.03466955579633,False,0.6923076923076923,0.9420368364030336,0.8171722643553629,5,0,0.0,Nicht hoch GPT-exponiert
13-1011.00,"Agents and Business Managers of Artists, Performers, and Athletes",0.3695652173913043,4,21.4,8.7,2.2,59.859154929577464,False,0.8965330444203684,0.2833152762730228,0.5899241603466956,5,0,0.0,Nicht hoch GPT-exponiert
13-1021.00,"Buyers and Purchasing Agents, Farm Products",0.25,4,522.2,5.8,52.2,43.12026002166847,False,0.7833152762730228,0.886240520043337,0.8347778981581799,5,0,0.0,Nicht hoch GPT-exponiert
13-1022.00,"Wholesale and Retail Buyers, Except Farm Products",0.4,3,522.2,5.8,52.2,64.68039003250271,False,0.7833152762730228,0.886240520043337,0.8347778981581799,5,1,0.2,Nicht hoch GPT-exponiert
13-1023.00,"Purchasing Agents, Except Wholesale, Retail, and Farm Products",0.3684210526315789,4,522.2,5.8,52.2,59.479956663055255,False,0.7833152762730228,0.886240520043337,0.8347778981581799,5,1,0.2,Nicht hoch GPT-exponiert
13-1031.00,"Claims Adjusters, Examiners, and Investigators",0.49,4,356.1,-5.1,21.1,78.1148429035753,False,0.11917659804983749,0.7605633802816901,0.4398699891657638,5,0,0.0,Nicht hoch GPT-exponiert
13-1032.00,"Insurance Appraisers, Auto Damage",0.5,3,9.2,-8.2,0.5,79.68580715059588,True,0.07475622968580715,0.06988082340195016,0.07231852654387866,5,2,0.4,Hoch GPT-exponiert mit guten Wechseloptionen
13-1041.00,Compliance Officers,0.6136363636363636,4,418.0,3.0,33.3,93.06608884073673,True,0.5032502708559047,0.838569880823402,0.6709100758396533,5,2,0.4,Hoch GPT-exponiert mit guten Wechseloptionen
13-1041.01,Environmental Compliance Inspectors,0.4878048780487805,4,418.0,3.0,33.3,77.68147345612134,False,0.5032502708559047,0.838569880823402,0.6709100758396533,5,1,0.2,Nicht hoch GPT-exponiert
13-1041.03,Equal Opportunity Representatives and Officers,0.5,4,418.0,3.0,33.3,79.68580715059588,True,0.5032502708559047,0.838569880823402,0.6709100758396533,5,0,0.0,Hoch GPT-exponiert mit begrenzten Wechseloptionen
13-1041.04,Government Property Inspectors and Investigators,0.3529411764705882,3,418.0,3.0,33.3,56.608884073672805,False,0.5032502708559047,0.838569880823402,0.6709100758396533,5,0,0.0,Nicht hoch GPT-exponiert
13-1041.06,Coroners,0.4594594594594595,3,418.0,3.0,33.3,73.13109425785483,False,0.5032502708559047,0.838569880823402,0.6709100758396533,5,1,0.2,Nicht hoch GPT-exponiert
13-1041.07,Regulatory Affairs Specialists,0.6696428571428571,4,418.0,3.0,33.3,96.42470205850488,True,0.5032502708559047,0.838569880823402,0.6709100758396533,5,4,0.8,Hoch GPT-exponiert mit guten Wechseloptionen
13-1041.08,Customs Brokers,0.6022727272727273,3,418.0,3.0,33.3,92.63271939328277,True,0.5032502708559047,0.838569880823402,0.6709100758396533,5,3,0.6,Hoch GPT-exponiert mit guten Wechseloptionen
13-1051.00,Cost Estimators,0.4807692307692308,4,221.4,-4.2,16.9,76.81473456121344,False,0.13867822318526543,0.7226435536294691,0.43066088840736727,5,2,0.4,Nicht hoch GPT-exponiert
13-1071.00,Human Resources Specialists,0.5888888888888889,4,944.3,6.2,81.8,90.84507042253522,True,0.8104008667388949,0.9284940411700975,0.8694474539544962,5,2,0.4,Hoch GPT-exponiert mit guten Wechseloptionen
13-1074.00,Farm Labor Contractors,0.0,2,3.9,6.0,0.3,3.1960996749729147,False,0.795774647887324,0.03791982665222102,0.4168472372697725,5,0,0.0,Nicht hoch GPT-exponiert
13-1075.00,Labor Relations Specialists,0.4433962264150943,4,65.4,-0.1,5.1,70.96424702058505,False,0.2611050920910076,0.46803900325027087,0.3645720476706392,5,0,0.0,Nicht hoch GPT-exponiert
13-1081.00,Logisticians,0.4545454545454546,4,241.0,16.7,26.4,72.69772481040087,False,0.971830985915493,0.800650054171181,0.886240520043337,5,0,0.0,Nicht hoch GPT-exponiert
13-1081.01,Logistics Engineers,0.6842105263157894,4,241.0,16.7,26.4,97.50812567713976,True,0.971830985915493,0.800650054171181,0.886240520043337,5,3,0.6,Hoch GPT-exponiert mit guten Wechseloptionen
13-1081.02,Logistics Analysts,0.6509433962264151,4,241.0,16.7,26.4,95.77464788732394,True,0.971830985915493,0.800650054171181,0.886240520043337,5,4,0.8,Hoch GPT-exponiert mit guten Wechseloptionen
13-1082.00,Project Management Specialists,0.4,4,1046.3,5.6,78.2,64.68039003250271,False,0.7697724810400867,0.9263271939328277,0.8480498374864571,5,0,0.0,Nicht hoch GPT-exponiert
13-1111.00,Management Analysts,0.5,4,1075.1,8.8,98.1,79.68580715059588,True,0.9019501625135428,0.9360780065005417,0.9190140845070423,5,1,0.2,Hoch GPT-exponiert mit begrenzten Wechseloptionen
13-1121.00,"Meeting, Convention, and Event Planners",0.3648648648648649,4,155.8,4.8,15.5,58.613217768147344,False,0.7150595882990249,0.7128927410617552,0.71397616468039,5,0,0.0,Nicht hoch GPT-exponiert
13-1131.00,Fundraisers,0.4903846153846154,4,134.4,4.3,10.2,78.33152762730228,False,0.6619718309859155,0.6164680390032503,0.6392199349945829,5,1,0.2,Nicht hoch GPT-exponiert
13-1141.00,"Compensation, Benefits, and Job Analysis Specialists",0.4736842105263157,4,107.0,5.3,8.5,75.2979414951246,False,0.7535211267605634,0.570964247020585,0.6622426868905742,5,0,0.0,Nicht hoch GPT-exponiert
13-1151.00,Training and Development Specialists,0.5921052631578947,4,452.3,10.8,43.9,91.4409534127844,True,0.9230769230769231,0.8656554712892741,0.8943661971830986,5,3,0.6,Hoch GPT-exponiert mit guten Wechseloptionen
13-1161.00,Market Research Analysts and Marketing Specialists,0.576923076923077,4,941.7,6.7,87.2,89.65330444203684,True,0.8374864572047671,0.9333694474539544,0.8854279523293608,5,0,0.0,Hoch GPT-exponiert mit begrenzten Wechseloptionen
13-1161.01,Search Marketing Strategists,0.5081967213114754,4,941.7,6.7,87.2,80.931744312026,True,0.8374864572047671,0.9333694474539544,0.8854279523293608,5,0,0.0,Hoch GPT-exponiert mit begrenzten Wechseloptionen
13-1199.04,Business Continuity Planners,0.5,4,1205.7,3.0,108.2,79.68580715059588,True,0.5032502708559047,0.948537378114843,0.7258938244853739,5,1,0.2,Hoch GPT-exponiert mit begrenzten Wechseloptionen
13-1199.05,Sustainability Specialists,0.6785714285714285,4,1205.7,3.0,108.2,97.1830985915493,True,0.5032502708559047,0.948537378114843,0.7258938244853739,5,3,0.6,Hoch GPT-exponiert mit guten Wechseloptionen
13-1199.06,Online Merchants,0.5603448275862069,4,1205.7,3.0,108.2,87.54062838569881,True,0.5032502708559047,0.948537378114843,0.7258938244853739,5,2,0.4,Hoch GPT-exponiert mit guten Wechseloptionen
13-1199.07,Security Management Specialists,0.4130434782608695,4,1205.7,3.0,108.2,66.79306608884073,False,0.5032502708559047,0.948537378114843,0.7258938244853739,5,1,0.2,Nicht hoch GPT-exponiert
13-2011.00,Accountants and Auditors,0.52,4,1579.8,4.6,124.2,82.82773564463706,True,0.7053087757313109,0.9566630552546046,0.8309859154929577,5,3,0.6,Hoch GPT-exponiert mit guten Wechseloptionen
13-2022.00,Appraisers of Personal and Business Property,0.5714285714285714,4,77.3,3.8,6.3,88.67822318526544,True,0.6115926327193932,0.5124593716143012,0.5620260021668473,5,4,0.8,Hoch GPT-exponiert mit guten Wechseloptionen
13-2023.00,Appraisers and Assessors of Real Estate,0.4642857142857142,4,77.3,3.8,6.3,73.67280606717227,False,0.6115926327193932,0.5124593716143012,0.5620260021668473,5,1,0.2,Nicht hoch GPT-exponiert
13-2031.00,Budget Analysts,0.64,4,50.4,1.0,3.1,95.07042253521126,True,0.3120260021668472,0.35969664138678226,0.3358613217768147,5,3,0.6,Hoch GPT-exponiert mit guten Wechseloptionen
13-2041.00,Credit Analysts,0.5555555555555556,4,67.8,-4.4,3.7,87.21560130010835,True,0.13542795232936078,0.3873239436619718,0.2613759479956663,5,0,0.0,Hoch GPT-exponiert mit begrenzten Wechseloptionen
13-2051.00,Financial and Investment Analysts,0.5,4,368.5,5.7,25.1,79.68580715059588,True,0.7751895991332611,0.7941495124593716,0.7846695557963164,5,0,0.0,Hoch GPT-exponiert mit begrenzten Wechseloptionen
13-2052.00,Personal Financial Advisors,0.6710526315789473,4,326.0,9.6,24.1,96.53304442036837,True,0.9160346695557963,0.7865655471289275,0.8513001083423619,5,3,0.6,Hoch GPT-exponiert mit guten Wechseloptionen
13-2053.00,Insurance Underwriters,0.5,4,127.0,-2.6,8.2,79.68580715059588,True,0.17388949079089924,0.562296858071506,0.3680931744312026,5,0,0.0,Hoch GPT-exponiert mit begrenzten Wechseloptionen
13-2054.00,Financial Risk Specialists,0.5833333333333334,4,60.5,6.5,4.8,90.30335861321777,True,0.8293607800650055,0.45449620801733476,0.6419284940411701,5,2,0.4,Hoch GPT-exponiert mit guten Wechseloptionen
13-2061.00,Financial Examiners,0.5757575757575758,4,65.1,18.5,5.7,89.43661971830986,True,0.9815817984832069,0.5,0.7407908992416035,5,1,0.2,Hoch GPT-exponiert mit begrenzten Wechseloptionen
13-2071.00,Credit Counselors,0.6931818181818182,4,31.8,3.3,2.2,97.83315276273022,True,0.5444203683640303,0.2833152762730228,0.41386782231852653,5,0,0.0,Hoch GPT-exponiert mit begrenzten Wechseloptionen
13-2072.00,Loan Officers,0.6477272727272727,4,301.4,1.7,20.3,95.34127843987,True,0.37378114842903576,0.7535211267605634,0.5636511375947996,5,0,0.0,Hoch GPT-exponiert mit begrenzten Wechseloptionen
13-2081.00,"Tax Examiners and Collectors, and Revenue Agents",0.6774193548387096,3,57.6,-1.8,4.3,96.91224268689056,True,0.19609967497291442,0.43391115926327195,0.31500541711809316,5,2,0.4,Hoch GPT-exponiert mit guten Wechseloptionen
13-2082.00,Tax Preparers,0.625,3,90.6,4.5,10.4,93.98699891657638,True,0.6923076923076923,0.6208017334777898,0.656554712892741,5,2,0.4,Hoch GPT-exponiert mit guten Wechseloptionen
13-2099.01,Financial Quantitative Analysts,0.6621621621621622,5,137.1,3.1,10.3,96.0996749729144,True,0.5216684723726978,0.6191765980498375,0.5704225352112676,5,1,0.2,Hoch GPT-exponiert mit begrenzten Wechseloptionen
13-2099.04,"Fraud Examiners, Investigators and Analysts",0.5227272727272727,4,137.1,3.1,10.3,83.42361863488624,True,0.5216684723726978,0.6191765980498375,0.5704225352112676,5,1,0.2,Hoch GPT-exponiert mit begrenzten Wechseloptionen
15-1211.00,Computer Systems Analysts,0.4705882352941176,4,521.1,8.7,34.2,74.59371614301192,False,0.8965330444203684,0.8445287107258939,0.8705308775731311,5,0,0.0,Nicht hoch GPT-exponiert
15-1211.01,Health Informatics Specialists,0.6363636363636364,5,521.1,8.7,34.2,94.8537378114843,True,0.8965330444203684,0.8445287107258939,0.8705308775731311,5,4,0.8,Hoch GPT-exponiert mit guten Wechseloptionen
15-1212.00,Information Security Analysts,0.5434782608695652,4,182.8,28.5,16.0,86.45720476706393,True,0.9934994582881906,0.7183098591549296,0.8559046587215602,5,1,0.2,Hoch GPT-exponiert mit begrenzten Wechseloptionen
15-1221.00,Computer and Information Research Scientists,0.5,5,40.3,19.7,3.2,79.68580715059588,True,0.9837486457204767,0.36836403033586135,0.676056338028169,5,0,0.0,Hoch GPT-exponiert mit begrenzten Wechseloptionen
15-1231.00,Computer Network Support Specialists,0.5384615384615385,4,152.7,1.8,9.6,86.07800650054172,True,0.3851570964247021,0.6056338028169014,0.49539544962080173,5,0,0.0,Hoch GPT-exponiert mit begrenzten Wechseloptionen
15-1232.00,Computer User Support Specialists,0.6666666666666666,3,729.5,-3.7,40.8,96.31635969664138,True,0.14680390032502708,0.8580715059588299,0.5024377031419285,5,2,0.4,Hoch GPT-exponiert mit guten Wechseloptionen
15-1241.00,Computer Network Architects,0.5546875,4,179.2,11.9,11.2,87.10725893824485,True,0.942578548212351,0.633261105092091,0.7879198266522209,5,1,0.2,Hoch GPT-exponiert mit begrenzten Wechseloptionen
15-1241.01,Telecommunications Engineering Specialists,0.5319148936170213,3,179.2,11.9,11.2,85.04875406283857,True,0.942578548212351,0.633261105092091,0.7879198266522209,5,0,0.0,Hoch GPT-exponiert mit begrenzten Wechseloptionen
15-1242.00,Database Administrators,0.5967741935483871,4,78.0,-0.7,3.8,91.87432286023835,True,0.23835319609967498,0.3916576381365114,0.31500541711809316,5,2,0.4,Hoch GPT-exponiert mit guten Wechseloptionen
15-1243.00,Database Architects,0.5975609756097561,4,66.9,8.7,4.0,91.98266522210184,True,0.8965330444203684,0.4122426868905742,0.6543878656554714,5,2,0.4,Hoch GPT-exponiert mit guten Wechseloptionen
15-1243.01,Data Warehousing Specialists,0.6944444444444444,4,66.9,8.7,4.0,97.94149512459371,True,0.8965330444203684,0.4122426868905742,0.6543878656554714,5,2,0.4,Hoch GPT-exponiert mit guten Wechseloptionen
15-1244.00,Network and Computer Systems Administrators,0.5135135135135136,4,331.5,-4.2,14.3,81.58179848320694,True,0.13867822318526543,0.6912242686890574,0.41495124593716143,5,0,0.0,Hoch GPT-exponiert mit begrenzten Wechseloptionen
15-1251.00,Computer Programmers,0.6833333333333333,4,121.2,-6.0,5.5,97.34561213434453,True,0.10184182015167931,0.48808234019501623,0.2949620801733478,5,2,0.4,Hoch GPT-exponiert mit guten Wechseloptionen
15-1252.00,Software Developers,0.4473684210526315,4,1693.8,15.8,115.2,71.66847237269772,False,0.9674972914409534,0.9534127843986999,0.9604550379198267,5,0,0.0,Nicht hoch GPT-exponiert
15-1253.00,Software Quality Assurance Analysts and Testers,0.6140350877192982,4,201.7,10.0,14.0,93.17443120260022,True,0.919284940411701,0.6836403033586133,0.801462621885157,5,3,0.6,Hoch GPT-exponiert mit guten Wechseloptionen
15-1254.00,Web Developers,0.6346153846153847,3,86.0,7.5,5.4,94.69122426868906,True,0.8580715059588299,0.4799566630552546,0.6690140845070423,5,1,0.2,Hoch GPT-exponiert mit begrenzten Wechseloptionen
15-1255.00,Web and Digital Interface Designers,0.6833333333333333,4,128.9,7.0,9.1,97.34561213434453,True,0.8450704225352113,0.5872156013001083,0.7161430119176597,5,1,0.2,Hoch GPT-exponiert mit begrenzten Wechseloptionen
15-1255.01,Video Game Designers,0.5833333333333333,4,128.9,7.0,9.1,90.14084507042254,True,0.8450704225352113,0.5872156013001083,0.7161430119176597,5,1,0.2,Hoch GPT-exponiert mit begrenzten Wechseloptionen
15-1299.01,Web Administrators,0.6739130434782609,4,472.0,8.2,31.3,96.6955579631636,True,0.8764897074756229,0.8266522210184182,0.8515709642470206,5,1,0.2,Hoch GPT-exponiert mit begrenzten Wechseloptionen
15-1299.02,Geographic Information Systems Technologists and Technicians,0.6018518518518519,3,472.0,8.2,31.3,92.52437703141928,True,0.8764897074756229,0.8266522210184182,0.8515709642470206,5,2,0.4,Hoch GPT-exponiert mit guten Wechseloptionen
15-1299.03,Document Management Specialists,0.6777777777777778,4,472.0,8.2,31.3,97.0747562296858,True,0.8764897074756229,0.8266522210184182,0.8515709642470206,5,3,0.6,Hoch GPT-exponiert mit guten Wechseloptionen
15-1299.04,Penetration Testers,0.5909090909090909,4,472.0,8.2,31.3,91.27843986998917,True,0.8764897074756229,0.8266522210184182,0.8515709642470206,5,1,0.2,Hoch GPT-exponiert mit begrenzten Wechseloptionen
15-1299.05,Information Security Engineers,0.625,4,472.0,8.2,31.3,93.98699891657638,True,0.8764897074756229,0.8266522210184182,0.8515709642470206,5,1,0.2,Hoch GPT-exponiert mit begrenzten Wechseloptionen
15-1299.06,Digital Forensics Analysts,0.65,4,472.0,8.2,31.3,95.55796316359697,True,0.8764897074756229,0.8266522210184182,0.8515709642470206,5,1,0.2,Hoch GPT-exponiert mit begrenzten Wechseloptionen
15-1299.07,Blockchain Engineers,0.5294117647058824,4,472.0,8.2,31.3,84.39869989165764,True,0.8764897074756229,0.8266522210184182,0.8515709642470206,5,1,0.2,Hoch GPT-exponiert mit begrenzten Wechseloptionen
15-1299.08,Computer Systems Engineers/Architects,0.5714285714285714,3,472.0,8.2,31.3,88.67822318526544,True,0.8764897074756229,0.8266522210184182,0.8515709642470206,5,2,0.4,Hoch GPT-exponiert mit guten Wechseloptionen
15-1299.09,Information Technology Project Managers,0.4523809523809523,4,472.0,8.2,31.3,72.31852654387866,False,0.8764897074756229,0.8266522210184182,0.8515709642470206,5,0,0.0,Nicht hoch GPT-exponiert
15-2011.00,Actuaries,0.537037037037037,4,33.6,21.8,2.4,85.64463705308776,True,0.9902491874322861,0.29956663055254606,0.6449079089924161,5,1,0.2,Hoch GPT-exponiert mit begrenzten Wechseloptionen
15-2021.00,Mathematicians,0.6904761904761905,5,2.4,-0.7,0.1,97.61646803900325,True,0.23835319609967498,0.011375947995666305,0.12486457204767064,5,1,0.2,Hoch GPT-exponiert mit begrenzten Wechseloptionen
15-2031.00,Operations Research Analysts,0.6290322580645161,5,112.1,21.5,9.6,94.1495124593716,True,0.9891657638136512,0.6056338028169014,0.7973997833152763,5,3,0.6,Hoch GPT-exponiert mit guten Wechseloptionen
15-2041.00,Statisticians,0.7105263157894737,5,32.2,8.5,2.0,98.37486457204767,True,0.886240520043337,0.2638136511375948,0.5750270855904659,5,0,0.0,Hoch GPT-exponiert mit begrenzten Wechseloptionen
15-2041.01,Biostatisticians,0.74,5,32.2,8.5,2.0,98.80823401950163,True,0.886240520043337,0.2638136511375948,0.5750270855904659,5,0,0.0,Hoch GPT-exponiert mit begrenzten Wechseloptionen
15-2051.00,Data Scientists,0.59375,4,245.9,33.5,23.4,91.65763813651138,True,0.9956663055254604,0.7800650054171181,0.8878656554712893,5,0,0.0,Hoch GPT-exponiert mit begrenzten Wechseloptionen
15-2051.01,Business Intelligence Analysts,0.5757575757575758,4,245.9,33.5,23.4,89.43661971830986,True,0.9956663055254604,0.7800650054171181,0.8878656554712893,5,1,0.2,Hoch GPT-exponiert mit begrenzten Wechseloptionen
15-2051.02,Clinical Data Managers,0.5750000000000001,4,245.9,33.5,23.4,89.1115926327194,True,0.9956663055254604,0.7800650054171181,0.8878656554712893,5,1,0.2,Hoch GPT-exponiert mit begrenzten Wechseloptionen
15-2099.01,Bioinformatics Technicians,0.65,4,5.0,4.0,0.3,95.55796316359697,True,0.628385698808234,0.03791982665222102,0.33315276273022754,5,2,0.4,Hoch GPT-exponiert mit guten Wechseloptionen
17-1011.00,"Architects, Except Landscape and Naval",0.4302325581395348,5,123.6,3.9,7.8,69.23076923076923,False,0.6218851570964247,0.5509209100758397,0.5864030335861321,5,1,0.2,Nicht hoch GPT-exponiert
17-1012.00,Landscape Architects,0.3684210526315789,4,21.8,3.5,1.7,59.479956663055255,False,0.570964247020585,0.23672806067172264,0.40384615384615385,5,0,0.0,Nicht hoch GPT-exponiert
17-1021.00,Cartographers and Photogrammetrists,0.46,4,13.4,6.4,1.0,73.29360780065005,False,0.8223185265438786,0.1495124593716143,0.48591549295774644,5,0,0.0,Nicht hoch GPT-exponiert
17-1022.00,Surveyors,0.4333333333333333,4,56.1,4.4,3.9,69.88082340195017,False,0.676056338028169,0.4014084507042254,0.5387323943661972,5,0,0.0,Nicht hoch GPT-exponiert
17-1022.01,Geodetic Surveyors,0.40625,4,56.1,4.4,3.9,65.7638136511376,False,0.676056338028169,0.4014084507042254,0.5387323943661972,5,0,0.0,Nicht hoch GPT-exponiert
17-2011.00,Aerospace Engineers,0.5178571428571428,4,71.6,6.1,4.5,82.23185265438786,True,0.8022751895991332,0.44041170097508126,0.6213434452871073,5,3,0.6,Hoch GPT-exponiert mit guten Wechseloptionen
17-2021.00,Agricultural Engineers,0.3333333333333333,4,1.7,5.9,0.1,53.62946912242686,False,0.7908992416034669,0.011375947995666305,0.4011375947995666,5,0,0.0,Nicht hoch GPT-exponiert
17-2031.00,Bioengineers and Biomedical Engineers,0.5384615384615384,4,22.2,5.2,1.3,85.91549295774648,True,0.7475622968580715,0.19393282773564463,0.4707475622968581,5,1,0.2,Hoch GPT-exponiert mit begrenzten Wechseloptionen
17-2041.00,Chemical Engineers,0.3461538461538461,4,21.6,2.6,1.1,55.52546045503792,False,0.4745395449620802,0.1635969664138678,0.319068255687974,5,0,0.0,Nicht hoch GPT-exponiert
17-2051.00,Civil Engineers,0.375,4,368.9,5.0,23.6,61.159263271939324,False,0.7345612134344529,0.7838569880823402,0.7592091007583965,5,0,0.0,Nicht hoch GPT-exponiert
17-2051.01,Transportation Engineers,0.4886363636363636,4,368.9,5.0,23.6,77.84398699891658,False,0.7345612134344529,0.7838569880823402,0.7592091007583965,5,2,0.4,Nicht hoch GPT-exponiert
17-2051.02,Water/Wastewater Engineers,0.5,4,368.9,5.0,23.6,79.68580715059588,True,0.7345612134344529,0.7838569880823402,0.7592091007583965,5,3,0.6,Hoch GPT-exponiert mit guten Wechseloptionen
17-2061.00,Computer Hardware Engineers,0.3181818181818182,4,76.8,7.3,4.7,52.00433369447454,False,0.8553629469122427,0.447453954496208,0.6514084507042254,5,0,0.0,Nicht hoch GPT-exponiert
17-2071.00,Electrical Engineers,0.40625,4,192.0,7.2,11.7,65.7638136511376,False,0.852112676056338,0.6365113759479957,0.7443120260021668,5,0,0.0,Nicht hoch GPT-exponiert
17-2072.00,"Electronics Engineers, Except Computer",0.5147058823529411,4,95.9,6.2,5.7,81.69014084507043,True,0.8104008667388949,0.5,0.6552004333694474,5,2,0.4,Hoch GPT-exponiert mit guten Wechseloptionen
17-2072.01,Radio Frequency Identification Device Specialists,0.3809523809523809,4,95.9,6.2,5.7,61.91765980498375,False,0.8104008667388949,0.5,0.6552004333694474,5,0,0.0,Nicht hoch GPT-exponiert
17-2081.00,Environmental Engineers,0.5,4,39.4,3.9,3.0,79.68580715059588,True,0.6218851570964247,0.35482123510292524,0.488353196099675,5,1,0.2,Hoch GPT-exponiert mit begrenzten Wechseloptionen
17-2111.00,"Health and Safety Engineers, Except Mining Safety Engineers and Inspectors",0.52,4,23.8,4.4,1.5,82.82773564463706,True,0.676056338028169,0.21451787648970747,0.4452871072589382,5,2,0.4,Hoch GPT-exponiert mit guten Wechseloptionen
17-2111.02,Fire-Prevention and Protection Engineers,0.6153846153846154,4,23.8,4.4,1.5,93.39111592632719,True,0.676056338028169,0.21451787648970747,0.4452871072589382,5,2,0.4,Hoch GPT-exponiert mit guten Wechseloptionen
17-2112.00,Industrial Engineers,0.6052631578947368,4,351.1,11.0,25.2,92.74106175514626,True,0.9284940411700975,0.7968580715059588,0.8626760563380281,5,4,0.8,Hoch GPT-exponiert mit guten Wechseloptionen
17-2112.01,Human Factors Engineers and Ergonomists,0.52,5,351.1,11.0,25.2,82.82773564463706,True,0.9284940411700975,0.7968580715059588,0.8626760563380281,5,0,0.0,Hoch GPT-exponiert mit begrenzten Wechseloptionen
17-2112.02,Validation Engineers,0.4761904761904761,4,351.1,11.0,25.2,75.83965330444204,False,0.9284940411700975,0.7968580715059588,0.8626760563380281,5,1,0.2,Nicht hoch GPT-exponiert
17-2112.03,Manufacturing Engineers,0.4787234042553191,4,351.1,11.0,25.2,76.59804983748646,False,0.9284940411700975,0.7968580715059588,0.8626760563380281,5,3,0.6,Nicht hoch GPT-exponiert
17-2121.00,Marine Engineers and Naval Architects,0.4035087719298245,4,8.5,5.8,0.6,65.33044420368364,False,0.7833152762730228,0.08559046587215602,0.4344528710725894,5,1,0.2,Nicht hoch GPT-exponiert
17-2131.00,Materials Engineers,0.3170731707317073,4,23.0,5.7,1.5,51.679306608884076,False,0.7751895991332611,0.21451787648970747,0.4948537378114843,5,0,0.0,Nicht hoch GPT-exponiert
17-2141.00,Mechanical Engineers,0.3720930232558139,4,293.1,9.1,18.1,60.5092091007584,False,0.9052004333694474,0.7356446370530878,0.8204225352112676,5,1,0.2,Nicht hoch GPT-exponiert
17-2141.01,Fuel Cell Engineers,0.4901960784313725,4,293.1,9.1,18.1,78.22318526543879,False,0.9052004333694474,0.7356446370530878,0.8204225352112676,5,2,0.4,Nicht hoch GPT-exponiert
17-2141.02,Automotive Engineers,0.64,4,293.1,9.1,18.1,95.07042253521126,True,0.9052004333694474,0.7356446370530878,0.8204225352112676,5,4,0.8,Hoch GPT-exponiert mit guten Wechseloptionen
17-2151.00,"Mining and Geological Engineers, Including Mining Safety Engineers",0.5,4,7.0,0.7,0.4,79.68580715059588,True,0.30119176598049835,0.05579631635969664,0.17849404117009748,5,2,0.4,Hoch GPT-exponiert mit guten Wechseloptionen
17-2161.00,Nuclear Engineers,0.475,4,15.4,-1.1,0.8,75.51462621885156,False,0.223726977248104,0.11755146262188516,0.1706392199349946,5,1,0.2,Nicht hoch GPT-exponiert
17-2171.00,Petroleum Engineers,0.4305555555555555,4,19.6,1.3,1.2,69.33911159263272,False,0.3418201516793066,0.17876489707475623,0.26029252437703143,5,0,0.0,Nicht hoch GPT-exponiert
17-2199.03,"Energy Engineers, Except Wind and Solar",0.5,4,158.8,2.1,9.3,79.68580715059588,True,0.41765980498374866,0.5937161430119177,0.5056879739978332,5,1,0.2,Hoch GPT-exponiert mit begrenzten Wechseloptionen
17-2199.05,Mechatronics Engineers,0.3026315789473684,4,158.8,2.1,9.3,49.512459371614305,False,0.41765980498374866,0.5937161430119177,0.5056879739978332,5,0,0.0,Nicht hoch GPT-exponiert
17-2199.06,Microsystems Engineers,0.5256410256410257,5,158.8,2.1,9.3,83.74864572047672,True,0.41765980498374866,0.5937161430119177,0.5056879739978332,5,3,0.6,Hoch GPT-exponiert mit guten Wechseloptionen
17-2199.07,Photonics Engineers,0.2888888888888889,4,158.8,2.1,9.3,48.15817984832069,False,0.41765980498374866,0.5937161430119177,0.5056879739978332,5,0,0.0,Nicht hoch GPT-exponiert
17-2199.08,Robotics Engineers,0.4772727272727273,4,158.8,2.1,9.3,76.1646803900325,False,0.41765980498374866,0.5937161430119177,0.5056879739978332,5,3,0.6,Nicht hoch GPT-exponiert
17-2199.09,Nanosystems Engineers,0.4886363636363636,5,158.8,2.1,9.3,77.84398699891658,False,0.41765980498374866,0.5937161430119177,0.5056879739978332,5,0,0.0,Nicht hoch GPT-exponiert
17-2199.10,Wind Energy Engineers,0.5263157894736842,4,158.8,2.1,9.3,83.8569880823402,True,0.41765980498374866,0.5937161430119177,0.5056879739978332,5,3,0.6,Hoch GPT-exponiert mit guten Wechseloptionen
17-2199.11,Solar Energy Systems Engineers,0.46,4,158.8,2.1,9.3,73.29360780065005,False,0.41765980498374866,0.5937161430119177,0.5056879739978332,5,2,0.4,Nicht hoch GPT-exponiert
17-3011.00,Architectural and Civil Drafters,0.52,3,110.5,4.1,10.0,82.82773564463706,True,0.6392199349945829,0.613759479956663,0.6264897074756229,5,0,0.0,Hoch GPT-exponiert mit begrenzten Wechseloptionen
17-3012.00,Electrical and Electronics Drafters,0.4893617021276595,3,21.6,-5.6,1.7,78.00650054171182,False,0.10834236186348863,0.23672806067172264,0.17253521126760563,5,0,0.0,Nicht hoch GPT-exponiert
17-3013.00,Mechanical Drafters,0.4655172413793103,3,42.9,-6.5,3.3,73.88949079089923,False,0.09154929577464789,0.37486457204767065,0.23320693391115926,5,0,0.0,Nicht hoch GPT-exponiert
17-3021.00,Aerospace Engineering and Operations Technologists and Technicians,0.225,3,9.3,8.1,0.9,39.436619718309856,False,0.8672806067172264,0.13488624052004333,0.5010834236186349,5,0,0.0,Nicht hoch GPT-exponiert
17-3022.00,Civil Engineering Technologists and Technicians,0.4772727272727273,3,64.9,2.1,5.5,76.1646803900325,False,0.41765980498374866,0.48808234019501623,0.4528710725893824,5,1,0.2,Nicht hoch GPT-exponiert
17-3023.00,Electrical and Electronic Engineering Technologists and Technicians,0.330188679245283,3,93.7,0.6,8.4,53.304442036836406,False,0.29360780065005415,0.5644637053087758,0.429035752979415,5,0,0.0,Nicht hoch GPT-exponiert
17-3024.00,Electro-Mechanical and Mechatronics Technologists and Technicians,0.2317073170731707,3,15.0,1.1,1.3,40.30335861321777,False,0.319068255687974,0.19393282773564463,0.2565005417118093,5,1,0.2,Nicht hoch GPT-exponiert
17-3024.01,Robotics Technicians,0.2105263157894736,3,15.0,1.1,1.3,38.29902491874323,False,0.319068255687974,0.19393282773564463,0.2565005417118093,5,0,0.0,Nicht hoch GPT-exponiert
17-3025.00,Environmental Engineering Technologists and Technicians,0.4342105263157894,4,12.9,1.2,1.1,70.09750812567714,False,0.33098591549295775,0.1635969664138678,0.24729144095341277,5,0,0.0,Nicht hoch GPT-exponiert
17-3026.00,Industrial Engineering Technologists and Technicians,0.375,3,74.6,1.7,6.3,61.159263271939324,False,0.37378114842903576,0.5124593716143012,0.4431202600216685,5,0,0.0,Nicht hoch GPT-exponiert
17-3026.01,Nanotechnology Engineering Technologists and Technicians,0.3617021276595744,4,74.6,1.7,6.3,58.0715059588299,False,0.37378114842903576,0.5124593716143012,0.4431202600216685,5,0,0.0,Nicht hoch GPT-exponiert
17-3027.00,Mechanical Engineering Technologists and Technicians,0.4081632653061224,3,38.3,0.0,3.2,66.35969664138678,False,0.2681473456121343,0.36836403033586135,0.31825568797399784,5,1,0.2,Nicht hoch GPT-exponiert
17-3027.01,Automotive Engineering Technicians,0.2222222222222222,3,38.3,0.0,3.2,38.894907908992415,False,0.2681473456121343,0.36836403033586135,0.31825568797399784,5,0,0.0,Nicht hoch GPT-exponiert
17-3028.00,Calibration Technologists and Technicians,0.2666666666666666,3,15.8,4.7,1.4,45.016251354279525,False,0.7112676056338029,0.2047670639219935,0.4580173347778982,5,0,0.0,Nicht hoch GPT-exponiert
17-3029.01,Non-Destructive Testing Specialists,0.2758620689655172,2,67.3,1.5,5.7,45.937161430119176,False,0.3531960996749729,0.5,0.42659804983748645,5,0,0.0,Nicht hoch GPT-exponiert
17-3029.08,Photonics Technicians,0.2444444444444444,3,67.3,1.5,5.7,42.03683640303358,False,0.3531960996749729,0.5,0.42659804983748645,5,0,0.0,Nicht hoch GPT-exponiert
17-3031.00,Surveying and Mapping Technicians,0.5106382978723404,3,59.4,4.5,7.6,81.14842903575298,True,0.6923076923076923,0.5433369447453954,0.6178223185265439,5,2,0.4,Hoch GPT-exponiert mit guten Wechseloptionen
19-1011.00,Animal Scientists,0.84375,5,2.8,5.8,0.2,99.94582881906825,True,0.7833152762730228,0.02275189599133261,0.4030335861321777,5,3,0.6,Hoch GPT-exponiert mit guten Wechseloptionen
19-1012.00,Food Scientists and Technologists,0.5,4,15.2,6.5,1.2,79.68580715059588,True,0.8293607800650055,0.17876489707475623,0.5040628385698809,5,3,0.6,Hoch GPT-exponiert mit guten Wechseloptionen
19-1013.00,Soil and Plant Scientists,0.6304347826086957,5,20.7,5.4,1.7,94.2578548212351,True,0.7589382448537378,0.23672806067172264,0.4978331527627302,5,1,0.2,Hoch GPT-exponiert mit begrenzten Wechseloptionen
19-1021.00,Biochemists and Biophysicists,0.4431818181818182,5,35.6,5.8,2.9,70.85590465872156,False,0.7833152762730228,0.34994582881906827,0.5666305525460456,5,0,0.0,Nicht hoch GPT-exponiert
19-1022.00,Microbiologists,0.3125,4,20.7,4.1,1.7,51.02925243770314,False,0.6392199349945829,0.23672806067172264,0.4379739978331527,5,1,0.2,Nicht hoch GPT-exponiert
19-1023.00,Zoologists and Wildlife Biologists,0.5238095238095237,4,18.2,1.6,1.4,83.53196099674973,True,0.3607800650054171,0.2047670639219935,0.2827735644637053,5,0,0.0,Hoch GPT-exponiert mit begrenzten Wechseloptionen
19-1029.01,Bioinformatics Scientists,0.5454545454545454,5,63.7,1.2,4.8,86.5655471289274,True,0.33098591549295775,0.45449620801733476,0.3927410617551462,5,0,0.0,Hoch GPT-exponiert mit begrenzten Wechseloptionen
19-1029.02,Molecular and Cellular Biologists,0.4390243902439024,5,63.7,1.2,4.8,70.47670639219935,False,0.33098591549295775,0.45449620801733476,0.3927410617551462,5,0,0.0,Nicht hoch GPT-exponiert
19-1029.03,Geneticists,0.4767441860465116,5,63.7,1.2,4.8,75.94799566630553,False,0.33098591549295775,0.45449620801733476,0.3927410617551462,5,0,0.0,Nicht hoch GPT-exponiert
19-1029.04,Biologists,0.3823529411764705,5,63.7,1.2,4.8,62.13434452871073,False,0.33098591549295775,0.45449620801733476,0.3927410617551462,5,1,0.2,Nicht hoch GPT-exponiert
19-1031.00,Conservation Scientists,0.5508474576271186,4,28.5,3.4,2.5,86.78223185265439,True,0.5579631635969664,0.3120260021668472,0.43499458288190684,5,0,0.0,Hoch GPT-exponiert mit begrenzten Wechseloptionen
19-1031.02,Range Managers,0.4032258064516129,4,28.5,3.4,2.5,65.22210184182016,False,0.5579631635969664,0.3120260021668472,0.43499458288190684,5,0,0.0,Nicht hoch GPT-exponiert
19-1031.03,Park Naturalists,0.4848484848484848,4,28.5,3.4,2.5,77.24810400866738,False,0.5579631635969664,0.3120260021668472,0.43499458288190684,5,2,0.4,Nicht hoch GPT-exponiert
19-1032.00,Foresters,0.3676470588235294,4,13.8,1.2,1.1,59.154929577464785,False,0.33098591549295775,0.1635969664138678,0.24729144095341277,5,0,0.0,Nicht hoch GPT-exponiert
19-1041.00,Epidemiologists,0.5576923076923077,5,12.3,16.2,0.8,87.32394366197182,True,0.9696641386782232,0.11755146262188516,0.5436078006500542,5,2,0.4,Hoch GPT-exponiert mit guten Wechseloptionen
19-1042.00,"Medical Scientists, Except Epidemiologists",0.5681818181818182,5,165.3,8.7,9.6,88.29902491874323,True,0.8965330444203684,0.6056338028169014,0.7510834236186349,5,2,0.4,Hoch GPT-exponiert mit guten Wechseloptionen
19-2011.00,Astronomers,0.421875,5,1.8,2.2,0.1,67.82231852654388,False,0.43066088840736727,0.011375947995666305,0.2210184182015168,5,0,0.0,Nicht hoch GPT-exponiert
19-2012.00,Physicists,0.6363636363636364,5,24.6,4.0,1.7,94.8537378114843,True,0.628385698808234,0.23672806067172264,0.43255687973997836,5,1,0.2,Hoch GPT-exponiert mit begrenzten Wechseloptionen
19-2021.00,Atmospheric and Space Scientists,0.6086956521739131,4,9.4,0.7,0.7,92.84940411700975,True,0.30119176598049835,0.10184182015167931,0.20151679306608883,5,0,0.0,Hoch GPT-exponiert mit begrenzten Wechseloptionen
19-2031.00,Chemists,0.4,4,86.8,4.9,6.3,64.68039003250271,False,0.723726977248104,0.5124593716143012,0.6180931744312026,5,1,0.2,Nicht hoch GPT-exponiert
19-2032.00,Materials Scientists,0.5172413793103449,4,8.7,4.9,0.6,82.06933911159263,True,0.723726977248104,0.08559046587215602,0.40465872156013,5,0,0.0,Hoch GPT-exponiert mit begrenzten Wechseloptionen
19-2041.00,"Environmental Scientists and Specialists, Including Health",0.7258064516129032,4,90.3,4.4,8.5,98.59154929577466,True,0.676056338028169,0.570964247020585,0.623510292524377,5,2,0.4,Hoch GPT-exponiert mit guten Wechseloptionen
19-2041.01,Climate Change Policy Analysts,0.75,5,90.3,4.4,8.5,99.1332611050921,True,0.676056338028169,0.570964247020585,0.623510292524377,5,1,0.2,Hoch GPT-exponiert mit begrenzten Wechseloptionen
19-2041.02,Environmental Restoration Planners,0.6521739130434783,5,90.3,4.4,8.5,95.93716143011918,True,0.676056338028169,0.570964247020585,0.623510292524377,5,1,0.2,Hoch GPT-exponiert mit begrenzten Wechseloptionen
19-2041.03,Industrial Ecologists,0.7132352941176471,5,90.3,4.4,8.5,98.48320693391116,True,0.676056338028169,0.570964247020585,0.623510292524377,5,1,0.2,Hoch GPT-exponiert mit begrenzten Wechseloptionen
19-2042.00,"Geoscientists, Except Hydrologists and Geographers",0.4777777777777778,5,25.1,3.2,2.0,76.38136511375949,False,0.5330444203683641,0.2638136511375948,0.39842903575297944,5,0,0.0,Nicht hoch GPT-exponiert
19-2043.00,Hydrologists,0.53125,5,6.3,-0.1,0.5,84.77789815817984,True,0.2611050920910076,0.06988082340195016,0.16549295774647887,5,1,0.2,Hoch GPT-exponiert mit begrenzten Wechseloptionen
19-2099.01,Remote Sensing Scientists and Technologists,0.4456521739130434,4,31.9,0.6,2.0,71.397616468039,False,0.29360780065005415,0.2638136511375948,0.2787107258938245,5,0,0.0,Nicht hoch GPT-exponiert
19-3011.00,Economists,0.4583333333333333,5,17.6,1.2,0.9,73.02275189599133,False,0.33098591549295775,0.13488624052004333,0.23293607800650054,5,0,0.0,Nicht hoch GPT-exponiert
19-3011.01,Environmental Economists,0.7763157894736842,5,17.6,1.2,0.9,99.34994582881906,True,0.33098591549295775,0.13488624052004333,0.23293607800650054,5,0,0.0,Hoch GPT-exponiert mit begrenzten Wechseloptionen
19-3022.00,Survey Researchers,0.84375,5,8.8,-5.2,0.7,99.94582881906825,True,0.1180931744312026,0.10184182015167931,0.10996749729144095,5,1,0.2,Hoch GPT-exponiert mit begrenzten Wechseloptionen
19-3032.00,Industrial-Organizational Psychologists,0.5888888888888889,5,5.6,6.3,0.4,90.84507042253522,True,0.8158179848320694,0.05579631635969664,0.435807150595883,5,3,0.6,Hoch GPT-exponiert mit guten Wechseloptionen
19-3033.00,Clinical and Counseling Psychologists,0.5092592592592592,5,76.3,11.2,4.8,81.04008667388949,True,0.9349945828819068,0.45449620801733476,0.6947453954496208,5,4,0.8,Hoch GPT-exponiert mit guten Wechseloptionen
19-3034.00,School Psychologists,0.5810810810810811,5,67.2,0.7,3.8,90.03250270855905,True,0.30119176598049835,0.3916576381365114,0.34642470205850484,5,3,0.6,Hoch GPT-exponiert mit guten Wechseloptionen
19-3039.02,Neuropsychologists,0.2857142857142857,5,55.3,4.3,3.9,47.77898158179848,False,0.6619718309859155,0.4014084507042254,0.5316901408450705,5,0,0.0,Nicht hoch GPT-exponiert
19-3039.03,Clinical Neuropsychologists,0.2777777777777778,5,55.3,4.3,3.9,46.37053087757313,False,0.6619718309859155,0.4014084507042254,0.5316901408450705,5,0,0.0,Nicht hoch GPT-exponiert
19-3041.00,Sociologists,0.6153846153846154,5,3.4,3.6,0.3,93.39111592632719,True,0.5828819068255688,0.03791982665222102,0.31040086673889494,5,0,0.0,Hoch GPT-exponiert mit begrenzten Wechseloptionen
19-3051.00,Urban and Regional Planners,0.5795454545454546,5,44.7,3.4,3.4,89.92416034669556,True,0.5579631635969664,0.3781148429035753,0.4680390032502708,5,3,0.6,Hoch GPT-exponiert mit guten Wechseloptionen
19-3091.00,Anthropologists and Archeologists,0.5172413793103449,5,8.8,3.7,0.8,82.06933911159263,True,0.5964247020585048,0.11755146262188516,0.356988082340195,5,0,0.0,Hoch GPT-exponiert mit begrenzten Wechseloptionen
19-3092.00,Geographers,0.375,4,1.5,-3.1,0.1,61.159263271939324,False,0.16143011917659805,0.011375947995666305,0.08640303358613217,5,0,0.0,Nicht hoch GPT-exponiert
19-3093.00,Historians,0.5,5,3.4,2.2,0.3,79.68580715059588,True,0.43066088840736727,0.03791982665222102,0.23429035752979416,5,0,0.0,Hoch GPT-exponiert mit begrenzten Wechseloptionen
19-3094.00,Political Scientists,0.5416666666666666,5,6.5,-3.1,0.5,86.34886240520044,True,0.16143011917659805,0.06988082340195016,0.11565547128927411,5,0,0.0,Hoch GPT-exponiert mit begrenzten Wechseloptionen
19-3099.01,Transportation Planners,0.6627906976744186,4,40.8,-1.7,3.2,96.20801733477789,True,0.20151679306608883,0.36836403033586135,0.28494041170097506,5,3,0.6,Hoch GPT-exponiert mit guten Wechseloptionen
19-4012.00,Agricultural Technicians,0.1666666666666666,3,18.6,4.3,2.9,33.91115926327194,False,0.6619718309859155,0.34994582881906827,0.5059588299024919,5,0,0.0,Nicht hoch GPT-exponiert
19-4012.01,Precision Agriculture Technicians,0.5,3,18.6,4.3,2.9,79.68580715059588,True,0.6619718309859155,0.34994582881906827,0.5059588299024919,5,1,0.2,Hoch GPT-exponiert mit begrenzten Wechseloptionen
19-4013.00,Food Science Technicians,0.2857142857142857,3,20.4,4.8,3.2,47.77898158179848,False,0.7150595882990249,0.36836403033586135,0.5417118093174431,5,1,0.2,Nicht hoch GPT-exponiert
19-4021.00,Biological Technicians,0.2666666666666666,4,82.7,3.5,9.1,45.016251354279525,False,0.570964247020585,0.5872156013001083,0.5790899241603467,5,2,0.4,Nicht hoch GPT-exponiert
19-4031.00,Chemical Technicians,0.3928571428571428,3,57.0,3.7,6.7,63.38028169014085,False,0.5964247020585048,0.5254604550379198,0.5609425785482123,5,0,0.0,Nicht hoch GPT-exponiert
19-4042.00,"Environmental Science and Protection Technicians, Including Health",0.4222222222222222,4,40.4,4.0,5.6,68.03900325027085,False,0.628385698808234,0.49512459371614304,0.5617551462621886,5,0,0.0,Nicht hoch GPT-exponiert
19-4043.00,"Geological Technicians, Except Hydrologic Technicians",0.3048780487804878,4,9.8,1.5,1.3,49.729144095341276,False,0.3531960996749729,0.19393282773564463,0.27356446370530874,5,0,0.0,Nicht hoch GPT-exponiert
19-4044.00,Hydrologic Technicians,0.53125,3,3.1,-2.1,0.4,84.77789815817984,True,0.18743228602383533,0.05579631635969664,0.12161430119176599,5,1,0.2,Hoch GPT-exponiert mit begrenzten Wechseloptionen
19-4051.00,Nuclear Technicians,0.25,3,6.0,-7.7,0.7,43.12026002166847,False,0.08017334777898158,0.10184182015167931,0.09100758396533044,5,0,0.0,Nicht hoch GPT-exponiert
19-4051.02,Nuclear Monitoring Technicians,0.3181818181818182,3,6.0,-7.7,0.7,52.00433369447454,False,0.08017334777898158,0.10184182015167931,0.09100758396533044,5,0,0.0,Nicht hoch GPT-exponiert
19-4061.00,Social Science Research Assistants,0.6212121212121212,4,40.6,4.4,5.2,93.82448537378116,True,0.676056338028169,0.47183098591549294,0.573943661971831,5,1,0.2,Hoch GPT-exponiert mit begrenzten Wechseloptionen
19-4071.00,Forest and Conservation Technicians,0.3269230769230769,3,33.8,-3.2,3.9,52.87107258938245,False,0.15872156013001085,0.4014084507042254,0.2800650054171181,5,0,0.0,Nicht hoch GPT-exponiert
19-4092.00,Forensic Science Technicians,0.1935483870967742,3,20.7,12.8,2.9,36.83640303358614,False,0.9507042253521126,0.34994582881906827,0.6503250270855905,5,1,0.2,Nicht hoch GPT-exponiert
19-4099.01,Quality Control Analysts,0.4787234042553191,3,83.2,3.5,10.6,76.59804983748646,False,0.570964247020585,0.6240520043336945,0.5975081256771397,5,1,0.2,Nicht hoch GPT-exponiert
19-4099.03,Remote Sensing Technicians,0.4677419354838709,4,83.2,3.5,10.6,74.37703141928495,False,0.570964247020585,0.6240520043336945,0.5975081256771397,5,0,0.0,Nicht hoch GPT-exponiert
19-5011.00,Occupational Health and Safety Specialists,0.3571428571428571,4,131.9,12.5,14.9,57.52979414951246,False,0.9474539544962081,0.7063921993499458,0.8269230769230769,5,0,0.0,Nicht hoch GPT-exponiert
19-5012.00,Occupational Health and Safety Technicians,0.4166666666666666,3,31.9,8.5,3.4,67.28060671722643,False,0.886240520043337,0.3781148429035753,0.6321776814734561,5,0,0.0,Nicht hoch GPT-exponiert
21-1011.00,Substance Abuse and Behavioral Disorder Counselors,0.2888888888888889,5,483.5,16.8,48.3,48.15817984832069,False,0.9750812567713976,0.8770314192849404,0.926056338028169,5,0,0.0,Nicht hoch GPT-exponiert
21-1012.00,"Educational, Guidance, and Career Counselors and Advisors",0.3245614035087719,5,376.3,3.5,31.0,52.65438786565547,False,0.570964247020585,0.8201516793066089,0.695557963163597,5,0,0.0,Nicht hoch GPT-exponiert
21-1013.00,Marriage and Family Therapists,0.2777777777777778,5,77.8,12.6,7.7,46.37053087757313,False,0.9490790899241603,0.5455037919826652,0.7472914409534128,5,0,0.0,Nicht hoch GPT-exponiert
21-1014.00,Mental Health Counselors,0.2647058823529412,5,483.5,16.8,48.3,44.7453954496208,False,0.9750812567713976,0.8770314192849404,0.926056338028169,5,0,0.0,Nicht hoch GPT-exponiert
21-1015.00,Rehabilitation Counselors,0.4677419354838709,4,91.9,1.4,10.0,74.37703141928495,False,0.3466955579631636,0.613759479956663,0.48022751895991334,5,3,0.6,Nicht hoch GPT-exponiert
21-1021.00,"Child, Family, and School Social Workers",0.3,4,399.9,3.4,35.1,49.24160346695558,False,0.5579631635969664,0.847237269772481,0.7026002166847237,5,0,0.0,Nicht hoch GPT-exponiert
21-1022.00,Healthcare Social Workers,0.421875,5,193.2,7.7,18.4,67.82231852654388,False,0.8613217768147345,0.7388949079089924,0.8001083423618635,5,4,0.8,Nicht hoch GPT-exponiert
21-1023.00,Mental Health and Substance Abuse Social Workers,0.3541666666666666,5,136.8,9.7,13.5,56.82556879739978,False,0.9176598049837487,0.6738894907908992,0.795774647887324,5,2,0.4,Nicht hoch GPT-exponiert
21-1091.00,Health Education Specialists,0.5,4,71.8,4.5,7.9,79.68580715059588,True,0.6923076923076923,0.5563380281690141,0.6243228602383533,5,3,0.6,Hoch GPT-exponiert mit guten Wechseloptionen
21-1092.00,Probation Officers and Correctional Treatment Specialists,0.4473684210526315,4,92.3,2.6,7.9,71.66847237269772,False,0.4745395449620802,0.5563380281690141,0.5154387865655472,5,2,0.4,Nicht hoch GPT-exponiert
21-1093.00,Social and Human Service Assistants,0.375,4,449.6,6.4,50.6,61.159263271939324,False,0.8223185265438786,0.8819068255687974,0.852112676056338,5,3,0.6,Nicht hoch GPT-exponiert
21-1094.00,Community Health Workers,0.3472222222222222,4,65.1,11.3,7.8,55.90465872156013,False,0.9360780065005417,0.5509209100758397,0.7434994582881906,5,0,0.0,Nicht hoch GPT-exponiert
21-2011.00,Clergy,0.238095238095238,5,262.0,1.0,23.0,41.65763813651138,False,0.3120260021668472,0.7746478873239436,0.5433369447453954,5,0,0.0,Nicht hoch GPT-exponiert
21-2021.00,"Directors, Religious Activities and Education",0.4545454545454546,4,138.9,2.1,13.8,72.69772481040087,False,0.41765980498374866,0.6814734561213435,0.5495666305525461,5,4,0.8,Nicht hoch GPT-exponiert
23-1011.00,Lawyers,0.475,5,864.8,4.1,31.5,75.51462621885156,False,0.6392199349945829,0.8320693391115926,0.7356446370530878,5,0,0.0,Nicht hoch GPT-exponiert
23-1012.00,Judicial Law Clerks,0.4482758620689655,5,14.5,2.5,1.0,71.83098591549296,False,0.46208017334777896,0.1495124593716143,0.3057963163596966,5,0,0.0,Nicht hoch GPT-exponiert
23-1021.00,"Administrative Law Judges, Adjudicators, and Hearing Officers",0.3461538461538461,5,17.5,-0.7,0.5,55.52546045503792,False,0.23835319609967498,0.06988082340195016,0.15411700975081258,5,0,0.0,Nicht hoch GPT-exponiert
23-1022.00,"Arbitrators, Mediators, and Conciliators",0.3709677419354839,5,9.1,4.3,0.3,60.0216684723727,False,0.6619718309859155,0.03791982665222102,0.34994582881906827,5,0,0.0,Nicht hoch GPT-exponiert
23-1023.00,"Judges, Magistrate Judges, and Magistrates",0.25,5,27.3,2.5,0.9,43.12026002166847,False,0.46208017334777896,0.13488624052004333,0.29848320693391117,5,0,0.0,Nicht hoch GPT-exponiert
23-2011.00,Paralegals and Legal Assistants,0.45,3,376.2,0.2,39.3,72.10184182015168,False,0.2768147345612134,0.8537378114842904,0.5652762730227519,5,0,0.0,Nicht hoch GPT-exponiert
23-2093.00,"Title Examiners, Abstractors, and Searchers",0.5535714285714285,2,57.4,2.0,5.4,86.99891657638136,True,0.40303358613217766,0.4799566630552546,0.4414951245937161,5,1,0.2,Hoch GPT-exponiert mit begrenzten Wechseloptionen
25-1011.00,"Business Teachers, Postsecondary",0.4204545454545454,5,103.1,5.7,8.1,67.6056338028169,False,0.7751895991332611,0.5601300108342362,0.6676598049837487,5,0,0.0,Nicht hoch GPT-exponiert
25-1021.00,"Computer Science Teachers, Postsecondary",0.369047619047619,5,44.8,5.3,3.5,59.69664138678223,False,0.7535211267605634,0.38136511375947996,0.5674431202600216,5,0,0.0,Nicht hoch GPT-exponiert
25-1022.00,"Mathematical Science Teachers, Postsecondary",0.4324324324324324,5,58.9,2.3,4.4,69.77248104008667,False,0.4409534127843987,0.43824485373781147,0.4395991332611051,5,1,0.2,Nicht hoch GPT-exponiert
25-1031.00,"Architecture Teachers, Postsecondary",0.426829268292683,5,11.6,2.0,0.9,69.01408450704226,False,0.40303358613217766,0.13488624052004333,0.26895991332611047,5,0,0.0,Nicht hoch GPT-exponiert
25-1032.00,"Engineering Teachers, Postsecondary",0.4166666666666666,5,50.3,8.1,4.1,67.28060671722643,False,0.8672806067172264,0.4219934994582882,0.6446370530877573,5,0,0.0,Nicht hoch GPT-exponiert
25-1041.00,"Agricultural Sciences Teachers, Postsecondary",0.5888888888888889,5,10.7,4.1,0.8,90.84507042253522,True,0.6392199349945829,0.11755146262188516,0.37838569880823403,5,1,0.2,Hoch GPT-exponiert mit begrenzten Wechseloptionen
25-1042.00,"Biological Science Teachers, Postsecondary",0.3979591836734693,5,66.0,7.3,5.4,64.13867822318527,False,0.8553629469122427,0.4799566630552546,0.6676598049837487,5,0,0.0,Nicht hoch GPT-exponiert
25-1043.00,"Forestry and Conservation Science Teachers, Postsecondary",0.4239130434782608,5,1.6,4.0,0.1,68.20151679306609,False,0.628385698808234,0.011375947995666305,0.3198808234019502,5,0,0.0,Nicht hoch GPT-exponiert
25-1051.00,"Atmospheric, Earth, Marine, and Space Sciences Teachers, Postsecondary",0.4,5,14.0,2.6,1.0,64.68039003250271,False,0.4745395449620802,0.1495124593716143,0.3120260021668472,5,0,0.0,Nicht hoch GPT-exponiert
25-1052.00,"Chemistry Teachers, Postsecondary",0.4019607843137255,5,25.4,2.2,1.9,65.11375947995667,False,0.43066088840736727,0.2535211267605634,0.3420910075839653,5,0,0.0,Nicht hoch GPT-exponiert
25-1053.00,"Environmental Science Teachers, Postsecondary",0.4239130434782608,5,9.0,2.9,0.7,68.20151679306609,False,0.4891657638136511,0.10184182015167931,0.2955037919826652,5,0,0.0,Nicht hoch GPT-exponiert
25-1054.00,"Physics Teachers, Postsecondary",0.3720930232558139,5,17.1,2.5,1.3,60.5092091007584,False,0.46208017334777896,0.19393282773564463,0.32800650054171177,5,0,0.0,Nicht hoch GPT-exponiert
25-1061.00,"Anthropology and Archeology Teachers, Postsecondary",0.4081632653061224,5,6.5,2.7,0.5,66.35969664138678,False,0.4810400866738895,0.06988082340195016,0.2754604550379198,5,0,0.0,Nicht hoch GPT-exponiert
25-1062.00,"Area, Ethnic, and Cultural Studies Teachers, Postsecondary",0.4444444444444445,5,14.5,2.4,1.1,71.23510292524377,False,0.45016251354279524,0.1635969664138678,0.3068797399783315,5,0,0.0,Nicht hoch GPT-exponiert
25-1063.00,"Economics Teachers, Postsecondary",0.4390243902439024,5,15.8,2.1,1.2,70.47670639219935,False,0.41765980498374866,0.17876489707475623,0.2982123510292525,5,0,0.0,Nicht hoch GPT-exponiert
25-1064.00,"Geography Teachers, Postsecondary",0.4659090909090909,5,4.0,3.3,0.3,74.10617551462622,False,0.5444203683640303,0.03791982665222102,0.29117009750812567,5,0,0.0,Nicht hoch GPT-exponiert
25-1065.00,"Political Science Teachers, Postsecondary",0.4146341463414634,5,21.8,2.0,1.6,67.06392199349945,False,0.40303358613217766,0.2258938244853738,0.3144637053087757,5,0,0.0,Nicht hoch GPT-exponiert
25-1066.00,"Psychology Teachers, Postsecondary",0.39,5,52.5,3.6,4.0,63.16359696641387,False,0.5828819068255688,0.4122426868905742,0.4975622968580715,5,0,0.0,Nicht hoch GPT-exponiert
25-1067.00,"Sociology Teachers, Postsecondary",0.3977272727272727,5,15.4,2.1,1.1,64.03033586132177,False,0.41765980498374866,0.1635969664138678,0.2906283856988082,5,0,0.0,Nicht hoch GPT-exponiert
25-1071.00,"Health Specialties Teachers, Postsecondary",0.3875,5,289.6,17.3,27.4,62.730227518959914,False,0.9794149512459371,0.8071505958829902,0.8932827735644637,5,0,0.0,Nicht hoch GPT-exponiert
25-1072.00,"Nursing Instructors and Teachers, Postsecondary",0.3725490196078431,5,91.6,16.8,8.6,60.67172264355363,False,0.9750812567713976,0.5763813651137595,0.7757313109425785,5,0,0.0,Nicht hoch GPT-exponiert
25-1081.00,"Education Teachers, Postsecondary",0.4404761904761904,5,74.9,2.1,5.6,70.74756229685806,False,0.41765980498374866,0.49512459371614304,0.45639219934994585,5,1,0.2,Nicht hoch GPT-exponiert
25-1082.00,"Library Science Teachers, Postsecondary",0.425531914893617,5,5.1,3.0,0.4,68.36403033586133,False,0.5032502708559047,0.05579631635969664,0.27952329360780065,5,0,0.0,Nicht hoch GPT-exponiert
25-1111.00,"Criminal Justice and Law Enforcement Teachers, Postsecondary",0.4375,5,16.2,2.0,1.2,70.26002166847238,False,0.40303358613217766,0.17876489707475623,0.2908992416034669,5,0,0.0,Nicht hoch GPT-exponiert
25-1112.00,"Law Teachers, Postsecondary",0.5875,5,29.5,2.2,2.2,90.5742145178765,True,0.43066088840736727,0.2833152762730228,0.356988082340195,5,1,0.2,Hoch GPT-exponiert mit begrenzten Wechseloptionen
25-1113.00,"Social Work Teachers, Postsecondary",0.5113636363636364,5,17.1,2.3,1.3,81.36511375947995,True,0.4409534127843987,0.19393282773564463,0.31744312026002164,5,0,0.0,Hoch GPT-exponiert mit begrenzten Wechseloptionen
25-1121.00,"Art, Drama, and Music Teachers, Postsecondary",0.59375,5,122.8,1.7,9.0,91.65763813651138,True,0.37378114842903576,0.5845070422535211,0.47914409534127844,5,2,0.4,Hoch GPT-exponiert mit guten Wechseloptionen
25-1122.00,"Communications Teachers, Postsecondary",0.5750000000000001,5,35.8,2.1,2.7,89.1115926327194,True,0.41765980498374866,0.33098591549295775,0.3743228602383532,5,0,0.0,Hoch GPT-exponiert mit begrenzten Wechseloptionen
25-1123.00,"English Language and Literature Teachers, Postsecondary",0.5714285714285714,5,72.2,0.0,5.1,88.67822318526544,True,0.2681473456121343,0.46803900325027087,0.3680931744312026,5,0,0.0,Hoch GPT-exponiert mit begrenzten Wechseloptionen
25-1124.00,"Foreign Language and Literature Teachers, Postsecondary",0.5666666666666667,5,26.4,-0.2,1.9,87.97399783315277,True,0.2573131094257855,0.2535211267605634,0.25541711809317447,5,1,0.2,Hoch GPT-exponiert mit begrenzten Wechseloptionen
25-1125.00,"History Teachers, Postsecondary",0.5888888888888889,5,24.6,-0.2,1.7,90.84507042253522,True,0.2573131094257855,0.23672806067172264,0.24702058504875407,5,0,0.0,Hoch GPT-exponiert mit begrenzten Wechseloptionen
25-1126.00,"Philosophy and Religion Teachers, Postsecondary",0.5909090909090909,5,27.3,0.7,2.0,91.27843986998917,True,0.30119176598049835,0.2638136511375948,0.2825027085590466,5,0,0.0,Hoch GPT-exponiert mit begrenzten Wechseloptionen
25-1192.00,"Family and Consumer Sciences Teachers, Postsecondary",0.65,5,3.2,3.4,0.2,95.55796316359697,True,0.5579631635969664,0.02275189599133261,0.2903575297941495,5,0,0.0,Hoch GPT-exponiert mit begrenzten Wechseloptionen
25-1193.00,"Recreation and Fitness Studies Teachers, Postsecondary",0.6162790697674418,5,15.4,2.4,1.1,93.60780065005417,True,0.45016251354279524,0.1635969664138678,0.3068797399783315,5,1,0.2,Hoch GPT-exponiert mit begrenzten Wechseloptionen
25-1194.00,"Career/Technical Education Teachers, Postsecondary",0.4487179487179487,3,122.2,0.7,8.8,71.93932827735645,False,0.30119176598049835,0.5796316359696642,0.44041170097508126,5,0,0.0,Nicht hoch GPT-exponiert
25-2011.00,"Preschool Teachers, Except Special Education",0.3106060606060606,3,555.1,4.1,65.5,50.70422535211267,False,0.6392199349945829,0.9035752979414952,0.771397616468039,5,0,0.0,Nicht hoch GPT-exponiert
25-2012.00,"Kindergarten Teachers, Except Special Education",0.2945205479452054,4,117.2,-1.6,12.8,48.862405200433365,False,0.20693391115926327,0.6511375947995667,0.429035752979415,5,0,0.0,Nicht hoch GPT-exponiert
25-2021.00,"Elementary School Teachers, Except Special Education",0.3108108108108108,4,1422.7,-2.0,91.0,50.812567713976165,False,0.18959913326110509,0.9349945828819068,0.562296858071506,5,0,0.0,Nicht hoch GPT-exponiert
25-2022.00,"Middle School Teachers, Except Special and Career/Technical Education",0.3405797101449275,4,633.7,-2.0,40.5,54.71289274106176,False,0.18959913326110509,0.856988082340195,0.52329360780065,5,0,0.0,Nicht hoch GPT-exponiert
25-2023.00,"Career/Technical Education Teachers, Middle School",0.3387096774193548,4,14.0,-2.0,0.9,54.2795232936078,False,0.18959913326110509,0.13488624052004333,0.1622426868905742,5,0,0.0,Nicht hoch GPT-exponiert
25-2031.00,"Secondary School Teachers, Except Special and Career/Technical Education",0.3412698412698413,4,1094.5,-1.6,66.2,54.82123510292525,False,0.20693391115926327,0.90465872156013,0.5557963163596966,5,0,0.0,Nicht hoch GPT-exponiert
25-2032.00,"Career/Technical Education Teachers, Secondary School",0.3333333333333333,4,103.4,-1.8,6.2,53.62946912242686,False,0.19609967497291442,0.5075839653304443,0.3518418201516793,5,0,0.0,Nicht hoch GPT-exponiert
25-2051.00,"Special Education Teachers, Preschool",0.3071428571428571,5,29.3,1.4,2.1,50.27085590465872,False,0.3466955579631636,0.27410617551462624,0.3104008667388949,5,0,0.0,Nicht hoch GPT-exponiert
25-2055.00,"Special Education Teachers, Kindergarten",0.35,4,230.2,-1.8,15.4,56.229685807150595,False,0.19609967497291442,0.7112676056338029,0.4536836403033586,5,0,0.0,Nicht hoch GPT-exponiert
25-2056.00,"Special Education Teachers, Elementary School",0.35,4,230.2,-1.8,15.4,56.229685807150595,False,0.19609967497291442,0.7112676056338029,0.4536836403033586,5,0,0.0,Nicht hoch GPT-exponiert
25-2057.00,"Special Education Teachers, Middle School",0.3051948051948052,4,94.8,-1.9,6.3,49.83748645720477,False,0.19176598049837487,0.5124593716143012,0.35211267605633806,5,0,0.0,Nicht hoch GPT-exponiert
25-2058.00,"Special Education Teachers, Secondary School",0.2948717948717949,4,164.2,-1.6,11.1,48.97074756229686,False,0.20693391115926327,0.6316359696641387,0.419284940411701,5,0,0.0,Nicht hoch GPT-exponiert
25-2059.01,Adapted Physical Education Specialists,0.25,5,41.0,1.1,2.9,43.12026002166847,False,0.319068255687974,0.34994582881906827,0.3345070422535211,5,0,0.0,Nicht hoch GPT-exponiert
25-3011.00,"Adult Basic Education, Adult Secondary Education, and English as a Second Language Instructors",0.4264705882352941,4,40.9,-13.7,3.9,68.63488624052005,False,0.0314192849404117,0.4014084507042254,0.21641386782231853,5,3,0.6,Nicht hoch GPT-exponiert
25-3021.00,Self-Enrichment Teachers,0.38,3,417.5,3.7,51.4,61.64680390032503,False,0.5964247020585048,0.8840736728060672,0.7402491874322861,5,1,0.2,Nicht hoch GPT-exponiert
25-3031.00,"Substitute Teachers, Short-Term",0.0833333333333333,4,510.1,1.6,61.1,21.180931744312026,False,0.3607800650054171,0.8970747562296858,0.6289274106175514,5,0,0.0,Nicht hoch GPT-exponiert
25-3041.00,Tutors,0.3714285714285714,3,215.5,0.6,37.1,60.238353196099666,False,0.29360780065005415,0.8504875406283857,0.5720476706392199,5,0,0.0,Nicht hoch GPT-exponiert
25-4011.00,Archivists,0.5,5,9.3,3.8,1.1,79.68580715059588,True,0.6115926327193932,0.1635969664138678,0.3875947995666305,5,0,0.0,Hoch GPT-exponiert mit begrenzten Wechseloptionen
25-4012.00,Curators,0.5185185185185185,5,15.1,7.0,1.8,82.34019501625134,True,0.8450704225352113,0.24647887323943662,0.545774647887324,5,1,0.2,Hoch GPT-exponiert mit begrenzten Wechseloptionen
25-4013.00,Museum Technicians and Conservators,0.2368421052631578,4,15.7,5.4,1.9,41.49512459371614,False,0.7589382448537378,0.2535211267605634,0.5062296858071507,5,0,0.0,Nicht hoch GPT-exponiert
25-4022.00,Librarians and Media Collections Specialists,0.5,5,142.1,1.7,13.5,79.68580715059588,True,0.37378114842903576,0.6738894907908992,0.5238353196099674,5,0,0.0,Hoch GPT-exponiert mit begrenzten Wechseloptionen
25-4031.00,Library Technicians,0.5288461538461539,3,78.6,-6.8,13.0,84.29035752979415,True,0.08613217768147345,0.6587215601300108,0.3724268689057421,5,0,0.0,Hoch GPT-exponiert mit begrenzten Wechseloptionen
25-9021.00,Farm and Home Management Educators,0.537037037037037,5,12.4,-2.5,1.1,85.64463705308776,True,0.1771397616468039,0.1635969664138678,0.17036836403033584,5,0,0.0,Hoch GPT-exponiert mit begrenzten Wechseloptionen
25-9031.00,Instructional Coordinators,0.525,5,232.6,1.3,21.9,83.64030335861322,True,0.3418201516793066,0.7627302275189599,0.5522751895991332,5,1,0.2,Hoch GPT-exponiert mit begrenzten Wechseloptionen
25-9042.00,"Teaching Assistants, Preschool, Elementary, Middle, and Secondary School, Except Special Education",0.2833333333333333,3,1422.8,-1.5,170.4,47.562296858071505,False,0.2134344528710726,0.9723726977248104,0.5929035752979415,5,0,0.0,Nicht hoch GPT-exponiert
25-9043.00,"Teaching Assistants, Special Education",0.25,3,1422.8,-1.5,170.4,43.12026002166847,False,0.2134344528710726,0.9723726977248104,0.5929035752979415,5,0,0.0,Nicht hoch GPT-exponiert
25-9044.00,"Teaching Assistants, Postsecondary",0.3636363636363636,5,193.6,3.1,24.6,58.45070422535211,False,0.5216684723726978,0.789815817984832,0.6557421451787648,5,0,0.0,Nicht hoch GPT-exponiert
27-1011.00,Art Directors,0.4310344827586206,4,135.0,4.2,12.3,69.50162513542794,False,0.6505958829902492,0.6419284940411701,0.6462621885157096,5,0,0.0,Nicht hoch GPT-exponiert
27-1012.00,Craft Artists,0.2241379310344827,3,11.6,2.1,1.0,39.11159263271939,False,0.41765980498374866,0.1495124593716143,0.28358613217768147,5,0,0.0,Nicht hoch GPT-exponiert
27-1013.00,"Fine Artists, Including Painters, Sculptors, and Illustrators",0.3125,3,26.5,-1.2,2.2,51.02925243770314,False,0.2210184182015168,0.2833152762730228,0.2521668472372698,5,0,0.0,Nicht hoch GPT-exponiert
27-1014.00,Special Effects Artists and Animators,0.475,4,57.1,1.6,5.0,75.51462621885156,False,0.3607800650054171,0.46316359696641385,0.4119718309859155,5,0,0.0,Nicht hoch GPT-exponiert
27-1021.00,Commercial and Industrial Designers,0.4137931034482758,4,30.6,3.2,2.5,66.95557963163597,False,0.5330444203683641,0.3120260021668472,0.4225352112676056,5,0,0.0,Nicht hoch GPT-exponiert
27-1022.00,Fashion Designers,0.375,3,25.7,2.0,2.3,61.159263271939324,False,0.40303358613217766,0.29198266522210187,0.34750812567713973,5,0,0.0,Nicht hoch GPT-exponiert
27-1023.00,Floral Designers,0.2666666666666666,2,43.8,-5.9,5.1,45.016251354279525,False,0.10400866738894908,0.46803900325027087,0.28602383531960995,5,0,0.0,Nicht hoch GPT-exponiert
27-1024.00,Graphic Designers,0.4107142857142857,4,265.9,2.1,20.0,66.57638136511376,False,0.41765980498374866,0.7518959913326111,0.5847778981581799,5,0,0.0,Nicht hoch GPT-exponiert
27-1025.00,Interior Designers,0.3620689655172414,4,87.1,3.2,7.8,58.234019501625134,False,0.5330444203683641,0.5509209100758397,0.5419826652221018,5,1,0.2,Nicht hoch GPT-exponiert
27-1026.00,Merchandise Displayers and Window Trimmers,0.2682926829268293,3,193.0,3.2,20.8,45.28710725893825,False,0.5330444203683641,0.757854821235103,0.6454496208017335,5,0,0.0,Nicht hoch GPT-exponiert
27-1027.00,Set and Exhibit Designers,0.358695652173913,5,31.3,2.3,2.5,57.854821235102925,False,0.4409534127843987,0.3120260021668472,0.37648970747562294,5,0,0.0,Nicht hoch GPT-exponiert
27-2011.00,Actors,0.15625,2,57.0,0.3,6.3,32.50270855904659,False,0.2822318526543879,0.5124593716143012,0.39734561213434455,5,0,0.0,Nicht hoch GPT-exponiert
27-2012.00,Producers and Directors,0.4787234042553191,4,167.0,4.9,12.8,76.59804983748646,False,0.723726977248104,0.6511375947995667,0.6874322860238353,5,2,0.4,Nicht hoch GPT-exponiert
27-2012.03,Media Programming Directors,0.6153846153846154,4,167.0,4.9,12.8,93.39111592632719,True,0.723726977248104,0.6511375947995667,0.6874322860238353,5,3,0.6,Hoch GPT-exponiert mit guten Wechseloptionen
27-2012.04,Talent Directors,0.3461538461538461,4,167.0,4.9,12.8,55.52546045503792,False,0.723726977248104,0.6511375947995667,0.6874322860238353,5,0,0.0,Nicht hoch GPT-exponiert
27-2012.05,Media Technical Directors/Managers,0.3076923076923077,4,167.0,4.9,12.8,50.433369447453956,False,0.723726977248104,0.6511375947995667,0.6874322860238353,5,0,0.0,Nicht hoch GPT-exponiert
27-2021.00,Athletes and Sports Competitors,0.0,2,19.1,5.5,2.1,3.1960996749729147,False,0.7643553629469122,0.27410617551462624,0.5192307692307692,5,0,0.0,Nicht hoch GPT-exponiert
27-2022.00,Coaches and Scouts,0.1444444444444444,4,306.5,6.4,41.8,30.87757313109426,False,0.8223185265438786,0.8591549295774648,0.8407367280606717,5,1,0.2,Nicht hoch GPT-exponiert
27-2023.00,"Umpires, Referees, and Other Sports Officials",0.1666666666666666,2,19.3,5.7,4.6,33.91115926327194,False,0.7751895991332611,0.4431202600216685,0.6091549295774648,5,1,0.2,Nicht hoch GPT-exponiert
27-2031.00,Dancers,0.0416666666666666,3,12.3,4.5,1.8,12.459371614301192,False,0.6923076923076923,0.24647887323943662,0.46939328277356446,5,0,0.0,Nicht hoch GPT-exponiert
27-2032.00,Choreographers,0.1714285714285714,3,4.6,6.1,0.7,34.61538461538461,False,0.8022751895991332,0.10184182015167931,0.4520585048754063,5,0,0.0,Nicht hoch GPT-exponiert
27-2041.00,Music Directors and Composers,0.2807017543859649,4,47.3,-0.3,4.3,46.96641386782232,False,0.25460455037919827,0.43391115926327195,0.3442578548212351,5,1,0.2,Nicht hoch GPT-exponiert
27-2042.00,Musicians and Singers,0.1326530612244897,4,169.8,1.1,19.4,28.76489707475623,False,0.319068255687974,0.7475622968580715,0.5333152762730228,5,0,0.0,Nicht hoch GPT-exponiert
27-2091.00,"Disc Jockeys, Except Radio",0.3684210526315789,2,15.4,3.8,1.5,59.479956663055255,False,0.6115926327193932,0.21451787648970747,0.41305525460455034,5,1,0.2,Nicht hoch GPT-exponiert
27-3011.00,Broadcast Announcers and Radio Disc Jockeys,0.5375,4,24.1,-5.5,2.3,85.80715059588299,True,0.11213434452871072,0.29198266522210187,0.2020585048754063,5,2,0.4,Hoch GPT-exponiert mit guten Wechseloptionen
27-3023.00,"News Analysts, Reporters, and Journalists",0.6333333333333333,4,49.3,-3.9,4.1,94.52871072589383,True,0.1419284940411701,0.4219934994582882,0.28196099674972913,5,1,0.2,Hoch GPT-exponiert mit begrenzten Wechseloptionen
27-3031.00,Public Relations Specialists,0.7878787878787878,4,315.9,4.8,27.6,99.45828819068255,True,0.7150595882990249,0.8082340195016251,0.761646803900325,5,1,0.2,Hoch GPT-exponiert mit begrenzten Wechseloptionen
27-3041.00,Editors,0.6470588235294118,4,115.8,0.6,9.8,95.2329360780065,True,0.29360780065005415,0.6121343445287107,0.4528710725893824,5,1,0.2,Hoch GPT-exponiert mit begrenzten Wechseloptionen
27-3042.00,Technical Writers,0.6333333333333333,4,56.4,0.9,4.5,94.52871072589383,True,0.30715059588299026,0.44041170097508126,0.37378114842903576,5,2,0.4,Hoch GPT-exponiert mit guten Wechseloptionen
27-3043.00,Writers and Authors,0.8076923076923077,4,135.4,3.6,13.4,99.67497291440954,True,0.5828819068255688,0.6700975081256771,0.626489707475623,5,1,0.2,Hoch GPT-exponiert mit begrenzten Wechseloptionen
27-3043.05,"Poets, Lyricists and Creative Writers",0.7407407407407407,4,135.4,3.6,13.4,98.91657638136512,True,0.5828819068255688,0.6700975081256771,0.626489707475623,5,1,0.2,Hoch GPT-exponiert mit begrenzten Wechseloptionen
27-3091.00,Interpreters and Translators,0.84,4,75.3,1.7,6.9,99.78331527627302,True,0.37378114842903576,0.5303358613217768,0.4520585048754063,5,2,0.4,Hoch GPT-exponiert mit guten Wechseloptionen
27-3092.00,Court Reporters and Simultaneous Captioners,0.5208333333333333,3,17.7,-0.3,1.7,83.09859154929578,True,0.25460455037919827,0.23672806067172264,0.24566630552546045,5,1,0.2,Hoch GPT-exponiert mit begrenzten Wechseloptionen
27-4011.00,Audio and Video Technicians,0.3,3,92.3,3.3,7.3,49.24160346695558,False,0.5444203683640303,0.5384615384615384,0.5414409534127844,5,0,0.0,Nicht hoch GPT-exponiert
27-4012.00,Broadcast Technicians,0.2142857142857142,3,24.8,-2.8,1.8,38.46153846153847,False,0.1695557963163597,0.24647887323943662,0.20801733477789816,5,0,0.0,Nicht hoch GPT-exponiert
27-4014.00,Sound Engineering Technicians,0.2777777777777778,3,16.9,-1.7,1.2,46.37053087757313,False,0.20151679306608883,0.17876489707475623,0.19014084507042253,5,1,0.2,Nicht hoch GPT-exponiert
27-4015.00,Lighting Technicians,0.09375,3,12.1,-4.6,0.8,23.185265438786566,False,0.13163596966413868,0.11755146262188516,0.12459371614301193,5,0,0.0,Nicht hoch GPT-exponiert
27-4021.00,Photographers,0.21875,3,151.2,1.8,12.7,38.67822318526544,False,0.3851570964247021,0.6462621885157096,0.5157096424702059,5,0,0.0,Nicht hoch GPT-exponiert
27-4031.00,"Camera Operators, Television, Video, and Film",0.1818181818181818,3,36.4,1.2,2.9,35.6988082340195,False,0.33098591549295775,0.34994582881906827,0.340465872156013,5,0,0.0,Nicht hoch GPT-exponiert
27-4032.00,Film and Video Editors,0.4722222222222222,4,43.5,4.0,3.6,74.97291440953413,False,0.628385698808234,0.38461538461538464,0.5065005417118094,5,1,0.2,Nicht hoch GPT-exponiert
29-1011.00,Chiropractors,0.3181818181818182,5,57.2,9.5,2.8,52.00433369447454,False,0.9122426868905742,0.34073672806067173,0.6264897074756229,5,0,0.0,Nicht hoch GPT-exponiert
29-1021.00,"Dentists, General",0.225,5,129.8,4.1,3.9,39.436619718309856,False,0.6392199349945829,0.4014084507042254,0.5203141928494042,5,1,0.2,Nicht hoch GPT-exponiert
29-1022.00,Oral and Maxillofacial Surgeons,0.08,5,6.1,4.1,0.2,20.422535211267608,False,0.6392199349945829,0.02275189599133261,0.33098591549295775,5,0,0.0,Nicht hoch GPT-exponiert
29-1023.00,Orthodontists,0.2,5,5.9,4.4,0.2,37.37811484290358,False,0.676056338028169,0.02275189599133261,0.3494041170097508,5,0,0.0,Nicht hoch GPT-exponiert
29-1024.00,Prosthodontists,0.0909090909090909,5,0.9,4.5,0.0,22.75189599133261,False,0.6923076923076923,0.0027085590465872156,0.34750812567713973,5,0,0.0,Nicht hoch GPT-exponiert
29-1031.00,Dietitians and Nutritionists,0.4634146341463415,5,90.9,5.5,6.2,73.56446370530878,False,0.7643553629469122,0.5075839653304443,0.6359696641386783,5,2,0.4,Nicht hoch GPT-exponiert
29-1041.00,Optometrists,0.05,5,47.8,8.0,2.4,14.030335861321777,False,0.8634886240520043,0.29956663055254606,0.5815276273022751,5,0,0.0,Nicht hoch GPT-exponiert
29-1051.00,Pharmacists,0.3999999999999999,5,335.1,4.6,14.2,64.24702058504876,False,0.7053087757313109,0.6885157096424702,0.6969122426868906,5,2,0.4,Nicht hoch GPT-exponiert
29-1071.00,Physician Assistants,0.125,5,162.7,20.4,12.0,27.627302275189596,False,0.9875406283856988,0.6397616468039004,0.8136511375947996,5,0,0.0,Nicht hoch GPT-exponiert
29-1071.01,Anesthesiologist Assistants,0.0952380952380952,5,162.7,20.4,12.0,23.564463705308775,False,0.9875406283856988,0.6397616468039004,0.8136511375947996,5,0,0.0,Nicht hoch GPT-exponiert
29-1081.00,Podiatrists,0.2857142857142857,5,9.7,1.8,0.3,47.77898158179848,False,0.3851570964247021,0.03791982665222102,0.21153846153846156,5,1,0.2,Nicht hoch GPT-exponiert
29-1122.00,Occupational Therapists,0.3939393939393939,5,160.0,13.8,10.2,63.48862405200434,False,0.9561213434452871,0.6164680390032503,0.7862946912242688,5,3,0.6,Nicht hoch GPT-exponiert
29-1122.01,"Low Vision Therapists, Orientation and Mobility Specialists, and Vision Rehabilitation Therapists",0.2875,5,160.0,13.8,10.2,47.99566630552546,False,0.9561213434452871,0.6164680390032503,0.7862946912242688,5,0,0.0,Nicht hoch GPT-exponiert
29-1123.00,Physical Therapists,0.3404255319148936,5,267.2,10.9,13.2,54.60455037919827,False,0.9247020585048754,0.6635969664138678,0.7941495124593716,5,4,0.8,Nicht hoch GPT-exponiert
29-1124.00,Radiation Therapists,0.1707317073170731,3,19.2,1.9,0.9,34.398699891657635,False,0.39219934994582883,0.13488624052004333,0.2635427952329361,5,0,0.0,Nicht hoch GPT-exponiert
29-1125.00,Recreational Therapists,0.3636363636363636,4,16.1,3.3,1.3,58.45070422535211,False,0.5444203683640303,0.19393282773564463,0.3691765980498375,5,2,0.4,Nicht hoch GPT-exponiert
29-1126.00,Respiratory Therapists,0.1904761904761904,3,139.6,12.1,8.8,36.51137594799567,False,0.9452871072589383,0.5796316359696642,0.7624593716143012,5,0,0.0,Nicht hoch GPT-exponiert
29-1127.00,Speech-Language Pathologists,0.3902439024390244,5,187.4,15.0,13.3,63.27193932827736,False,0.9642470205850487,0.6668472372697725,0.8155471289274105,5,2,0.4,Nicht hoch GPT-exponiert
29-1128.00,Exercise Physiologists,0.34,4,23.9,9.5,1.7,54.44203683640303,False,0.9122426868905742,0.23672806067172264,0.5744853737811484,5,3,0.6,Nicht hoch GPT-exponiert
29-1129.01,Art Therapists,0.3191489361702128,5,56.1,11.5,4.1,52.329360780065,False,0.9393282773564464,0.4219934994582882,0.6806608884073673,5,1,0.2,Nicht hoch GPT-exponiert
29-1129.02,Music Therapists,0.5,4,56.1,11.5,4.1,79.68580715059588,True,0.9393282773564464,0.4219934994582882,0.6806608884073673,5,3,0.6,Hoch GPT-exponiert mit guten Wechseloptionen
29-1131.00,Veterinarians,0.2297297297297297,5,86.4,9.6,3.0,39.86998916576381,False,0.9160346695557963,0.35482123510292524,0.6354279523293608,5,0,0.0,Nicht hoch GPT-exponiert
29-1141.00,Registered Nurses,0.3809523809523809,4,3391.0,4.9,189.1,61.91765980498375,False,0.723726977248104,0.9772481040086674,0.8504875406283856,5,3,0.6,Nicht hoch GPT-exponiert
29-1141.01,Acute Care Nurses,0.3265306122448979,4,3391.0,4.9,189.1,52.76273022751896,False,0.723726977248104,0.9772481040086674,0.8504875406283856,5,2,0.4,Nicht hoch GPT-exponiert
29-1141.02,Advanced Practice Psychiatric Nurses,0.4444444444444445,5,3391.0,4.9,189.1,71.23510292524377,False,0.723726977248104,0.9772481040086674,0.8504875406283856,5,3,0.6,Nicht hoch GPT-exponiert
29-1141.03,Critical Care Nurses,0.1896551724137931,4,3391.0,4.9,189.1,36.348862405200435,False,0.723726977248104,0.9772481040086674,0.8504875406283856,5,0,0.0,Nicht hoch GPT-exponiert
29-1141.04,Clinical Nurse Specialists,0.3333333333333333,5,3391.0,4.9,189.1,53.62946912242686,False,0.723726977248104,0.9772481040086674,0.8504875406283856,5,1,0.2,Nicht hoch GPT-exponiert
29-1151.00,Nurse Anesthetists,0.125,5,53.8,8.6,2.7,27.627302275189596,False,0.8911159263271939,0.33098591549295775,0.6110509209100758,5,0,0.0,Nicht hoch GPT-exponiert
29-1161.00,Nurse Midwives,0.2926829268292683,5,8.6,11.1,0.5,48.5373781148429,False,0.9328277356446371,0.06988082340195016,0.5013542795232936,5,0,0.0,Nicht hoch GPT-exponiert
29-1171.00,Nurse Practitioners,0.3148148148148147,5,320.4,40.1,29.5,51.4626218851571,False,0.9978331527627302,0.8120260021668473,0.9049295774647887,5,0,0.0,Nicht hoch GPT-exponiert
29-1181.00,Audiologists,0.4545454545454546,5,15.8,9.5,0.7,72.69772481040087,False,0.9122426868905742,0.10184182015167931,0.5070422535211268,5,2,0.4,Nicht hoch GPT-exponiert
29-1211.00,Anesthesiologists,0.2941176470588235,5,45.3,3.2,1.3,48.75406283856988,False,0.5330444203683641,0.19393282773564463,0.3634886240520043,5,2,0.4,Nicht hoch GPT-exponiert
29-1212.00,Cardiologists,0.2307692307692307,5,19.4,4.1,0.6,40.140845070422536,False,0.6392199349945829,0.08559046587215602,0.36240520043336943,5,0,0.0,Nicht hoch GPT-exponiert
29-1213.00,Dermatologists,0.3235294117647059,5,10.9,6.4,0.4,52.54604550379198,False,0.8223185265438786,0.05579631635969664,0.4390574214517876,5,0,0.0,Nicht hoch GPT-exponiert
29-1214.00,Emergency Medicine Physicians,0.3529411764705882,5,36.1,2.7,1.0,56.608884073672805,False,0.4810400866738895,0.1495124593716143,0.3152762730227519,5,2,0.4,Nicht hoch GPT-exponiert
29-1215.00,Family Medicine Physicians,0.375,5,116.0,2.7,3.3,61.159263271939324,False,0.4810400866738895,0.37486457204767065,0.4279523293607801,5,0,0.0,Nicht hoch GPT-exponiert
29-1216.00,General Internal Medicine Physicians,0.3714285714285714,5,73.2,3.3,2.1,60.238353196099666,False,0.5444203683640303,0.27410617551462624,0.40926327193932827,5,0,0.0,Nicht hoch GPT-exponiert
29-1217.00,Neurologists,0.3695652173913043,5,8.3,5.4,0.3,59.859154929577464,False,0.7589382448537378,0.03791982665222102,0.39842903575297944,5,0,0.0,Nicht hoch GPT-exponiert
29-1218.00,Obstetricians and Gynecologists,0.3035714285714285,5,21.5,1.2,0.6,49.62080173347779,False,0.33098591549295775,0.08559046587215602,0.20828819068255688,5,0,0.0,Nicht hoch GPT-exponiert
29-1221.00,"Pediatricians, General",0.3666666666666667,5,46.4,0.8,1.2,58.99241603466956,False,0.3055254604550379,0.17876489707475623,0.24214517876489708,5,0,0.0,Nicht hoch GPT-exponiert
29-1222.00,"Physicians, Pathologists",0.3181818181818182,5,12.6,4.2,0.4,52.00433369447454,False,0.6505958829902492,0.05579631635969664,0.3531960996749729,5,1,0.2,Nicht hoch GPT-exponiert
29-1223.00,Psychiatrists,0.5217391304347826,5,27.1,6.1,0.9,83.261105092091,True,0.8022751895991332,0.13488624052004333,0.4685807150595883,5,1,0.2,Hoch GPT-exponiert mit begrenzten Wechseloptionen
29-1224.00,Radiologists,0.5111111111111112,5,28.2,2.7,0.8,81.25677139761646,True,0.4810400866738895,0.11755146262188516,0.2992957746478873,5,1,0.2,Hoch GPT-exponiert mit begrenzten Wechseloptionen
29-1229.01,Allergists and Immunologists,0.3666666666666667,5,340.7,2.5,9.6,58.99241603466956,False,0.46208017334777896,0.6056338028169014,0.5338569880823402,5,0,0.0,Nicht hoch GPT-exponiert
29-1229.02,Hospitalists,0.3571428571428571,5,340.7,2.5,9.6,57.52979414951246,False,0.46208017334777896,0.6056338028169014,0.5338569880823402,5,0,0.0,Nicht hoch GPT-exponiert
29-1229.03,Urologists,0.25,5,340.7,2.5,9.6,43.12026002166847,False,0.46208017334777896,0.6056338028169014,0.5338569880823402,5,0,0.0,Nicht hoch GPT-exponiert
29-1229.04,Physical Medicine and Rehabilitation Physicians,0.1333333333333333,5,340.7,2.5,9.6,28.98158179848321,False,0.46208017334777896,0.6056338028169014,0.5338569880823402,5,0,0.0,Nicht hoch GPT-exponiert
29-1229.05,Preventive Medicine Physicians,0.3666666666666666,5,340.7,2.5,9.6,58.82990249187432,False,0.46208017334777896,0.6056338028169014,0.5338569880823402,5,1,0.2,Nicht hoch GPT-exponiert
29-1229.06,Sports Medicine Physicians,0.4339622641509433,5,340.7,2.5,9.6,69.98916576381366,False,0.46208017334777896,0.6056338028169014,0.5338569880823402,5,1,0.2,Nicht hoch GPT-exponiert
29-1241.00,"Ophthalmologists, Except Pediatric",0.3382352941176471,5,12.5,4.3,0.3,54.17118093174431,False,0.6619718309859155,0.03791982665222102,0.34994582881906827,5,1,0.2,Nicht hoch GPT-exponiert
29-1242.00,"Orthopedic Surgeons, Except Pediatric",0.2333333333333333,5,14.7,4.1,0.4,41.11592632719393,False,0.6392199349945829,0.05579631635969664,0.34750812567713973,5,0,0.0,Nicht hoch GPT-exponiert
29-1243.00,Pediatric Surgeons,0.2222222222222222,5,1.1,1.5,0.0,38.894907908992415,False,0.3531960996749729,0.0027085590465872156,0.17795232936078006,5,0,0.0,Nicht hoch GPT-exponiert
29-1291.00,Acupuncturists,0.3055555555555555,5,15.3,6.8,0.9,49.945828819068254,False,0.8407367280606717,0.13488624052004333,0.4878114842903575,5,1,0.2,Nicht hoch GPT-exponiert
29-1292.00,Dental Hygienists,0.09375,3,221.6,7.0,15.3,23.185265438786566,False,0.8450704225352113,0.7091007583965331,0.7770855904658722,5,0,0.0,Nicht hoch GPT-exponiert
29-1299.01,Naturopathic Physicians,0.2564102564102564,5,41.3,2.0,2.4,43.98699891657638,False,0.40303358613217766,0.29956663055254606,0.35130010834236186,5,0,0.0,Nicht hoch GPT-exponiert
29-1299.02,Orthoptists,0.375,5,41.3,2.0,2.4,61.159263271939324,False,0.40303358613217766,0.29956663055254606,0.35130010834236186,5,2,0.4,Nicht hoch GPT-exponiert
29-2011.00,Medical and Clinical Laboratory Technologists,0.2321428571428571,4,351.2,1.7,22.6,40.57421451787649,False,0.37378114842903576,0.7703141928494042,0.5720476706392199,5,3,0.6,Nicht hoch GPT-exponiert
29-2011.01,Cytogenetic Technologists,0.3362068965517241,4,351.2,1.7,22.6,53.95449620801733,False,0.37378114842903576,0.7703141928494042,0.5720476706392199,5,5,1.0,Nicht hoch GPT-exponiert
29-2011.02,Cytotechnologists,0.16,5,351.2,1.7,22.6,33.20693391115926,False,0.37378114842903576,0.7703141928494042,0.5720476706392199,5,2,0.4,Nicht hoch GPT-exponiert
29-2011.04,Histotechnologists,0.0625,4,351.2,1.7,22.6,16.30552546045504,False,0.37378114842903576,0.7703141928494042,0.5720476706392199,5,1,0.2,Nicht hoch GPT-exponiert
29-2012.00,Medical and Clinical Laboratory Technicians,0.0952380952380952,3,351.2,1.7,22.6,23.564463705308775,False,0.37378114842903576,0.7703141928494042,0.5720476706392199,5,1,0.2,Nicht hoch GPT-exponiert
29-2012.01,Histology Technicians,0.0,3,351.2,1.7,22.6,3.1960996749729147,False,0.37378114842903576,0.7703141928494042,0.5720476706392199,5,0,0.0,Nicht hoch GPT-exponiert
29-2031.00,Cardiovascular Technologists and Technicians,0.1714285714285714,3,64.7,3.0,3.8,34.61538461538461,False,0.5032502708559047,0.3916576381365114,0.44745395449620806,5,0,0.0,Nicht hoch GPT-exponiert
29-2032.00,Diagnostic Medical Sonographers,0.2894736842105263,3,90.0,13.0,5.8,48.320693391115924,False,0.9534127843986999,0.5037919826652221,0.728602383531961,5,1,0.2,Nicht hoch GPT-exponiert
29-2033.00,Nuclear Medicine Technologists,0.2580645161290322,3,20.0,3.0,0.9,44.09534127843987,False,0.5032502708559047,0.13488624052004333,0.31906825568797403,5,0,0.0,Nicht hoch GPT-exponiert
29-2034.00,Radiologic Technologists and Technicians,0.2807017543859649,3,228.0,4.3,12.9,46.96641386782232,False,0.6619718309859155,0.6554712892741061,0.6587215601300108,5,1,0.2,Nicht hoch GPT-exponiert
29-2035.00,Magnetic Resonance Imaging Technologists,0.2222222222222222,3,44.1,7.1,2.6,38.894907908992415,False,0.8494041170097508,0.32340195016251355,0.5864030335861322,5,0,0.0,Nicht hoch GPT-exponiert
29-2036.00,Medical Dosimetrists,0.3,4,4.8,3.5,0.2,49.24160346695558,False,0.570964247020585,0.02275189599133261,0.29685807150595883,5,0,0.0,Nicht hoch GPT-exponiert
29-2042.00,Emergency Medical Technicians,0.2083333333333333,3,181.0,5.1,14.1,37.973997833152765,False,0.7416034669555797,0.6863488624052004,0.71397616468039,5,0,0.0,Nicht hoch GPT-exponiert
29-2043.00,Paramedics,0.1923076923076923,3,101.9,5.0,4.9,36.728060671722645,False,0.7345612134344529,0.4599133261105092,0.597237269772481,5,0,0.0,Nicht hoch GPT-exponiert
29-2051.00,Dietetic Technicians,0.4130434782608695,3,30.9,2.5,4.0,66.79306608884073,False,0.46208017334777896,0.4122426868905742,0.4371614301191766,5,3,0.6,Nicht hoch GPT-exponiert
29-2052.00,Pharmacy Technicians,0.4264705882352941,3,490.4,6.4,49.0,68.63488624052005,False,0.8223185265438786,0.8791982665222102,0.8507583965330444,5,3,0.6,Nicht hoch GPT-exponiert
29-2053.00,Psychiatric Technicians,0.34,3,144.5,20.0,15.9,54.44203683640303,False,0.9859154929577465,0.7166847237269772,0.8513001083423619,5,3,0.6,Nicht hoch GPT-exponiert
29-2055.00,Surgical Technologists,0.0166666666666666,3,115.6,4.5,7.0,6.933911159263271,False,0.6923076923076923,0.5325027085590466,0.6124052004333694,5,0,0.0,Nicht hoch GPT-exponiert
29-2056.00,Veterinary Technologists and Technicians,0.1475409836065573,3,134.2,9.1,14.3,31.527627302275192,False,0.9052004333694474,0.6912242686890574,0.7982123510292525,5,1,0.2,Nicht hoch GPT-exponiert
29-2057.00,Ophthalmic Medical Technicians,0.1052631578947368,3,78.8,19.8,12.5,24.593716143011918,False,0.9848320693391116,0.6435536294691224,0.8141928494041171,5,0,0.0,Nicht hoch GPT-exponiert
29-2061.00,Licensed Practical and Licensed Vocational Nurses,0.25,3,651.4,2.6,54.4,43.12026002166847,False,0.4745395449620802,0.8927410617551462,0.6836403033586131,5,1,0.2,Nicht hoch GPT-exponiert
29-2072.00,Medical Records Specialists,0.5588235294117647,3,194.8,7.1,14.2,87.43228602383532,True,0.8494041170097508,0.6885157096424702,0.7689599133261105,5,1,0.2,Hoch GPT-exponiert mit begrenzten Wechseloptionen
29-2081.00,"Opticians, Dispensing",0.238095238095238,3,79.9,2.9,6.8,41.65763813651138,False,0.4891657638136511,0.5276273022751896,0.5083965330444203,5,3,0.6,Nicht hoch GPT-exponiert
29-2091.00,Orthotists and Prosthetists,0.1896551724137931,5,10.1,13.3,0.9,36.348862405200435,False,0.9544962080173348,0.13488624052004333,0.5446912242686891,5,0,0.0,Nicht hoch GPT-exponiert
29-2092.00,Hearing Aid Specialists,0.05,3,10.7,18.4,1.0,14.030335861321777,False,0.980498374864572,0.1495124593716143,0.5650054171180932,5,1,0.2,Nicht hoch GPT-exponiert
29-2099.01,Neurodiagnostic Technologists,0.1875,3,178.8,5.2,13.6,36.13217768147345,False,0.7475622968580715,0.6771397616468039,0.7123510292524378,5,1,0.2,Nicht hoch GPT-exponiert
29-2099.05,Ophthalmic Medical Technologists,0.0666666666666666,3,178.8,5.2,13.6,17.388949079089926,False,0.7475622968580715,0.6771397616468039,0.7123510292524378,5,0,0.0,Nicht hoch GPT-exponiert
29-2099.08,Patient Representatives,0.5714285714285714,3,178.8,5.2,13.6,88.67822318526544,True,0.7475622968580715,0.6771397616468039,0.7123510292524378,5,2,0.4,Hoch GPT-exponiert mit guten Wechseloptionen
29-9021.00,Health Information Technologists and Medical Registrars,0.53125,3,41.9,14.7,3.2,84.77789815817984,True,0.9588299024918743,0.36836403033586135,0.6635969664138678,5,0,0.0,Hoch GPT-exponiert mit begrenzten Wechseloptionen
29-9091.00,Athletic Trainers,0.4069767441860465,5,33.9,11.1,2.4,66.03466955579633,False,0.9328277356446371,0.29956663055254606,0.6161971830985915,5,3,0.6,Nicht hoch GPT-exponiert
29-9092.00,Genetic Counselors,0.631578947368421,5,4.0,9.3,0.3,94.36619718309859,True,0.9089924160346695,0.03791982665222102,0.4734561213434453,5,2,0.4,Hoch GPT-exponiert mit guten Wechseloptionen
29-9093.00,Surgical Assistants,0.0392156862745098,3,25.3,5.1,1.6,11.43011917659805,False,0.7416034669555797,0.2258938244853738,0.4837486457204767,5,0,0.0,Nicht hoch GPT-exponiert
29-9099.01,Midwives,0.25,5,41.7,3.6,2.6,43.12026002166847,False,0.5828819068255688,0.32340195016251355,0.4531419284940412,5,0,0.0,Nicht hoch GPT-exponiert
31-1121.00,Home Health Aides,0.0384615384615384,2,4347.7,17.0,765.8,11.105092091007585,False,0.9777898158179849,0.9972914409534128,0.9875406283856989,5,0,0.0,Nicht hoch GPT-exponiert
31-1122.00,Personal Care Aides,0.3333333333333333,2,4347.7,17.0,765.8,53.62946912242686,False,0.9777898158179849,0.9972914409534128,0.9875406283856989,5,2,0.4,Nicht hoch GPT-exponiert
31-1131.00,Nursing Assistants,0.135593220338983,3,1441.5,2.3,204.1,29.144095341278444,False,0.4409534127843987,0.9826652221018418,0.7118093174431203,5,1,0.2,Nicht hoch GPT-exponiert
31-1132.00,Orderlies,0.046875,2,54.0,3.3,7.8,13.759479956663057,False,0.5444203683640303,0.5509209100758397,0.547670639219935,5,0,0.0,Nicht hoch GPT-exponiert
31-1133.00,Psychiatric Aides,0.125,2,38.5,-0.4,5.3,27.627302275189596,False,0.2513542795232936,0.4750812567713976,0.36321776814734563,5,1,0.2,Nicht hoch GPT-exponiert
31-2011.00,Occupational Therapy Assistants,0.2325581395348837,3,49.2,19.2,7.2,40.845070422535215,False,0.9826652221018418,0.5362946912242686,0.7594799566630552,5,1,0.2,Nicht hoch GPT-exponiert
31-2012.00,Occupational Therapy Aides,0.074074074074074,3,5.2,2.5,0.6,19.068255687974,False,0.46208017334777896,0.08559046587215602,0.2738353196099675,5,0,0.0,Nicht hoch GPT-exponiert
31-2021.00,Physical Therapist Assistants,0.1025641025641025,3,111.5,22.0,19.8,24.26868905742145,False,0.991332611050921,0.7502708559046587,0.8708017334777898,5,0,0.0,Nicht hoch GPT-exponiert
31-2022.00,Physical Therapist Aides,0.1515151515151515,2,45.6,2.8,6.6,31.906825568797398,False,0.48537378114842905,0.52329360780065,0.5043336944745396,5,0,0.0,Nicht hoch GPT-exponiert
31-9011.00,Massage Therapists,0.1851851851851851,3,168.0,15.4,24.7,35.969664138678226,False,0.9664138678223185,0.7908992416034669,0.8786565547128927,5,2,0.4,Nicht hoch GPT-exponiert
31-9091.00,Dental Assistants,0.1,3,381.9,6.4,52.9,24.052004333694473,False,0.8223185265438786,0.8894907908992417,0.8559046587215602,5,1,0.2,Nicht hoch GPT-exponiert
31-9092.00,Medical Assistants,0.141025641025641,3,811.0,12.5,112.3,30.498374864572046,False,0.9474539544962081,0.9512459371614301,0.949349945828819,5,0,0.0,Nicht hoch GPT-exponiert
31-9093.00,Medical Equipment Preparers,0.037037037037037,2,76.5,10.0,10.9,10.67172264355363,False,0.919284940411701,0.6300108342361863,0.7746478873239436,5,0,0.0,Nicht hoch GPT-exponiert
31-9094.00,Medical Transcriptionists,0.2321428571428571,3,43.9,-4.9,7.4,40.57421451787649,False,0.12459371614301191,0.5411700975081257,0.33288190682556884,5,1,0.2,Nicht hoch GPT-exponiert
31-9095.00,Pharmacy Aides,0.14,2,41.1,-0.1,6.1,30.065005417118094,False,0.2611050920910076,0.5054171180931745,0.383261105092091,5,0,0.0,Nicht hoch GPT-exponiert
31-9096.00,Veterinary Assistants and Laboratory Animal Caretakers,0.1481481481481481,2,117.8,8.7,22.2,31.63596966413868,False,0.8965330444203684,0.7648970747562297,0.830715059588299,5,0,0.0,Nicht hoch GPT-exponiert
31-9097.00,Phlebotomists,0.1097560975609756,3,139.7,5.6,18.4,25.243770314192847,False,0.7697724810400867,0.7388949079089924,0.7543336944745396,5,0,0.0,Nicht hoch GPT-exponiert
31-9099.01,Speech-Language Pathology Assistants,0.2105263157894736,3,109.7,3.5,14.4,38.29902491874323,False,0.570964247020585,0.6960996749729144,0.6335319609967497,5,0,0.0,Nicht hoch GPT-exponiert
31-9099.02,Endoscopy Technicians,0.0,2,109.7,3.5,14.4,3.1960996749729147,False,0.570964247020585,0.6960996749729144,0.6335319609967497,5,0,0.0,Nicht hoch GPT-exponiert
33-1011.00,First-Line Supervisors of Correctional Officers,0.2826086956521739,3,57.1,-2.8,4.3,47.45395449620802,False,0.1695557963163597,0.43391115926327195,0.30173347778981585,5,0,0.0,Nicht hoch GPT-exponiert
33-1012.00,First-Line Supervisors of Police and Detectives,0.3552631578947368,2,160.8,2.9,10.9,57.04225352112676,False,0.4891657638136511,0.6300108342361863,0.5595882990249187,5,2,0.4,Nicht hoch GPT-exponiert
33-1021.00,First-Line Supervisors of Firefighting and Prevention Workers,0.4056603773584905,3,97.2,3.4,6.5,65.54712892741061,False,0.5579631635969664,0.5200433369447454,0.5390032502708559,5,2,0.4,Nicht hoch GPT-exponiert
33-1091.00,First-Line Supervisors of Security Workers,0.2619047619047618,2,71.9,2.7,7.0,44.42036836403034,False,0.4810400866738895,0.5325027085590466,0.5067713976164681,5,0,0.0,Nicht hoch GPT-exponiert
33-2011.00,Firefighters,0.087719298245614,3,344.9,3.4,27.1,21.99349945828819,False,0.5579631635969664,0.8039003250270856,0.680931744312026,5,0,0.0,Nicht hoch GPT-exponiert
33-2021.00,Fire Inspectors and Investigators,0.3846153846153846,3,14.7,3.8,1.5,62.4593716143012,False,0.6115926327193932,0.21451787648970747,0.41305525460455034,5,1,0.2,Nicht hoch GPT-exponiert
33-2022.00,Forest Fire Inspectors and Prevention Specialists,0.375,3,2.9,14.6,0.3,61.159263271939324,False,0.9577464788732394,0.03791982665222102,0.4978331527627302,5,1,0.2,Nicht hoch GPT-exponiert
33-3011.00,Bailiffs,0.1607142857142857,3,19.0,-2.2,1.8,33.531960996749724,False,0.18580715059588299,0.24647887323943662,0.2161430119176598,5,0,0.0,Nicht hoch GPT-exponiert
33-3012.00,Correctional Officers and Jailers,0.2386363636363636,2,387.5,-7.8,30.1,41.82015167930661,False,0.07746478873239436,0.8169014084507042,0.4471830985915493,5,0,0.0,Nicht hoch GPT-exponiert
33-3021.00,Detectives and Criminal Investigators,0.3,3,117.9,-0.7,7.8,49.24160346695558,False,0.23835319609967498,0.5509209100758397,0.3946370530877573,5,0,0.0,Nicht hoch GPT-exponiert
33-3021.02,Police Identification and Records Officers,0.3461538461538461,3,117.9,-0.7,7.8,55.52546045503792,False,0.23835319609967498,0.5509209100758397,0.3946370530877573,5,1,0.2,Nicht hoch GPT-exponiert
33-3021.06,Intelligence Analysts,0.3970588235294117,4,117.9,-0.7,7.8,63.705308775731304,False,0.23835319609967498,0.5509209100758397,0.3946370530877573,5,0,0.0,Nicht hoch GPT-exponiert
33-3031.00,Fish and Game Wardens,0.1590909090909091,4,7.0,-6.0,0.5,32.936078006500544,False,0.10184182015167931,0.06988082340195016,0.08586132177681474,5,0,0.0,Nicht hoch GPT-exponiert
33-3041.00,Parking Enforcement Workers,0.3205128205128205,2,8.4,-1.5,0.7,52.437703141928495,False,0.2134344528710726,0.10184182015167931,0.15763813651137595,5,3,0.6,Nicht hoch GPT-exponiert
33-3051.00,Police and Sheriff's Patrol Officers,0.2327586206896551,3,698.8,3.1,53.7,40.9534127843987,False,0.5216684723726978,0.8911159263271939,0.7063921993499458,5,0,0.0,Nicht hoch GPT-exponiert
33-3051.04,Customs and Border Protection Officers,0.2619047619047618,3,698.8,3.1,53.7,44.42036836403034,False,0.5216684723726978,0.8911159263271939,0.7063921993499458,5,0,0.0,Nicht hoch GPT-exponiert
33-3052.00,Transit and Railroad Police,0.4375,3,3.1,3.0,0.2,70.26002166847238,False,0.5032502708559047,0.02275189599133261,0.26300108342361866,5,4,0.8,Nicht hoch GPT-exponiert
33-9011.00,Animal Control Workers,0.1333333333333333,2,12.2,3.9,1.3,28.98158179848321,False,0.6218851570964247,0.19393282773564463,0.4079089924160346,5,0,0.0,Nicht hoch GPT-exponiert
33-9021.00,Private Detectives and Investigators,0.3888888888888888,3,43.6,6.0,3.9,62.94691224268689,False,0.795774647887324,0.4014084507042254,0.5985915492957747,5,0,0.0,Nicht hoch GPT-exponiert
33-9031.00,Gambling Surveillance Officers and Gambling Investigators,0.3125,2,10.3,0.3,1.3,51.02925243770314,False,0.2822318526543879,0.19393282773564463,0.23808234019501626,5,0,0.0,Nicht hoch GPT-exponiert
33-9032.00,Security Guards,0.2499999999999999,2,1262.1,0.4,161.0,42.4160346695558,False,0.28602383531960995,0.9696641386782232,0.6278439869989165,5,0,0.0,Nicht hoch GPT-exponiert
33-9091.00,Crossing Guards and Flaggers,0.2631578947368421,2,91.4,3.6,18.0,44.63705308775731,False,0.5828819068255688,0.733477789815818,0.6581798483206934,5,0,0.0,Nicht hoch GPT-exponiert
33-9092.00,"Lifeguards, Ski Patrol, and Other Recreational Protective Service Workers",0.16,2,149.7,5.8,42.7,33.20693391115926,False,0.7833152762730228,0.8634886240520043,0.8234019501625136,5,1,0.2,Nicht hoch GPT-exponiert
33-9093.00,Transportation Security Screeners,0.23,2,50.1,-6.0,4.7,39.978331527627304,False,0.10184182015167931,0.447453954496208,0.27464788732394363,5,0,0.0,Nicht hoch GPT-exponiert
33-9094.00,School Bus Monitors,0.1944444444444444,2,71.4,-2.7,12.6,36.944745395449615,False,0.1722643553629469,0.6446370530877573,0.4084507042253521,5,0,0.0,Nicht hoch GPT-exponiert
33-9099.02,Retail Loss Prevention Specialists,0.3414634146341463,2,84.0,2.5,23.3,54.929577464788736,False,0.46208017334777896,0.7778981581798483,0.6199891657638137,5,1,0.2,Nicht hoch GPT-exponiert
35-1011.00,Chefs and Head Cooks,0.2619047619047618,3,197.3,7.1,24.4,44.42036836403034,False,0.8494041170097508,0.7887323943661971,0.819068255687974,5,3,0.6,Nicht hoch GPT-exponiert
35-1012.00,First-Line Supervisors of Food Preparation and Serving Workers,0.2555555555555555,2,1215.0,6.0,183.9,43.87865655471289,False,0.795774647887324,0.9739978331527628,0.8848862405200434,5,1,0.2,Nicht hoch GPT-exponiert
35-2011.00,"Cooks, Fast Food",0.0263157894736842,2,669.5,-13.5,82.1,8.775731310942579,False,0.03629469122426869,0.9295774647887324,0.4829360780065005,5,0,0.0,Nicht hoch GPT-exponiert
35-2012.00,"Cooks, Institution and Cafeteria",0.0862068965517241,2,466.1,2.0,69.7,21.72264355362947,False,0.40303358613217766,0.9089924160346695,0.6560130010834235,5,0,0.0,Nicht hoch GPT-exponiert
35-2013.00,"Cooks, Private Household",0.28,3,34.2,5.1,5.3,46.74972914409534,False,0.7416034669555797,0.4750812567713976,0.6083423618634887,5,3,0.6,Nicht hoch GPT-exponiert
35-2014.00,"Cooks, Restaurant",0.1216216216216216,2,1460.2,14.9,250.7,26.706392199349942,False,0.9631635969664138,0.9848320693391116,0.9739978331527628,5,1,0.2,Nicht hoch GPT-exponiert
35-2015.00,"Cooks, Short Order",0.0,2,151.1,-5.6,20.6,3.1960996749729147,False,0.10834236186348863,0.7556879739978332,0.4320151679306609,5,0,0.0,Nicht hoch GPT-exponiert
35-2021.00,Food Preparation Workers,0.0462962962962962,2,902.7,-3.4,148.0,13.651137594799568,False,0.1533044420368364,0.9631635969664138,0.5582340195016251,5,0,0.0,Nicht hoch GPT-exponiert
35-3011.00,Bartenders,0.1388888888888889,2,756.7,5.9,129.6,29.739978331527627,False,0.7908992416034669,0.9609967497291441,0.8759479956663054,5,3,0.6,Nicht hoch GPT-exponiert
35-3023.00,Fast Food and Counter Workers,0.0729166666666666,2,3796.0,6.1,904.3,18.634886240520043,False,0.8022751895991332,0.9994582881906826,0.9008667388949079,5,1,0.2,Nicht hoch GPT-exponiert
35-3023.01,Baristas,0.1578947368421052,2,3796.0,6.1,904.3,32.71939328277356,False,0.8022751895991332,0.9994582881906826,0.9008667388949079,5,3,0.6,Nicht hoch GPT-exponiert
35-3031.00,Waiters and Waitresses,0.2244897959183673,2,2329.7,-0.7,456.7,39.219934994582886,False,0.23835319609967498,0.9924160346695557,0.6153846153846154,5,3,0.6,Nicht hoch GPT-exponiert
35-3041.00,"Food Servers, Nonrestaurant",0.1111111111111111,2,277.2,3.0,48.0,25.568797399783318,False,0.5032502708559047,0.875406283856988,0.6893282773564464,5,3,0.6,Nicht hoch GPT-exponiert
35-9011.00,Dining Room and Cafeteria Attendants and Bartender Helpers,0.0,2,527.4,6.3,99.6,3.1960996749729147,False,0.8158179848320694,0.9371614301191766,0.876489707475623,5,0,0.0,Nicht hoch GPT-exponiert
35-9021.00,Dishwashers,0.0,2,477.7,0.2,76.8,3.1960996749729147,False,0.2768147345612134,0.9252437703141928,0.6010292524377031,5,0,0.0,Nicht hoch GPT-exponiert
35-9031.00,"Hosts and Hostesses, Restaurant, Lounge, and Coffee Shop",0.3285714285714285,2,429.9,-1.5,107.7,52.97941495124594,False,0.2134344528710726,0.9458288190682557,0.5796316359696642,5,4,0.8,Nicht hoch GPT-exponiert
37-1011.00,First-Line Supervisors of Housekeeping and Janitorial Workers,0.2551020408163265,2,269.8,2.5,33.0,43.770314192849405,False,0.46208017334777896,0.8342361863488624,0.6481581798483207,5,0,0.0,Nicht hoch GPT-exponiert
37-1012.00,"First-Line Supervisors of Landscaping, Lawn Service, and Groundskeeping Workers",0.2454545454545454,3,224.7,2.3,23.2,42.25352112676056,False,0.4409534127843987,0.776273022751896,0.6086132177681474,5,0,0.0,Nicht hoch GPT-exponiert
37-2011.00,"Janitors and Cleaners, Except Maids and Housekeeping Cleaners",0.0277777777777777,3,2447.7,2.0,351.3,9.100758396533044,False,0.40303358613217766,0.9891657638136512,0.6960996749729145,5,0,0.0,Nicht hoch GPT-exponiert
37-2012.00,Maids and Housekeeping Cleaners,0.0588235294117647,2,1356.8,0.4,193.5,15.492957746478872,False,0.28602383531960995,0.980498374864572,0.633261105092091,5,2,0.4,Nicht hoch GPT-exponiert
37-2021.00,Pest Control Workers,0.2291666666666666,2,102.4,4.9,13.4,39.76164680390033,False,0.723726977248104,0.6700975081256771,0.6969122426868906,5,3,0.6,Nicht hoch GPT-exponiert
37-3011.00,Landscaping and Groundskeeping Workers,0.024390243902439,2,1192.5,3.6,158.2,8.125677139761647,False,0.5828819068255688,0.9653304442036836,0.7741061755146262,5,0,0.0,Nicht hoch GPT-exponiert
37-3012.00,"Pesticide Handlers, Sprayers, and Applicators, Vegetation",0.0555555555555555,2,29.6,3.8,4.1,14.680390032502707,False,0.6115926327193932,0.4219934994582882,0.5167930660888407,5,2,0.4,Nicht hoch GPT-exponiert
37-3013.00,Tree Trimmers and Pruners,0.0609756097560975,2,60.1,3.3,7.4,16.034669555796317,False,0.5444203683640303,0.5411700975081257,0.542795232936078,5,0,0.0,Nicht hoch GPT-exponiert
39-1013.00,First-Line Supervisors of Gambling Services Workers,0.3365384615384615,2,32.5,2.0,3.3,54.062838569880824,False,0.40303358613217766,0.37486457204767065,0.38894907908992415,5,0,0.0,Nicht hoch GPT-exponiert
39-1014.00,"First-Line Supervisors of Entertainment and Recreation Workers, Except Gambling Services",0.3421052631578947,2,123.3,6.3,13.4,55.03791982665223,False,0.8158179848320694,0.6700975081256771,0.7429577464788732,5,1,0.2,Nicht hoch GPT-exponiert
39-1022.00,First-Line Supervisors of Personal Service Workers,0.3620689655172414,3,149.1,6.7,16.3,58.234019501625134,False,0.8374864572047671,0.7193932827735645,0.7784398699891658,5,2,0.4,Nicht hoch GPT-exponiert
39-2011.00,Animal Trainers,0.1379310344827586,2,47.3,5.1,7.1,29.360780065005414,False,0.7416034669555797,0.5346695557963164,0.6381365113759481,5,0,0.0,Nicht hoch GPT-exponiert
39-2021.00,Animal Caretakers,0.1818181818181818,2,392.1,12.1,74.6,35.6988082340195,False,0.9452871072589383,0.9203683640303358,0.9328277356446371,5,0,0.0,Nicht hoch GPT-exponiert
39-3011.00,Gambling Dealers,0.1486486486486486,2,88.7,-0.6,14.1,31.74431202600217,False,0.24485373781148428,0.6863488624052004,0.46560130010834233,5,0,0.0,Nicht hoch GPT-exponiert
39-3012.00,Gambling and Sports Book Writers and Runners,0.2307692307692307,2,8.2,-6.1,1.2,40.140845070422536,False,0.09913326110509209,0.17876489707475623,0.13894907908992415,5,0,0.0,Nicht hoch GPT-exponiert
39-3021.00,Motion Picture Projectionists,0.0757575757575757,2,2.0,-3.7,0.5,19.555796316359697,False,0.14680390032502708,0.06988082340195016,0.10834236186348861,5,0,0.0,Nicht hoch GPT-exponiert
39-3031.00,"Ushers, Lobby Attendants, and Ticket Takers",0.1999999999999999,2,121.7,1.2,30.8,37.1614301191766,False,0.33098591549295775,0.819068255687974,0.5750270855904659,5,0,0.0,Nicht hoch GPT-exponiert
39-3091.00,Amusement and Recreation Attendants,0.3653846153846154,2,392.3,3.4,102.4,58.72156013001083,False,0.5579631635969664,0.9382448537378115,0.7481040086673889,5,3,0.6,Nicht hoch GPT-exponiert
39-3092.00,Costume Attendants,0.2361111111111111,2,6.7,5.9,1.8,41.386782231852656,False,0.7908992416034669,0.24647887323943662,0.5186890574214518,5,0,0.0,Nicht hoch GPT-exponiert
39-3093.00,"Locker Room, Coatroom, and Dressing Room Attendants",0.1451612903225806,2,15.6,6.4,4.2,31.094257854821233,False,0.8223185265438786,0.42903575297941493,0.6256771397616467,5,0,0.0,Nicht hoch GPT-exponiert
39-4011.00,Embalmers,0.04,3,3.6,1.3,0.6,11.863488624052005,False,0.3418201516793066,0.08559046587215602,0.21370530877573132,5,0,0.0,Nicht hoch GPT-exponiert
39-4012.00,Crematory Operators,0.125,2,3.1,3.3,0.6,27.627302275189596,False,0.5444203683640303,0.08559046587215602,0.31500541711809316,5,1,0.2,Nicht hoch GPT-exponiert
39-4021.00,Funeral Attendants,0.2333333333333333,2,32.5,3.1,5.7,41.11592632719393,False,0.5216684723726978,0.5,0.5108342361863489,5,1,0.2,Nicht hoch GPT-exponiert
39-4031.00,"Morticians, Undertakers, and Funeral Arrangers",0.0930232558139534,3,27.5,3.1,3.2,22.968580715059588,False,0.5216684723726978,0.36836403033586135,0.4450162513542796,5,1,0.2,Nicht hoch GPT-exponiert
39-5011.00,Barbers,0.0735294117647058,3,76.0,4.1,8.4,18.905742145178763,False,0.6392199349945829,0.5644637053087758,0.6018418201516793,5,0,0.0,Nicht hoch GPT-exponiert
39-5012.00,"Hairdressers, Hairstylists, and Cosmetologists",0.0526315789473684,3,575.2,5.6,75.8,14.355362946912242,False,0.7697724810400867,0.9230769230769231,0.846424702058505,5,0,0.0,Nicht hoch GPT-exponiert
39-5091.00,"Makeup Artists, Theatrical and Performance",0.2439024390243902,3,7.0,8.1,1.1,41.9284940411701,False,0.8672806067172264,0.1635969664138678,0.5154387865655471,5,3,0.6,Nicht hoch GPT-exponiert
39-5092.00,Manicurists and Pedicurists,0.0555555555555555,2,210.1,7.0,24.8,14.680390032502707,False,0.8450704225352113,0.7925243770314193,0.8187973997833153,5,0,0.0,Nicht hoch GPT-exponiert
39-5093.00,Shampooers,0.0714285714285714,2,18.5,5.5,2.7,18.201516793066087,False,0.7643553629469122,0.33098591549295775,0.547670639219935,5,0,0.0,Nicht hoch GPT-exponiert
39-5094.00,Skincare Specialists,0.106060606060606,3,97.4,6.7,14.5,24.702058504875406,False,0.8374864572047671,0.7009750812567714,0.7692307692307693,5,2,0.4,Nicht hoch GPT-exponiert
39-6011.00,Baggage Porters and Bellhops,0.2777777777777778,2,32.5,-1.6,4.6,46.37053087757313,False,0.20693391115926327,0.4431202600216685,0.3250270855904659,5,2,0.4,Nicht hoch GPT-exponiert
39-6012.00,Concierges,0.7,2,45.6,2.3,6.8,98.0498374864572,True,0.4409534127843987,0.5276273022751896,0.48429035752979416,5,3,0.6,Hoch GPT-exponiert mit guten Wechseloptionen
39-7011.00,Tour Guides and Escorts,0.3461538461538461,3,55.8,8.1,13.0,55.52546045503792,False,0.8672806067172264,0.6587215601300108,0.7630010834236186,5,1,0.2,Nicht hoch GPT-exponiert
39-7012.00,Travel Guides,0.4,2,55.8,8.1,13.0,64.68039003250271,False,0.8672806067172264,0.6587215601300108,0.7630010834236186,5,1,0.2,Nicht hoch GPT-exponiert
39-9011.00,Childcare Workers,0.3295454545454545,2,991.6,-2.9,160.2,53.19609967497292,False,0.1657638136511376,0.9680390032502708,0.5669014084507042,5,1,0.2,Nicht hoch GPT-exponiert
39-9011.01,Nannies,0.3513513513513513,2,991.6,-2.9,160.2,56.44637053087757,False,0.1657638136511376,0.9680390032502708,0.5669014084507042,5,1,0.2,Nicht hoch GPT-exponiert
39-9031.00,Exercise Trainers and Group Fitness Instructors,0.2352941176470588,3,370.1,11.9,74.2,41.278439869989164,False,0.942578548212351,0.9154929577464789,0.9290357529794149,5,1,0.2,Nicht hoch GPT-exponiert
39-9032.00,Recreation Workers,0.25,4,327.7,4.1,68.1,43.12026002166847,False,0.6392199349945829,0.9068255687973997,0.7730227518959913,5,0,0.0,Nicht hoch GPT-exponiert
39-9041.00,Residential Advisors,0.28,3,91.2,3.8,17.4,46.74972914409534,False,0.6115926327193932,0.7313109425785482,0.6714517876489707,5,0,0.0,Nicht hoch GPT-exponiert
41-1011.00,First-Line Supervisors of Retail Sales Workers,0.4054054054054054,2,1432.6,-5.0,125.1,65.43878656554712,False,0.1218851570964247,0.9577464788732394,0.539815817984832,5,3,0.6,Nicht hoch GPT-exponiert
41-1012.00,First-Line Supervisors of Non-Retail Sales Workers,0.4444444444444444,4,320.0,0.0,24.8,71.07258938244854,False,0.2681473456121343,0.7925243770314193,0.5303358613217768,5,3,0.6,Nicht hoch GPT-exponiert
41-2011.00,Cashiers,0.3604651162790697,2,3157.2,-9.9,542.6,57.96316359696642,False,0.0628385698808234,0.9945828819068255,0.5287107258938245,5,0,0.0,Nicht hoch GPT-exponiert
41-2012.00,Gambling Change Persons and Booth Cashiers,0.3095238095238095,2,22.6,-6.4,4.0,50.59588299024919,False,0.09371614301191766,0.4122426868905742,0.25297941495124593,5,0,0.0,Nicht hoch GPT-exponiert
41-2021.00,Counter and Rental Clerks,0.6774193548387096,2,408.2,3.2,45.9,96.91224268689056,True,0.5330444203683641,0.8721560130010835,0.7026002166847238,5,3,0.6,Hoch GPT-exponiert mit guten Wechseloptionen
41-2022.00,Parts Salespersons,0.3428571428571428,2,272.1,3.1,30.2,55.146262188515706,False,0.5216684723726978,0.8179848320693391,0.6698266522210184,5,1,0.2,Nicht hoch GPT-exponiert
41-2031.00,Retail Salespersons,0.3552631578947368,2,3936.7,-0.5,555.8,57.04225352112676,False,0.24810400866738894,0.9956663055254604,0.6218851570964247,5,1,0.2,Nicht hoch GPT-exponiert
41-3011.00,Advertising Sales Agents,0.6923076923076923,4,103.7,-6.4,9.3,97.72481040086673,True,0.09371614301191766,0.5937161430119177,0.34371614301191766,5,1,0.2,Hoch GPT-exponiert mit begrenzten Wechseloptionen
41-3021.00,Insurance Sales Agents,0.5303030303030303,4,568.8,3.7,47.0,84.50704225352112,True,0.5964247020585048,0.8743228602383532,0.735373781148429,5,0,0.0,Hoch GPT-exponiert mit begrenzten Wechseloptionen
41-3031.00,"Securities, Commodities, and Financial Services Sales Agents",0.5192307692307693,4,514.5,3.3,38.1,82.5027085590466,True,0.5444203683640303,0.8515709642470206,0.6979956663055255,5,0,0.0,Hoch GPT-exponiert mit begrenzten Wechseloptionen
41-3041.00,Travel Agents,0.5625,3,65.7,2.2,7.1,87.75731310942578,True,0.43066088840736727,0.5346695557963164,0.4826652221018418,5,1,0.2,Hoch GPT-exponiert mit begrenzten Wechseloptionen
41-3091.00,"Sales Representatives of Services, Except Advertising, Insurance, Financial Services, and Travel",0.5666666666666667,2,1226.7,3.1,123.0,87.97399783315277,True,0.5216684723726978,0.9555796316359697,0.7386240520043337,5,0,0.0,Hoch GPT-exponiert mit begrenzten Wechseloptionen
41-4011.00,"Sales Representatives, Wholesale and Manufacturing, Technical and Scientific Products",0.5701754385964912,4,303.2,1.9,27.2,88.40736728060672,True,0.39219934994582883,0.8055254604550379,0.5988624052004334,5,2,0.4,Hoch GPT-exponiert mit guten Wechseloptionen
41-4011.07,Solar Sales Representatives and Assessors,0.576923076923077,3,303.2,1.9,27.2,89.65330444203684,True,0.39219934994582883,0.8055254604550379,0.5988624052004334,5,3,0.6,Hoch GPT-exponiert mit guten Wechseloptionen
41-4012.00,"Sales Representatives, Wholesale and Manufacturing, Except Technical and Scientific Products",0.7068965517241379,4,1310.5,0.3,114.8,98.26652221018418,True,0.2822318526543879,0.952329360780065,0.6172806067172265,5,3,0.6,Hoch GPT-exponiert mit guten Wechseloptionen
41-9011.00,Demonstrators and Product Promoters,0.3974358974358974,2,79.2,-0.1,14.0,63.86782231852655,False,0.2611050920910076,0.6836403033586133,0.4723726977248104,5,0,0.0,Nicht hoch GPT-exponiert
41-9012.00,Models,0.4,2,6.7,-0.5,1.2,64.68039003250271,False,0.24810400866738894,0.17876489707475623,0.2134344528710726,5,3,0.6,Nicht hoch GPT-exponiert
41-9021.00,Real Estate Brokers,0.421875,4,111.3,3.3,9.7,67.82231852654388,False,0.5444203683640303,0.6110509209100758,0.5777356446370531,5,0,0.0,Nicht hoch GPT-exponiert
41-9022.00,Real Estate Sales Agents,0.4107142857142857,3,420.9,3.1,36.6,66.57638136511376,False,0.5216684723726978,0.8494041170097508,0.6855362946912242,5,0,0.0,Nicht hoch GPT-exponiert
41-9031.00,Sales Engineers,0.5340909090909091,4,56.8,5.5,5.0,85.26543878656555,True,0.7643553629469122,0.46316359696641385,0.613759479956663,5,1,0.2,Hoch GPT-exponiert mit begrenzten Wechseloptionen
41-9041.00,Telemarketers,0.5277777777777778,2,67.4,-22.1,6.5,83.96533044420367,True,0.009750812567713976,0.5200433369447454,0.26489707475622964,5,0,0.0,Hoch GPT-exponiert mit begrenzten Wechseloptionen
41-9091.00,"Door-to-Door Sales Workers, News and Street Vendors, and Related Workers",0.5217391304347826,2,25.3,-10.0,2.7,83.261105092091,True,0.06175514626218852,0.33098591549295775,0.19637053087757314,5,2,0.4,Hoch GPT-exponiert mit guten Wechseloptionen
43-1011.00,First-Line Supervisors of Office and Administrative Support Workers,0.53125,3,1558.4,-0.3,144.5,84.77789815817984,True,0.25460455037919827,0.962080173347779,0.6083423618634887,5,5,1.0,Hoch GPT-exponiert mit guten Wechseloptionen
43-2011.00,"Switchboard Operators, Including Answering Service",0.4838709677419355,2,36.6,-26.3,2.8,77.08559046587216,False,0.004333694474539545,0.34073672806067173,0.17253521126760563,5,0,0.0,Nicht hoch GPT-exponiert
43-2021.00,Telephone Operators,0.5526315789473684,2,4.0,-27.5,0.3,86.89057421451788,True,0.0032502708559046588,0.03791982665222102,0.020585048754062838,5,0,0.0,Hoch GPT-exponiert mit begrenzten Wechseloptionen
43-3011.00,Bill and Account Collectors,0.4285714285714285,2,166.9,-10.5,13.7,69.12242686890573,False,0.05796316359696641,0.6798483206933911,0.36890574214517874,5,0,0.0,Nicht hoch GPT-exponiert
43-3021.00,Billing and Posting Clerks,0.4166666666666666,3,429.8,-0.4,42.2,67.28060671722643,False,0.2513542795232936,0.8624052004333694,0.5568797399783315,5,1,0.2,Nicht hoch GPT-exponiert
43-3031.00,"Bookkeeping, Accounting, and Auditing Clerks",0.313953488372093,3,1613.4,-5.8,170.0,51.24593716143012,False,0.1056338028169014,0.9707475622968581,0.5381906825568797,5,0,0.0,Nicht hoch GPT-exponiert
43-3041.00,Gambling Cage Workers,0.4193548387096774,2,14.1,-5.0,1.3,67.4972914409534,False,0.1218851570964247,0.19393282773564463,0.15790899241603468,5,0,0.0,Nicht hoch GPT-exponiert
43-3051.00,Payroll and Timekeeping Clerks,0.4864864864864865,3,161.1,-16.7,13.0,77.51895991332611,False,0.020585048754062838,0.6587215601300108,0.33965330444203684,5,2,0.4,Nicht hoch GPT-exponiert
43-3061.00,Procurement Clerks,0.4571428571428571,2,61.9,-8.7,4.6,72.91440953412784,False,0.07042253521126761,0.4431202600216685,0.25677139761646806,5,1,0.2,Nicht hoch GPT-exponiert
43-3071.00,Tellers,0.3333333333333333,2,347.4,-12.9,29.8,53.62946912242686,False,0.04008667388949079,0.8158179848320694,0.4279523293607801,5,0,0.0,Nicht hoch GPT-exponiert
43-4011.00,Brokerage Clerks,0.8,3,40.8,-9.5,4.1,99.56663055254604,True,0.06500541711809317,0.4219934994582882,0.24349945828819067,5,2,0.4,Hoch GPT-exponiert mit guten Wechseloptionen
43-4021.00,Correspondence Clerks,0.7321428571428571,2,6.9,-5.6,0.7,98.69989165763813,True,0.10834236186348863,0.10184182015167931,0.10509209100758396,5,3,0.6,Hoch GPT-exponiert mit guten Wechseloptionen
43-4031.00,"Court, Municipal, and License Clerks",0.5909090909090908,2,180.4,3.0,18.5,91.11592632719393,True,0.5032502708559047,0.7432286023835319,0.6232394366197183,5,2,0.4,Hoch GPT-exponiert mit guten Wechseloptionen
43-4041.00,"Credit Authorizers, Checkers, and Clerks",0.5750000000000001,2,12.0,-6.2,1.0,89.1115926327194,True,0.09750812567713976,0.1495124593716143,0.12351029252437704,5,0,0.0,Hoch GPT-exponiert mit begrenzten Wechseloptionen
43-4051.00,Customer Service Representatives,0.7045454545454546,2,2814.0,-5.5,341.7,98.15817984832069,True,0.11213434452871072,0.9880823401950163,0.5501083423618635,5,1,0.2,Hoch GPT-exponiert mit begrenzten Wechseloptionen
43-4061.00,"Eligibility Interviewers, Government Programs",0.62,3,166.8,1.0,14.0,93.71614301191767,True,0.3120260021668472,0.6836403033586133,0.4978331527627302,5,2,0.4,Hoch GPT-exponiert mit guten Wechseloptionen
43-4071.00,File Clerks,0.4705882352941176,2,84.3,-15.9,7.3,74.59371614301192,False,0.023835319609967497,0.5384615384615384,0.281148429035753,5,0,0.0,Nicht hoch GPT-exponiert
43-4081.00,"Hotel, Motel, and Resort Desk Clerks",0.3974358974358974,2,264.2,3.7,43.6,63.86782231852655,False,0.5964247020585048,0.8645720476706392,0.730498374864572,5,1,0.2,Nicht hoch GPT-exponiert
43-4111.00,"Interviewers, Except Eligibility and Loan",0.4310344827586206,3,164.3,-11.6,15.8,69.50162513542794,False,0.047670639219934995,0.7145178764897074,0.3810942578548212,5,0,0.0,Nicht hoch GPT-exponiert
43-4121.00,"Library Assistants, Clerical",0.4396551724137931,2,84.5,-6.7,12.8,70.63921993499459,False,0.08829902491874322,0.6511375947995667,0.36971830985915494,5,0,0.0,Nicht hoch GPT-exponiert
43-4131.00,Loan Interviewers and Clerks,0.5,3,177.6,-2.3,13.3,79.68580715059588,True,0.18255687973997833,0.6668472372697725,0.4247020585048754,5,0,0.0,Hoch GPT-exponiert mit begrenzten Wechseloptionen
43-4141.00,New Accounts Clerks,0.6,3,38.9,-13.2,2.3,92.19934994582883,True,0.03791982665222102,0.29198266522210187,0.16495124593716143,5,0,0.0,Hoch GPT-exponiert mit begrenzten Wechseloptionen
43-4151.00,Order Clerks,0.6,2,89.5,-17.2,8.0,92.19934994582883,True,0.018418201516793065,0.5579631635969664,0.28819068255687974,5,0,0.0,Hoch GPT-exponiert mit begrenzten Wechseloptionen
43-4161.00,"Human Resources Assistants, Except Payroll and Timekeeping",0.4655172413793103,3,95.2,-7.1,9.0,73.88949079089923,False,0.08342361863488625,0.5845070422535211,0.3339653304442037,5,0,0.0,Nicht hoch GPT-exponiert
43-4171.00,Receptionists and Information Clerks,0.5833333333333334,2,1007.2,0.0,128.5,90.30335861321777,True,0.2681473456121343,0.9588299024918743,0.6134886240520043,5,1,0.2,Hoch GPT-exponiert mit begrenzten Wechseloptionen
43-4181.00,Reservation and Transportation Ticket Agents and Travel Clerks,0.5285714285714286,2,131.9,2.8,14.4,84.12784398699891,True,0.48537378114842905,0.6960996749729144,0.5907367280606717,5,2,0.4,Hoch GPT-exponiert mit guten Wechseloptionen
43-5011.00,Cargo and Freight Agents,0.2727272727272727,2,100.6,8.5,8.8,45.61213434452871,False,0.886240520043337,0.5796316359696642,0.7329360780065006,5,0,0.0,Nicht hoch GPT-exponiert
43-5011.01,Freight Forwarders,0.5849056603773585,2,100.6,8.5,8.8,90.465872156013,True,0.886240520043337,0.5796316359696642,0.7329360780065006,5,1,0.2,Hoch GPT-exponiert mit begrenzten Wechseloptionen
43-5021.00,Couriers and Messengers,0.1551724137931034,2,247.2,8.2,27.9,32.3943661971831,False,0.8764897074756229,0.80931744312026,0.8429035752979415,5,0,0.0,Nicht hoch GPT-exponiert
43-5031.00,Public Safety Telecommunicators,0.59375,2,105.2,3.5,10.7,91.65763813651138,True,0.570964247020585,0.6273022751895991,0.5991332611050921,5,3,0.6,Hoch GPT-exponiert mit guten Wechseloptionen
43-5032.00,"Dispatchers, Except Police, Fire, and Ambulance",0.6521739130434783,2,218.7,-0.9,18.5,95.93716143011918,True,0.228602383531961,0.7432286023835319,0.4859154929577465,5,3,0.6,Hoch GPT-exponiert mit guten Wechseloptionen
43-5041.00,"Meter Readers, Utilities",0.3541666666666666,2,20.1,-12.0,1.3,56.82556879739978,False,0.04496208017334778,0.19393282773564463,0.11944745395449621,5,1,0.2,Nicht hoch GPT-exponiert
43-5051.00,Postal Service Clerks,0.2777777777777778,2,74.2,-3.5,6.1,46.37053087757313,False,0.15059588299024917,0.5054171180931745,0.3280065005417118,5,0,0.0,Nicht hoch GPT-exponiert
43-5052.00,Postal Service Mail Carriers,0.3461538461538461,2,319.4,-3.5,20.6,55.52546045503792,False,0.15059588299024917,0.7556879739978332,0.45314192849404117,5,1,0.2,Nicht hoch GPT-exponiert
43-5053.00,"Postal Service Mail Sorters, Processors, and Processing Machine Operators",0.125,2,106.4,-8.4,7.8,27.627302275189596,False,0.07150595882990249,0.5509209100758397,0.3112134344528711,5,0,0.0,Nicht hoch GPT-exponiert
43-5061.00,"Production, Planning, and Expediting Clerks",0.5192307692307693,2,388.8,-1.8,34.1,82.5027085590466,True,0.19609967497291442,0.8429035752979415,0.519501625135428,5,2,0.4,Hoch GPT-exponiert mit guten Wechseloptionen
43-5071.00,"Shipping, Receiving, and Inventory Clerks",0.3571428571428571,2,862.2,-7.7,69.3,57.52979414951246,False,0.08017334777898158,0.9079089924160346,0.4940411700975081,5,2,0.4,Nicht hoch GPT-exponiert
43-5111.00,"Weighers, Measurers, Checkers, and Samplers, Recordkeeping",0.2758620689655172,2,49.8,-4.8,5.3,45.937161430119176,False,0.1256771397616468,0.4750812567713976,0.3003791982665222,5,3,0.6,Nicht hoch GPT-exponiert
43-6011.00,Executive Secretaries and Executive Administrative Assistants,0.7432432432432433,3,502.8,-1.6,50.0,99.02491874322861,True,0.20693391115926327,0.8808234019501625,0.5438786565547129,5,4,0.8,Hoch GPT-exponiert mit guten Wechseloptionen
43-6012.00,Legal Secretaries and Administrative Assistants,0.7608695652173912,3,156.3,-5.8,19.6,99.24160346695558,True,0.1056338028169014,0.7486457204767064,0.4271397616468039,5,2,0.4,Hoch GPT-exponiert mit guten Wechseloptionen
43-6013.00,Medical Secretaries and Administrative Assistants,0.611111111111111,2,850.0,4.2,85.9,92.95774647887323,True,0.6505958829902492,0.9317443120260022,0.7911700975081257,5,2,0.4,Hoch GPT-exponiert mit guten Wechseloptionen
43-6014.00,"Secretaries and Administrative Assistants, Except Legal, Medical, and Executive",0.5673076923076923,2,1944.0,-1.6,202.8,88.19068255687974,True,0.20693391115926327,0.9815817984832069,0.594257854821235,5,0,0.0,Hoch GPT-exponiert mit begrenzten Wechseloptionen
43-9021.00,Data Entry Keyers,0.4999999999999999,2,141.6,-25.9,9.5,78.43986998916577,False,0.005958829902491874,0.600216684723727,0.30308775731310944,5,0,0.0,Nicht hoch GPT-exponiert
43-9022.00,Word Processors and Typists,0.4864864864864865,2,40.0,-36.1,2.2,77.51895991332611,False,0.0010834236186348862,0.2833152762730228,0.14219934994582883,5,0,0.0,Nicht hoch GPT-exponiert
43-9031.00,Desktop Publishers,0.4838709677419355,3,5.0,-12.4,0.4,77.08559046587216,False,0.04225352112676056,0.05579631635969664,0.049024918743228604,5,1,0.2,Nicht hoch GPT-exponiert
43-9041.00,Insurance Claims and Policy Processing Clerks,0.5119047619047619,2,256.7,-3.7,20.3,81.47345612134345,True,0.14680390032502708,0.7535211267605634,0.45016251354279524,5,1,0.2,Hoch GPT-exponiert mit begrenzten Wechseloptionen
43-9051.00,"Mail Clerks and Mail Machine Operators, Except Postal Service",0.1216216216216216,2,67.4,-6.6,6.9,26.706392199349942,False,0.08992416034669556,0.5303358613217768,0.3101300108342362,5,0,0.0,Nicht hoch GPT-exponiert
43-9061.00,"Office Clerks, General",0.5,2,2646.0,-6.7,282.4,79.68580715059588,True,0.08829902491874322,0.9859154929577465,0.5371072589382448,5,0,0.0,Hoch GPT-exponiert mit begrenzten Wechseloptionen
43-9071.00,"Office Machine Operators, Except Computer",0.1764705882352941,2,25.5,-15.2,2.8,35.15709642470206,False,0.02600216684723727,0.34073672806067173,0.1833694474539545,5,0,0.0,Nicht hoch GPT-exponiert
43-9081.00,Proofreaders and Copy Markers,0.6000000000000001,4,12.0,-0.6,1.9,92.41603466955578,True,0.24485373781148428,0.2535211267605634,0.24918743228602383,5,0,0.0,Hoch GPT-exponiert mit begrenzten Wechseloptionen
43-9111.00,Statistical Assistants,0.6739130434782609,4,6.5,-2.5,0.8,96.6955579631636,True,0.1771397616468039,0.11755146262188516,0.14734561213434452,5,1,0.2,Hoch GPT-exponiert mit begrenzten Wechseloptionen
45-1011.00,"First-Line Supervisors of Farming, Fishing, and Forestry Workers",0.1578947368421052,3,65.4,2.5,8.5,32.71939328277356,False,0.46208017334777896,0.570964247020585,0.516522210184182,5,0,0.0,Nicht hoch GPT-exponiert
45-2011.00,Agricultural Inspectors,0.2916666666666666,2,14.7,1.5,2.2,48.429035752979416,False,0.3531960996749729,0.2833152762730228,0.31825568797399784,5,2,0.4,Nicht hoch GPT-exponiert
45-2021.00,Animal Breeders,0.0757575757575757,2,7.9,2.4,1.2,19.555796316359697,False,0.45016251354279524,0.17876489707475623,0.31446370530877576,5,0,0.0,Nicht hoch GPT-exponiert
45-2041.00,"Graders and Sorters, Agricultural Products",0.05,2,38.9,-5.4,5.1,14.030335861321777,False,0.11592632719393282,0.46803900325027087,0.29198266522210187,5,1,0.2,Nicht hoch GPT-exponiert
45-2091.00,Agricultural Equipment Operators,0.0,2,65.2,7.7,10.5,3.1960996749729147,False,0.8613217768147345,0.6218851570964247,0.7416034669555795,5,0,0.0,Nicht hoch GPT-exponiert
45-2092.00,"Farmworkers and Laborers, Crop, Nursery, and Greenhouse",0.0714285714285714,2,504.8,-3.3,71.7,18.201516793066087,False,0.1560130010834236,0.9122426868905742,0.5341278439869989,5,2,0.4,Nicht hoch GPT-exponiert
45-2093.00,"Farmworkers, Farm, Ranch, and Aquacultural Animals",0.078125,2,224.6,-5.0,31.2,19.989165763813652,False,0.1218851570964247,0.8212351029252438,0.47156013001083424,5,2,0.4,Nicht hoch GPT-exponiert
45-3031.00,Fishing and Hunting Workers,0.0087719298245614,2,21.9,-4.6,2.8,6.392199349945829,False,0.13163596966413868,0.34073672806067173,0.2361863488624052,5,0,0.0,Nicht hoch GPT-exponiert
45-4011.00,Forest and Conservation Workers,0.0652173913043478,2,10.8,-4.7,2.0,17.06392199349946,False,0.12838569880823403,0.2638136511375948,0.19609967497291442,5,0,0.0,Nicht hoch GPT-exponiert
45-4021.00,Fallers,0.125,2,5.6,-7.3,0.7,27.627302275189596,False,0.08234019501625135,0.10184182015167931,0.09209100758396532,5,1,0.2,Nicht hoch GPT-exponiert
45-4022.00,Logging Equipment Operators,0.0625,2,30.9,-1.4,4.2,16.30552546045504,False,0.21668472372697725,0.42903575297941493,0.3228602383531961,5,0,0.0,Nicht hoch GPT-exponiert
45-4023.00,Log Graders and Scalers,0.1578947368421052,2,4.6,-0.7,0.6,32.71939328277356,False,0.23835319609967498,0.08559046587215602,0.1619718309859155,5,1,0.2,Nicht hoch GPT-exponiert
47-1011.00,First-Line Supervisors of Construction Trades and Extraction Workers,0.2,3,921.6,5.3,74.4,37.37811484290358,False,0.7535211267605634,0.9171180931744312,0.8353196099674973,5,0,0.0,Nicht hoch GPT-exponiert
47-1011.03,Solar Energy Installation Managers,0.2666666666666666,3,921.6,5.3,74.4,45.016251354279525,False,0.7535211267605634,0.9171180931744312,0.8353196099674973,5,2,0.4,Nicht hoch GPT-exponiert
47-2011.00,Boilermakers,0.0,2,10.4,-2.4,0.8,3.1960996749729147,False,0.17984832069339113,0.11755146262188516,0.14869989165763814,5,0,0.0,Nicht hoch GPT-exponiert
47-2021.00,Brickmasons and Blockmasons,0.0,2,74.1,3.2,5.6,3.1960996749729147,False,0.5330444203683641,0.49512459371614304,0.5140845070422535,5,0,0.0,Nicht hoch GPT-exponiert
47-2022.00,Stonemasons,0.0,2,12.1,-3.0,0.8,3.1960996749729147,False,0.1635969664138678,0.11755146262188516,0.1405742145178765,5,0,0.0,Nicht hoch GPT-exponiert
47-2031.00,Carpenters,0.0888888888888888,2,959.0,4.5,74.1,22.48104008667389,False,0.6923076923076923,0.914409534127844,0.8033586132177681,5,4,0.8,Nicht hoch GPT-exponiert
47-2041.00,Carpet Installers,0.03125,2,20.3,-9.6,1.1,9.69664138678223,False,0.06392199349945829,0.1635969664138678,0.11375947995666305,5,0,0.0,Nicht hoch GPT-exponiert
47-2042.00,"Floor Layers, Except Carpet, Wood, and Hard Tiles",0.0,2,33.7,9.5,2.7,3.1960996749729147,False,0.9122426868905742,0.33098591549295775,0.621614301191766,5,0,0.0,Nicht hoch GPT-exponiert
47-2043.00,Floor Sanders and Finishers,0.0,2,5.6,2.6,0.4,3.1960996749729147,False,0.4745395449620802,0.05579631635969664,0.2651679306608884,5,0,0.0,Nicht hoch GPT-exponiert
47-2044.00,Tile and Stone Setters,0.0375,2,52.6,10.1,4.2,10.834236186348862,False,0.9209100758396533,0.42903575297941493,0.6749729144095341,5,0,0.0,Nicht hoch GPT-exponiert
47-2051.00,Cement Masons and Concrete Finishers,0.0,2,206.7,1.8,14.3,3.1960996749729147,False,0.3851570964247021,0.6912242686890574,0.5381906825568797,5,0,0.0,Nicht hoch GPT-exponiert
47-2053.00,Terrazzo Workers and Finishers,0.0227272727272727,2,1.5,-11.1,0.1,7.854821235102925,False,0.05308775731310943,0.011375947995666305,0.03223185265438787,5,0,0.0,Nicht hoch GPT-exponiert
47-2061.00,Construction Laborers,0.025,2,1457.0,7.3,129.4,8.28819068255688,False,0.8553629469122427,0.9599133261105092,0.9076381365113759,5,0,0.0,Nicht hoch GPT-exponiert
47-2071.00,"Paving, Surfacing, and Tamping Equipment Operators",0.0,2,47.0,3.2,4.0,3.1960996749729147,False,0.5330444203683641,0.4122426868905742,0.47264355362946914,5,0,0.0,Nicht hoch GPT-exponiert
47-2072.00,Pile Driver Operators,0.0,2,3.2,4.3,0.3,3.1960996749729147,False,0.6619718309859155,0.03791982665222102,0.34994582881906827,5,0,0.0,Nicht hoch GPT-exponiert
47-2073.00,Operating Engineers and Other Construction Equipment Operators,0.0869565217391304,2,489.3,3.6,41.9,21.885157096424702,False,0.5828819068255688,0.8602383531960996,0.7215601300108343,5,1,0.2,Nicht hoch GPT-exponiert
47-2081.00,Drywall and Ceiling Tile Installers,0.0208333333333333,2,103.1,4.2,7.7,7.421451787648971,False,0.6505958829902492,0.5455037919826652,0.5980498374864571,5,0,0.0,Nicht hoch GPT-exponiert
47-2082.00,Tapers,0.0,2,15.6,0.1,1.1,3.1960996749729147,False,0.27302275189599134,0.1635969664138678,0.21830985915492956,5,0,0.0,Nicht hoch GPT-exponiert
47-2111.00,Electricians,0.1463414634146341,3,818.7,9.5,81.0,31.4192849404117,False,0.9122426868905742,0.9274106175514626,0.9198266522210183,5,2,0.4,Nicht hoch GPT-exponiert
47-2121.00,Glaziers,0.03125,2,60.5,3.3,5.1,9.69664138678223,False,0.5444203683640303,0.46803900325027087,0.5062296858071506,5,0,0.0,Nicht hoch GPT-exponiert
47-2131.00,"Insulation Workers, Floor, Ceiling, and Wall",0.1,2,40.2,3.8,3.4,24.052004333694473,False,0.6115926327193932,0.3781148429035753,0.49485373781148423,5,5,1.0,Nicht hoch GPT-exponiert
47-2132.00,"Insulation Workers, Mechanical",0.0454545454545454,2,27.2,4.7,2.3,13.488624052004333,False,0.7112676056338029,0.29198266522210187,0.5016251354279524,5,1,0.2,Nicht hoch GPT-exponiert
47-2141.00,"Painters, Construction and Maintenance",0.0285714285714285,2,342.2,3.8,28.1,9.209100758396534,False,0.6115926327193932,0.8104008667388949,0.7109967497291441,5,0,0.0,Nicht hoch GPT-exponiert
47-2142.00,Paperhangers,0.0,2,2.3,5.3,0.2,3.1960996749729147,False,0.7535211267605634,0.02275189599133261,0.388136511375948,5,0,0.0,Nicht hoch GPT-exponiert
47-2151.00,Pipelayers,0.0,2,34.4,-4.1,2.4,3.1960996749729147,False,0.14084507042253522,0.29956663055254606,0.22020585048754066,5,0,0.0,Nicht hoch GPT-exponiert
47-2152.00,"Plumbers, Pipefitters, and Steamfitters",0.0555555555555555,3,504.5,4.5,44.0,14.680390032502707,False,0.6923076923076923,0.8672806067172264,0.7797941495124594,5,1,0.2,Nicht hoch GPT-exponiert
47-2152.04,Solar Thermal Installers and Technicians,0.073170731707317,3,504.5,4.5,44.0,18.74322860238353,False,0.6923076923076923,0.8672806067172264,0.7797941495124594,5,0,0.0,Nicht hoch GPT-exponiert
47-2161.00,Plasterers and Stucco Masons,0.0384615384615384,2,24.2,4.1,1.9,11.105092091007585,False,0.6392199349945829,0.2535211267605634,0.4463705308775731,5,0,0.0,Nicht hoch GPT-exponiert
47-2171.00,Reinforcing Iron and Rebar Workers,0.0,2,19.4,4.6,1.5,3.1960996749729147,False,0.7053087757313109,0.21451787648970747,0.45991332611050917,5,0,0.0,Nicht hoch GPT-exponiert
47-2181.00,Roofers,0.0,2,166.7,5.9,12.7,3.1960996749729147,False,0.7908992416034669,0.6462621885157096,0.7185807150595882,5,0,0.0,Nicht hoch GPT-exponiert
47-2211.00,Sheet Metal Workers,0.0394736842105263,2,127.0,2.4,10.6,11.592632719393283,False,0.45016251354279524,0.6240520043336945,0.5371072589382448,5,0,0.0,Nicht hoch GPT-exponiert
47-2221.00,Structural Iron and Steel Workers,0.0,2,65.7,4.4,5.5,3.1960996749729147,False,0.676056338028169,0.48808234019501623,0.5820693391115926,5,0,0.0,Nicht hoch GPT-exponiert
47-2231.00,Solar Photovoltaic Installers,0.11,2,28.6,42.1,4.1,25.352112676056336,False,0.9989165763813651,0.4219934994582882,0.7104550379198267,5,1,0.2,Nicht hoch GPT-exponiert
47-3011.00,"Helpers--Brickmasons, Blockmasons, Stonemasons, and Tile and Marble Setters",0.0,2,16.1,-10.5,1.4,3.1960996749729147,False,0.05796316359696641,0.2047670639219935,0.13136511375947996,5,0,0.0,Nicht hoch GPT-exponiert
47-3012.00,Helpers--Carpenters,0.0,2,25.2,4.5,2.7,3.1960996749729147,False,0.6923076923076923,0.33098591549295775,0.511646803900325,5,0,0.0,Nicht hoch GPT-exponiert
47-3013.00,Helpers--Electricians,0.0,2,66.6,0.2,6.8,3.1960996749729147,False,0.2768147345612134,0.5276273022751896,0.4022210184182015,5,0,0.0,Nicht hoch GPT-exponiert
47-3014.00,"Helpers--Painters, Paperhangers, Plasterers, and Stucco Masons",0.0,2,7.4,2.3,0.8,3.1960996749729147,False,0.4409534127843987,0.11755146262188516,0.27925243770314195,5,0,0.0,Nicht hoch GPT-exponiert
47-3015.00,"Helpers--Pipelayers, Plumbers, Pipefitters, and Steamfitters",0.0,2,45.3,4.9,4.9,3.1960996749729147,False,0.723726977248104,0.4599133261105092,0.5918201516793066,5,0,0.0,Nicht hoch GPT-exponiert
47-3016.00,Helpers--Roofers,0.0,2,5.2,5.7,0.6,3.1960996749729147,False,0.7751895991332611,0.08559046587215602,0.4303900325027086,5,0,0.0,Nicht hoch GPT-exponiert
47-4011.00,Construction and Building Inspectors,0.1379310344827586,3,147.6,-0.8,14.8,29.360780065005414,False,0.23185265438786565,0.7047670639219935,0.46830985915492956,5,0,0.0,Nicht hoch GPT-exponiert
47-4011.01,Energy Auditors,0.4268292682926829,3,147.6,-0.8,14.8,68.85157096424702,False,0.23185265438786565,0.7047670639219935,0.46830985915492956,5,1,0.2,Nicht hoch GPT-exponiert
47-4021.00,Elevator and Escalator Installers and Repairers,0.0789473684210526,3,24.2,5.0,2.0,20.260021668472373,False,0.7345612134344529,0.2638136511375948,0.49918743228602386,5,0,0.0,Nicht hoch GPT-exponiert
47-4031.00,Fence Erectors,0.0256410256410256,2,26.4,4.6,2.3,8.450704225352112,False,0.7053087757313109,0.29198266522210187,0.4986457204767064,5,0,0.0,Nicht hoch GPT-exponiert
47-4041.00,Hazardous Materials Removal Workers,0.032258064516129,3,51.3,1.0,5.0,10.075839653304442,False,0.3120260021668472,0.46316359696641385,0.38759479956663057,5,0,0.0,Nicht hoch GPT-exponiert
47-4051.00,Highway Maintenance Workers,0.0,2,159.1,3.0,12.3,3.1960996749729147,False,0.5032502708559047,0.6419284940411701,0.5725893824485374,5,0,0.0,Nicht hoch GPT-exponiert
47-4061.00,Rail-Track Laying and Maintenance Equipment Operators,0.0,2,15.0,1.6,1.1,3.1960996749729147,False,0.3607800650054171,0.1635969664138678,0.26218851570964247,5,0,0.0,Nicht hoch GPT-exponiert
47-4071.00,Septic Tank Servicers and Sewer Pipe Cleaners,0.09375,2,30.4,7.6,2.9,23.185265438786566,False,0.8591549295774648,0.34994582881906827,0.6045503791982665,5,1,0.2,Nicht hoch GPT-exponiert
47-4091.00,Segmental Pavers,0.0833333333333333,2,35.0,3.5,3.1,21.180931744312026,False,0.570964247020585,0.35969664138678226,0.46533044420368364,5,3,0.6,Nicht hoch GPT-exponiert
47-4099.03,Weatherization Installers and Technicians,0.2,2,35.0,3.5,3.1,37.37811484290358,False,0.570964247020585,0.35969664138678226,0.46533044420368364,5,4,0.8,Nicht hoch GPT-exponiert
47-5011.00,"Derrick Operators, Oil and Gas",0.0,2,11.3,0.5,1.0,3.1960996749729147,False,0.2887323943661972,0.1495124593716143,0.21912242686890576,5,0,0.0,Nicht hoch GPT-exponiert
47-5012.00,"Rotary Drill Operators, Oil and Gas",0.0263157894736842,2,13.3,0.2,1.2,8.775731310942579,False,0.2768147345612134,0.17876489707475623,0.22778981581798483,5,0,0.0,Nicht hoch GPT-exponiert
47-5013.00,"Service Unit Operators, Oil and Gas",0.1451612903225806,2,45.2,0.4,4.1,31.094257854821233,False,0.28602383531960995,0.4219934994582882,0.3540086673889491,5,0,0.0,Nicht hoch GPT-exponiert
47-5022.00,"Excavating and Loading Machine and Dragline Operators, Surface Mining",0.0,2,35.8,-0.4,3.1,3.1960996749729147,False,0.2513542795232936,0.35969664138678226,0.3055254604550379,5,0,0.0,Nicht hoch GPT-exponiert
47-5023.00,"Earth Drillers, Except Oil and Gas",0.1136363636363636,2,18.3,2.9,1.7,25.839653304442038,False,0.4891657638136511,0.23672806067172264,0.3629469122426869,5,0,0.0,Nicht hoch GPT-exponiert
47-5032.00,"Explosives Workers, Ordnance Handling Experts, and Blasters",0.1145833333333333,2,5.8,-0.9,0.5,26.11050920910076,False,0.228602383531961,0.06988082340195016,0.14924160346695559,5,0,0.0,Nicht hoch GPT-exponiert
47-5041.00,Continuous Mining Machine Operators,0.06,2,14.9,0.6,1.6,15.872156013001085,False,0.29360780065005415,0.2258938244853738,0.259750812567714,5,0,0.0,Nicht hoch GPT-exponiert
47-5043.00,"Roof Bolters, Mining",0.0,2,2.3,-34.2,0.1,3.1960996749729147,False,0.0021668472372697724,0.011375947995666305,0.006771397616468039,5,0,0.0,Nicht hoch GPT-exponiert
47-5044.00,"Loading and Moving Machine Operators, Underground Mining",0.0813953488372093,2,6.4,-22.3,0.5,20.801733477789817,False,0.00866738894907909,0.06988082340195016,0.03927410617551463,5,1,0.2,Nicht hoch GPT-exponiert
47-5051.00,"Rock Splitters, Quarry",0.0769230769230769,2,3.2,4.4,0.4,19.772481040086674,False,0.676056338028169,0.05579631635969664,0.3659263271939328,5,0,0.0,Nicht hoch GPT-exponiert
47-5071.00,"Roustabouts, Oil and Gas",0.0,2,46.0,2.5,4.3,3.1960996749729147,False,0.46208017334777896,0.43391115926327195,0.44799566630552545,5,0,0.0,Nicht hoch GPT-exponiert
47-5081.00,Helpers--Extraction Workers,0.0652173913043478,2,7.0,-1.7,0.7,17.06392199349946,False,0.20151679306608883,0.10184182015167931,0.15167930660888407,5,2,0.4,Nicht hoch GPT-exponiert
49-1011.00,"First-Line Supervisors of Mechanics, Installers, and Repairers",0.2692307692307692,3,617.5,3.1,52.4,45.39544962080173,False,0.5216684723726978,0.8884073672806068,0.7050379198266523,5,0,0.0,Nicht hoch GPT-exponiert
49-2011.00,"Computer, Automated Teller, and Office Machine Repairers",0.2040816326530612,3,79.1,-0.9,7.6,37.70314192849404,False,0.228602383531961,0.5433369447453954,0.38596966413867817,5,0,0.0,Nicht hoch GPT-exponiert
49-2021.00,"Radio, Cellular, and Tower Equipment Installers and Repairers",0.0833333333333333,3,11.7,8.6,1.2,21.180931744312026,False,0.8911159263271939,0.17876489707475623,0.5349404117009751,5,0,0.0,Nicht hoch GPT-exponiert
49-2022.00,"Telecommunications Equipment Installers and Repairers, Except Line Installers",0.203125,3,156.9,-4.2,13.2,37.594799566630556,False,0.13867822318526543,0.6635969664138678,0.4011375947995666,5,2,0.4,Nicht hoch GPT-exponiert
49-2091.00,Avionics Technicians,0.14,3,21.4,8.2,1.8,30.065005417118094,False,0.8764897074756229,0.24647887323943662,0.5614842903575298,5,1,0.2,Nicht hoch GPT-exponiert
49-2092.00,"Electric Motor, Power Tool, and Related Repairers",0.0192307692307692,3,17.1,3.4,1.7,7.150595882990249,False,0.5579631635969664,0.23672806067172264,0.3973456121343445,5,0,0.0,Nicht hoch GPT-exponiert
49-2093.00,"Electrical and Electronics Installers and Repairers, Transportation Equipment",0.16,3,7.0,6.1,0.6,33.20693391115926,False,0.8022751895991332,0.08559046587215602,0.44393282773564463,5,0,0.0,Nicht hoch GPT-exponiert
49-2094.00,"Electrical and Electronics Repairers, Commercial and Industrial Equipment",0.282051282051282,3,61.1,-0.8,4.7,47.29144095341278,False,0.23185265438786565,0.447453954496208,0.33965330444203684,5,0,0.0,Nicht hoch GPT-exponiert
49-2095.00,"Electrical and Electronics Repairers, Powerhouse, Substation, and Relay",0.16,3,23.4,5.5,2.0,33.20693391115926,False,0.7643553629469122,0.2638136511375948,0.5140845070422535,5,0,0.0,Nicht hoch GPT-exponiert
49-2096.00,"Electronic Equipment Installers and Repairers, Motor Vehicles",0.125,3,10.3,-13.6,0.6,27.627302275189596,False,0.03358613217768147,0.08559046587215602,0.059588299024918745,5,0,0.0,Nicht hoch GPT-exponiert
49-2097.00,Audiovisual Equipment Installers and Repairers,0.0952380952380952,3,24.6,6.6,2.6,23.564463705308775,False,0.8331527627302275,0.32340195016251355,0.5782773564463706,5,0,0.0,Nicht hoch GPT-exponiert
49-2098.00,Security and Fire Alarm Systems Installers,0.1833333333333333,3,85.9,10.4,9.4,35.861321776814734,False,0.9219934994582882,0.5991332611050921,0.7605633802816902,5,0,0.0,Nicht hoch GPT-exponiert
49-3011.00,Aircraft Mechanics and Service Technicians,0.0597014925373134,3,139.4,4.0,11.3,15.70964247020585,False,0.628385698808234,0.6348862405200434,0.6316359696641387,5,0,0.0,Nicht hoch GPT-exponiert
49-3021.00,Automotive Body and Related Repairers,0.0425531914893617,2,172.6,1.6,14.6,12.892741061755148,False,0.3607800650054171,0.7031419284940412,0.5319609967497292,5,0,0.0,Nicht hoch GPT-exponiert
49-3022.00,Automotive Glass Installers and Repairers,0.0,2,20.4,3.6,1.4,3.1960996749729147,False,0.5828819068255688,0.2047670639219935,0.3938244853737812,5,0,0.0,Nicht hoch GPT-exponiert
49-3023.00,Automotive Service Technicians and Mechanics,0.0727272727272727,3,805.6,4.2,70.0,18.526543878656554,False,0.6505958829902492,0.9111592632719393,0.7808775731310942,5,1,0.2,Nicht hoch GPT-exponiert
49-3031.00,Bus and Truck Mechanics and Diesel Engine Specialists,0.0,3,319.9,2.4,26.5,3.1960996749729147,False,0.45016251354279524,0.8028169014084507,0.626489707475623,5,0,0.0,Nicht hoch GPT-exponiert
49-3041.00,Farm Equipment Mechanics and Service Technicians,0.173076923076923,3,39.0,11.0,3.7,34.88624052004334,False,0.9284940411700975,0.3873239436619718,0.6579089924160346,5,1,0.2,Nicht hoch GPT-exponiert
49-3042.00,"Mobile Heavy Equipment Mechanics, Except Engines",0.125,3,188.7,5.8,16.5,27.627302275189596,False,0.7833152762730228,0.7204767063921993,0.7518959913326111,5,1,0.2,Nicht hoch GPT-exponiert
49-3043.00,Rail Car Repairers,0.064516129032258,2,17.9,2.8,1.5,16.738894907908993,False,0.48537378114842905,0.21451787648970747,0.34994582881906827,5,1,0.2,Nicht hoch GPT-exponiert
49-3051.00,Motorboat Mechanics and Service Technicians,0.0384615384615384,3,26.2,6.0,2.6,11.105092091007585,False,0.795774647887324,0.32340195016251355,0.5595882990249188,5,0,0.0,Nicht hoch GPT-exponiert
49-3052.00,Motorcycle Mechanics,0.0,3,14.9,5.3,1.5,3.1960996749729147,False,0.7535211267605634,0.21451787648970747,0.4840195016251354,5,0,0.0,Nicht hoch GPT-exponiert
49-3053.00,Outdoor Power Equipment and Other Small Engine Mechanics,0.1071428571428571,2,36.9,2.5,3.5,24.810400866738895,False,0.46208017334777896,0.38136511375947996,0.42172264355362943,5,2,0.4,Nicht hoch GPT-exponiert
49-3091.00,Bicycle Repairers,0.0689655172413793,2,13.2,-2.3,1.6,17.822318526543878,False,0.18255687973997833,0.2258938244853738,0.20422535211267606,5,1,0.2,Nicht hoch GPT-exponiert
49-3092.00,Recreational Vehicle Service Technicians,0.0909090909090909,2,19.5,11.5,2.8,22.75189599133261,False,0.9393282773564464,0.34073672806067173,0.640032502708559,5,2,0.4,Nicht hoch GPT-exponiert
49-3093.00,Tire Repairers and Changers,0.0,2,113.4,5.7,15.3,3.1960996749729147,False,0.7751895991332611,0.7091007583965331,0.7421451787648972,5,0,0.0,Nicht hoch GPT-exponiert
49-9011.00,Mechanical Door Repairers,0.0681818181818181,2,28.4,11.4,2.7,17.6056338028169,False,0.9371614301191766,0.33098591549295775,0.6340736728060672,5,1,0.2,Nicht hoch GPT-exponiert
49-9012.00,"Control and Valve Installers and Repairers, Except Mechanical Door",0.0714285714285714,3,47.7,1.3,3.9,18.201516793066087,False,0.3418201516793066,0.4014084507042254,0.37161430119176597,5,0,0.0,Nicht hoch GPT-exponiert
49-9021.00,"Heating, Air Conditioning, and Refrigeration Mechanics and Installers",0.1403508771929824,3,425.2,8.1,40.1,30.227518959913326,False,0.8672806067172264,0.8559046587215602,0.8615926327193932,5,1,0.2,Nicht hoch GPT-exponiert
49-9031.00,Home Appliance Repairers,0.109090909090909,2,37.3,2.6,3.1,24.918743228602384,False,0.4745395449620802,0.35969664138678226,0.4171180931744312,5,1,0.2,Nicht hoch GPT-exponiert
49-9041.00,Industrial Machinery Mechanics,0.1451612903225806,3,439.6,16.1,45.7,31.094257854821233,False,0.9685807150595883,0.8710725893824486,0.9198266522210184,5,0,0.0,Nicht hoch GPT-exponiert
49-9043.00,"Maintenance Workers, Machinery",0.1142857142857142,3,57.5,-2.8,4.8,26.00216684723727,False,0.1695557963163597,0.45449620801733476,0.3120260021668472,5,0,0.0,Nicht hoch GPT-exponiert
49-9044.00,Millwrights,0.0434782608695652,2,41.3,0.0,3.6,13.109425785482124,False,0.2681473456121343,0.38461538461538464,0.3263813651137595,5,0,0.0,Nicht hoch GPT-exponiert
49-9045.00,"Refractory Materials Repairers, Except Brickmasons",0.0,2,1.1,-16.9,0.1,3.1960996749729147,False,0.01950162513542795,0.011375947995666305,0.01543878656554713,5,0,0.0,Nicht hoch GPT-exponiert
49-9051.00,Electrical Power-Line Installers and Repairers,0.0,2,127.4,6.6,10.7,3.1960996749729147,False,0.8331527627302275,0.6273022751895991,0.7302275189599133,5,0,0.0,Nicht hoch GPT-exponiert
49-9052.00,Telecommunications Line Installers and Repairers,0.03125,2,99.9,-3.1,8.9,9.69664138678223,False,0.16143011917659805,0.5828819068255688,0.3721560130010835,5,0,0.0,Nicht hoch GPT-exponiert
49-9061.00,Camera and Photographic Equipment Repairers,0.04,3,2.3,-15.1,0.2,11.863488624052005,False,0.027085590465872156,0.02275189599133261,0.024918743228602384,5,0,0.0,Nicht hoch GPT-exponiert
49-9062.00,Medical Equipment Repairers,0.2727272727272727,3,68.0,12.9,7.3,45.61213434452871,False,0.952329360780065,0.5384615384615384,0.7453954496208017,5,0,0.0,Nicht hoch GPT-exponiert
49-9063.00,Musical Instrument Repairers and Tuners,0.0,3,6.2,1.4,0.6,3.1960996749729147,False,0.3466955579631636,0.08559046587215602,0.2161430119176598,5,0,0.0,Nicht hoch GPT-exponiert
49-9064.00,Watch and Clock Repairers,0.1666666666666666,3,1.4,-1.1,0.1,33.91115926327194,False,0.223726977248104,0.011375947995666305,0.11755146262188515,5,0,0.0,Nicht hoch GPT-exponiert
49-9071.00,"Maintenance and Repair Workers, General",0.0784313725490196,3,1629.7,3.8,159.8,20.151679306608884,False,0.6115926327193932,0.9664138678223185,0.7890032502708559,5,1,0.2,Nicht hoch GPT-exponiert
49-9081.00,Wind Turbine Service Technicians,0.0434782608695652,3,13.6,49.9,2.3,13.109425785482124,False,1.0,0.29198266522210187,0.6459913326110509,5,0,0.0,Nicht hoch GPT-exponiert
49-9091.00,"Coin, Vending, and Amusement Machine Servicers and Repairers",0.1964285714285714,2,32.5,-2.9,3.5,37.05308775731311,False,0.1657638136511376,0.38136511375947996,0.2735644637053088,5,1,0.2,Nicht hoch GPT-exponiert
49-9092.00,Commercial Divers,0.0888888888888888,3,4.2,8.5,0.4,22.48104008667389,False,0.886240520043337,0.05579631635969664,0.4710184182015168,5,0,0.0,Nicht hoch GPT-exponiert
49-9094.00,Locksmiths and Safe Repairers,0.08,2,18.8,-8.3,1.7,20.422535211267608,False,0.07313109425785481,0.23672806067172264,0.15492957746478872,5,1,0.2,Nicht hoch GPT-exponiert
49-9095.00,Manufactured Building and Mobile Home Installers,0.1153846153846153,2,3.1,5.9,0.3,26.218851570964247,False,0.7908992416034669,0.03791982665222102,0.414409534127844,5,2,0.4,Nicht hoch GPT-exponiert
49-9096.00,Riggers,0.037037037037037,2,24.6,3.2,2.5,10.67172264355363,False,0.5330444203683641,0.3120260021668472,0.4225352112676056,5,0,0.0,Nicht hoch GPT-exponiert
49-9097.00,Signal and Track Switch Repairers,0.0384615384615384,3,8.7,1.7,0.8,11.105092091007585,False,0.37378114842903576,0.11755146262188516,0.24566630552546045,5,0,0.0,Nicht hoch GPT-exponiert
49-9098.00,"Helpers--Installation, Maintenance, and Repair Workers",0.0,2,98.7,2.3,11.8,3.1960996749729147,False,0.4409534127843987,0.638136511375948,0.5395449620801733,5,0,0.0,Nicht hoch GPT-exponiert
49-9099.01,Geothermal Technicians,0.3064516129032258,2,221.2,2.4,21.5,50.05417118093174,False,0.45016251354279524,0.761646803900325,0.6059046587215602,5,0,0.0,Nicht hoch GPT-exponiert
51-1011.00,First-Line Supervisors of Production and Operating Workers,0.225,3,698.6,1.2,67.7,39.436619718309856,False,0.33098591549295775,0.905742145178765,0.6183640303358613,5,0,0.0,Nicht hoch GPT-exponiert
51-2011.00,"Aircraft Structure, Surfaces, Rigging, and Systems Assemblers",0.025,2,33.6,-14.5,2.8,8.28819068255688,False,0.02925243770314193,0.34073672806067173,0.18499458288190684,5,0,0.0,Nicht hoch GPT-exponiert
51-2021.00,"Coil Winders, Tapers, and Finishers",0.1388888888888889,2,12.2,-6.3,1.2,29.739978331527627,False,0.09588299024918744,0.17876489707475623,0.13732394366197184,5,1,0.2,Nicht hoch GPT-exponiert
51-2022.00,Electrical and Electronic Equipment Assemblers,0.0576923076923076,2,261.4,4.6,29.6,15.276273022751896,False,0.7053087757313109,0.814192849404117,0.7597508125677139,5,1,0.2,Nicht hoch GPT-exponiert
51-2023.00,Electromechanical Equipment Assemblers,0.0,2,261.4,4.6,29.6,3.1960996749729147,False,0.7053087757313109,0.814192849404117,0.7597508125677139,5,0,0.0,Nicht hoch GPT-exponiert
51-2031.00,Engine and Other Machine Assemblers,0.0,2,38.4,-21.1,2.8,3.1960996749729147,False,0.011917659804983749,0.34073672806067173,0.17632719393282775,5,0,0.0,Nicht hoch GPT-exponiert
51-2041.00,Structural Metal Fabricators and Fitters,0.0227272727272727,2,53.8,-16.3,4.1,7.854821235102925,False,0.021668472372697724,0.4219934994582882,0.22183098591549294,5,0,0.0,Nicht hoch GPT-exponiert
51-2051.00,Fiberglass Laminators and Fabricators,0.0833333333333333,2,18.6,4.2,2.1,21.180931744312026,False,0.6505958829902492,0.27410617551462624,0.4623510292524377,5,1,0.2,Nicht hoch GPT-exponiert
51-2061.00,Timing Device Assemblers and Adjusters,0.0,2,0.2,-17.5,0.0,3.1960996749729147,False,0.01733477789815818,0.0027085590465872156,0.010021668472372697,5,0,0.0,Nicht hoch GPT-exponiert
51-2092.00,Team Assemblers,0.088235294117647,2,1467.1,-0.1,156.3,22.21018418201517,False,0.2611050920910076,0.9642470205850487,0.6126760563380281,5,1,0.2,Nicht hoch GPT-exponiert
51-3011.00,Bakers,0.1176470588235294,2,249.1,5.6,39.9,26.327193932827736,False,0.7697724810400867,0.8548212351029253,0.812296858071506,5,0,0.0,Nicht hoch GPT-exponiert
51-3021.00,Butchers and Meat Cutters,0.0263157894736842,2,143.1,1.0,16.9,8.775731310942579,False,0.3120260021668472,0.7226435536294691,0.5173347778981582,5,0,0.0,Nicht hoch GPT-exponiert
51-3022.00,"Meat, Poultry, and Fish Cutters and Trimmers",0.0,2,146.8,5.5,18.4,3.1960996749729147,False,0.7643553629469122,0.7388949079089924,0.7516251354279523,5,0,0.0,Nicht hoch GPT-exponiert
51-3023.00,Slaughterers and Meat Packers,0.0,2,69.6,2.2,8.4,3.1960996749729147,False,0.43066088840736727,0.5644637053087758,0.4975622968580715,5,0,0.0,Nicht hoch GPT-exponiert
51-3091.00,"Food and Tobacco Roasting, Baking, and Drying Machine Operators and Tenders",0.0666666666666666,2,20.7,0.6,2.4,17.388949079089926,False,0.29360780065005415,0.29956663055254606,0.2965872156013001,5,0,0.0,Nicht hoch GPT-exponiert
51-3092.00,Food Batchmakers,0.1538461538461538,2,173.5,6.9,24.2,32.231852654387865,False,0.8418201516793066,0.7876489707475623,0.8147345612134345,5,0,0.0,Nicht hoch GPT-exponiert
51-3093.00,Food Cooking Machine Operators and Tenders,0.032258064516129,2,29.7,0.6,4.4,10.075839653304442,False,0.29360780065005415,0.43824485373781147,0.3659263271939328,5,0,0.0,Nicht hoch GPT-exponiert
51-4021.00,"Extruding and Drawing Machine Setters, Operators, and Tenders, Metal and Plastic",0.0833333333333333,2,66.0,1.2,6.5,21.180931744312026,False,0.33098591549295775,0.5200433369447454,0.42551462621885155,5,0,0.0,Nicht hoch GPT-exponiert
51-4022.00,"Forging Machine Setters, Operators, and Tenders, Metal and Plastic",0.0416666666666666,2,8.8,-18.9,0.6,12.459371614301192,False,0.014084507042253521,0.08559046587215602,0.04983748645720477,5,0,0.0,Nicht hoch GPT-exponiert
51-4023.00,"Rolling Machine Setters, Operators, and Tenders, Metal and Plastic",0.0735294117647058,2,22.5,-8.3,1.9,18.905742145178763,False,0.07313109425785481,0.2535211267605634,0.1633261105092091,5,0,0.0,Nicht hoch GPT-exponiert
51-4031.00,"Cutting, Punching, and Press Machine Setters, Operators, and Tenders, Metal and Plastic",0.02,2,174.7,-12.1,14.4,7.258938244853738,False,0.04333694474539545,0.6960996749729144,0.3697183098591549,5,0,0.0,Nicht hoch GPT-exponiert
51-4032.00,"Drilling and Boring Machine Tool Setters, Operators, and Tenders, Metal and Plastic",0.0,2,5.3,-19.6,0.4,3.1960996749729147,False,0.013001083423618635,0.05579631635969664,0.034398699891657634,5,0,0.0,Nicht hoch GPT-exponiert
51-4033.00,"Grinding, Lapping, Polishing, and Buffing Machine Tool Setters, Operators, and Tenders, Metal and Plastic",0.064516129032258,2,70.1,-12.0,5.5,16.738894907908993,False,0.04496208017334778,0.48808234019501623,0.266522210184182,5,0,0.0,Nicht hoch GPT-exponiert
51-4034.00,"Lathe and Turning Machine Tool Setters, Operators, and Tenders, Metal and Plastic",0.032258064516129,2,18.9,-13.6,1.5,10.075839653304442,False,0.03358613217768147,0.21451787648970747,0.12405200433369447,5,0,0.0,Nicht hoch GPT-exponiert
51-4035.00,"Milling and Planing Machine Setters, Operators, and Tenders, Metal and Plastic",0.0689655172413793,2,13.8,-14.4,1.1,17.822318526543878,False,0.030335861321776816,0.1635969664138678,0.09696641386782232,5,0,0.0,Nicht hoch GPT-exponiert
51-4041.00,Machinists,0.1326530612244897,3,299.5,0.0,29.5,28.76489707475623,False,0.2681473456121343,0.8120260021668473,0.5400866738894908,5,0,0.0,Nicht hoch GPT-exponiert
51-4051.00,Metal-Refining Furnace Operators and Tenders,0.0416666666666666,2,20.8,-2.3,2.0,12.459371614301192,False,0.18255687973997833,0.2638136511375948,0.22318526543878658,5,0,0.0,Nicht hoch GPT-exponiert
51-4052.00,"Pourers and Casters, Metal",0.0,2,5.9,-4.7,0.6,3.1960996749729147,False,0.12838569880823403,0.08559046587215602,0.10698808234019502,5,0,0.0,Nicht hoch GPT-exponiert
51-4061.00,"Model Makers, Metal and Plastic",0.0967741935483871,3,3.2,-18.2,0.3,23.8353196099675,False,0.015167930660888408,0.03791982665222102,0.026543878656554713,5,0,0.0,Nicht hoch GPT-exponiert
51-4062.00,"Patternmakers, Metal and Plastic",0.1304347826086956,3,1.6,-24.4,0.1,28.602383531960996,False,0.007583965330444204,0.011375947995666305,0.009479956663055254,5,0,0.0,Nicht hoch GPT-exponiert
51-4071.00,Foundry Mold and Coremakers,0.0,2,12.7,-25.9,0.9,3.1960996749729147,False,0.005958829902491874,0.13488624052004333,0.07042253521126761,5,0,0.0,Nicht hoch GPT-exponiert
51-4072.00,"Molding, Coremaking, and Casting Machine Setters, Operators, and Tenders, Metal and Plastic",0.0348837209302325,2,154.6,-3.8,15.9,10.400866738894909,False,0.14355362946912242,0.7166847237269772,0.4301191765980498,5,0,0.0,Nicht hoch GPT-exponiert
51-4081.00,"Multiple Machine Tool Setters, Operators, and Tenders, Metal and Plastic",0.141025641025641,2,131.0,-0.5,12.8,30.498374864572046,False,0.24810400866738894,0.6511375947995667,0.4496208017334778,5,0,0.0,Nicht hoch GPT-exponiert
51-4111.00,Tool and Die Makers,0.109375,3,55.2,-10.8,4.7,25.081256771397616,False,0.05471289274106175,0.447453954496208,0.2510834236186349,5,0,0.0,Nicht hoch GPT-exponiert
51-4121.00,"Welders, Cutters, Solderers, and Brazers",0.0392156862745098,2,457.3,2.2,45.6,11.43011917659805,False,0.43066088840736727,0.8699891657638137,0.6503250270855905,5,0,0.0,Nicht hoch GPT-exponiert
51-4122.00,"Welding, Soldering, and Brazing Machine Setters, Operators, and Tenders",0.0568181818181818,2,38.9,-9.0,3.2,15.059588299024917,False,0.06663055254604551,0.36836403033586135,0.21749729144095342,5,0,0.0,Nicht hoch GPT-exponiert
51-4191.00,"Heat Treating Equipment Setters, Operators, and Tenders, Metal and Plastic",0.0588235294117647,2,14.8,-12.8,1.2,15.492957746478872,False,0.041170097508125676,0.17876489707475623,0.10996749729144095,5,0,0.0,Nicht hoch GPT-exponiert
51-4192.00,"Layout Workers, Metal and Plastic",0.1521739130434782,2,5.7,-5.4,0.5,32.06933911159263,False,0.11592632719393282,0.06988082340195016,0.09290357529794149,5,1,0.2,Nicht hoch GPT-exponiert
51-4193.00,"Plating Machine Setters, Operators, and Tenders, Metal and Plastic",0.0416666666666666,2,31.7,-13.6,2.5,12.459371614301192,False,0.03358613217768147,0.3120260021668472,0.17280606717226435,5,0,0.0,Nicht hoch GPT-exponiert
51-4194.00,"Tool Grinders, Filers, and Sharpeners",0.0,2,5.8,-7.8,0.5,3.1960996749729147,False,0.07746478873239436,0.06988082340195016,0.07367280606717226,5,0,0.0,Nicht hoch GPT-exponiert
51-5111.00,Prepress Technicians and Workers,0.109375,3,26.2,-14.6,2.8,25.081256771397616,False,0.028169014084507043,0.34073672806067173,0.1844528710725894,5,0,0.0,Nicht hoch GPT-exponiert
51-5112.00,Printing Press Operators,0.125,2,150.2,-8.1,13.7,27.627302275189596,False,0.07583965330444203,0.6798483206933911,0.3778439869989165,5,0,0.0,Nicht hoch GPT-exponiert
51-5113.00,Print Binding and Finishing Workers,0.0641025641025641,2,35.8,-16.1,2.8,16.57638136511376,False,0.02275189599133261,0.34073672806067173,0.18174431202600216,5,0,0.0,Nicht hoch GPT-exponiert
51-6011.00,Laundry and Dry-Cleaning Workers,0.05,2,202.6,5.4,31.9,14.030335861321777,False,0.7589382448537378,0.8331527627302275,0.7960455037919827,5,1,0.2,Nicht hoch GPT-exponiert
51-6021.00,"Pressers, Textile, Garment, and Related Materials",0.0208333333333333,2,28.4,-13.5,2.8,7.421451787648971,False,0.03629469122426869,0.34073672806067173,0.18851570964247022,5,0,0.0,Nicht hoch GPT-exponiert
51-6031.00,Sewing Machine Operators,0.0232558139534883,2,124.0,-10.8,13.0,8.017334777898158,False,0.05471289274106175,0.6587215601300108,0.35671722643553627,5,0,0.0,Nicht hoch GPT-exponiert
51-6041.00,Shoe and Leather Workers and Repairers,0.0588235294117647,2,9.5,-3.8,0.9,15.492957746478872,False,0.14355362946912242,0.13488624052004333,0.13921993499458288,5,0,0.0,Nicht hoch GPT-exponiert
51-6042.00,Shoe Machine Operators and Tenders,0.0217391304347826,2,4.1,-3.7,0.4,7.638136511375948,False,0.14680390032502708,0.05579631635969664,0.10130010834236186,5,0,0.0,Nicht hoch GPT-exponiert
51-6051.00,"Sewers, Hand",0.0416666666666666,2,5.4,-7.0,0.7,12.459371614301192,False,0.08450704225352113,0.10184182015167931,0.09317443120260022,5,0,0.0,Nicht hoch GPT-exponiert
51-6052.00,"Tailors, Dressmakers, and Custom Sewers",0.0681818181818181,2,38.8,-4.5,5.0,17.6056338028169,False,0.13380281690140844,0.46316359696641385,0.29848320693391117,5,0,0.0,Nicht hoch GPT-exponiert
51-6061.00,Textile Bleaching and Dyeing Machine Operators and Tenders,0.1184210526315789,2,6.2,-10.1,0.7,26.435536294691225,False,0.06067172264355363,0.10184182015167931,0.08125677139761647,5,0,0.0,Nicht hoch GPT-exponiert
51-6062.00,"Textile Cutting Machine Setters, Operators, and Tenders",0.1428571428571428,2,9.3,-11.7,1.0,30.715059588299027,False,0.04658721560130011,0.1495124593716143,0.09804983748645721,5,0,0.0,Nicht hoch GPT-exponiert
51-6063.00,"Textile Knitting and Weaving Machine Setters, Operators, and Tenders",0.125,2,15.3,-11.2,1.7,27.627302275189596,False,0.05037919826652221,0.23672806067172264,0.14355362946912242,5,0,0.0,Nicht hoch GPT-exponiert
51-6064.00,"Textile Winding, Twisting, and Drawing Out Machine Setters, Operators, and Tenders",0.0714285714285714,2,21.7,-9.0,2.5,18.201516793066087,False,0.06663055254604551,0.3120260021668472,0.18932827735644636,5,0,0.0,Nicht hoch GPT-exponiert
51-6091.00,"Extruding and Forming Machine Setters, Operators, and Tenders, Synthetic and Glass Fibers",0.0862068965517241,2,15.2,-1.1,2.0,21.72264355362947,False,0.223726977248104,0.2638136511375948,0.2437703141928494,5,0,0.0,Nicht hoch GPT-exponiert
51-6092.00,Fabric and Apparel Patternmakers,0.1875,3,2.8,-10.2,0.3,36.13217768147345,False,0.059588299024918745,0.03791982665222102,0.04875406283856988,5,0,0.0,Nicht hoch GPT-exponiert
51-6093.00,Upholsterers,0.088235294117647,2,22.7,-1.8,2.2,22.21018418201517,False,0.19609967497291442,0.2833152762730228,0.2397074756229686,5,0,0.0,Nicht hoch GPT-exponiert
51-7011.00,Cabinetmakers and Bench Carpenters,0.0441176470588235,2,86.0,-1.6,8.1,13.326110509209101,False,0.20693391115926327,0.5601300108342362,0.38353196099674974,5,0,0.0,Nicht hoch GPT-exponiert
51-7021.00,Furniture Finishers,0.0714285714285714,2,20.5,-3.3,2.0,18.201516793066087,False,0.1560130010834236,0.2638136511375948,0.20991332611050922,5,1,0.2,Nicht hoch GPT-exponiert
51-7031.00,"Model Makers, Wood",0.1538461538461538,3,0.9,-4.5,0.1,32.231852654387865,False,0.13380281690140844,0.011375947995666305,0.07258938244853737,5,0,0.0,Nicht hoch GPT-exponiert
51-7032.00,"Patternmakers, Wood",0.282051282051282,3,0.5,-5.0,0.0,47.29144095341278,False,0.1218851570964247,0.0027085590465872156,0.06229685807150596,5,0,0.0,Nicht hoch GPT-exponiert
51-7041.00,"Sawing Machine Setters, Operators, and Tenders, Wood",0.0147058823529411,2,45.0,-0.6,4.8,6.825568797399784,False,0.24485373781148428,0.45449620801733476,0.3496749729144095,5,0,0.0,Nicht hoch GPT-exponiert
51-7042.00,"Woodworking Machine Setters, Operators, and Tenders, Except Sawing",0.0326086956521739,2,63.1,-1.8,6.4,10.292524377031418,False,0.19609967497291442,0.5173347778981582,0.35671722643553627,5,0,0.0,Nicht hoch GPT-exponiert
51-8011.00,Nuclear Power Reactor Operators,0.1212121212121212,3,5.7,-15.3,0.4,26.543878656554714,False,0.024918743228602384,0.05579631635969664,0.04035752979414951,5,0,0.0,Nicht hoch GPT-exponiert
51-8012.00,Power Distributors and Dispatchers,0.2499999999999999,3,9.3,-3.2,0.8,42.4160346695558,False,0.15872156013001085,0.11755146262188516,0.138136511375948,5,0,0.0,Nicht hoch GPT-exponiert
51-8013.00,Power Plant Operators,0.1111111111111111,2,31.6,-11.2,2.5,25.568797399783318,False,0.05037919826652221,0.3120260021668472,0.18120260021668472,5,0,0.0,Nicht hoch GPT-exponiert
51-8013.03,Biomass Plant Technicians,0.088235294117647,2,31.6,-11.2,2.5,22.21018418201517,False,0.05037919826652221,0.3120260021668472,0.18120260021668472,5,0,0.0,Nicht hoch GPT-exponiert
51-8013.04,Hydroelectric Plant Technicians,0.075,3,31.6,-11.2,2.5,19.284940411700973,False,0.05037919826652221,0.3120260021668472,0.18120260021668472,5,0,0.0,Nicht hoch GPT-exponiert
51-8021.00,Stationary Engineers and Boiler Operators,0.1046511627906976,3,33.3,2.2,3.8,24.48537378114843,False,0.43066088840736727,0.3916576381365114,0.4111592632719393,5,0,0.0,Nicht hoch GPT-exponiert
51-8031.00,Water and Wastewater Treatment Plant and System Operators,0.125,2,132.4,-6.5,10.7,27.627302275189596,False,0.09154929577464789,0.6273022751895991,0.3594257854821235,5,0,0.0,Nicht hoch GPT-exponiert
51-8091.00,Chemical Plant and System Operators,0.1515151515151515,2,18.1,-6.1,1.6,31.906825568797398,False,0.09913326110509209,0.2258938244853738,0.16251354279523295,5,1,0.2,Nicht hoch GPT-exponiert
51-8092.00,Gas Plant Operators,0.078125,2,16.2,-8.8,1.3,19.989165763813652,False,0.06933911159263272,0.19393282773564463,0.13163596966413868,5,0,0.0,Nicht hoch GPT-exponiert
51-8093.00,"Petroleum Pump System Operators, Refinery Operators, and Gaugers",0.1707317073170731,2,34.9,-2.8,3.2,34.398699891657635,False,0.1695557963163597,0.36836403033586135,0.2689599133261105,5,0,0.0,Nicht hoch GPT-exponiert
51-8099.01,Biofuels Processing Technicians,0.081081081081081,2,16.3,1.6,1.6,20.639219934994582,False,0.3607800650054171,0.2258938244853738,0.29333694474539546,5,0,0.0,Nicht hoch GPT-exponiert
51-9011.00,Chemical Equipment Operators and Tenders,0.0652173913043478,2,128.9,3.3,14.4,17.06392199349946,False,0.5444203683640303,0.6960996749729144,0.6202600216684724,5,0,0.0,Nicht hoch GPT-exponiert
51-9012.00,"Separating, Filtering, Clarifying, Precipitating, and Still Machine Setters, Operators, and Tenders",0.0857142857142857,2,54.4,-4.3,5.4,21.560130010834236,False,0.13651137594799567,0.4799566630552546,0.3082340195016251,5,0,0.0,Nicht hoch GPT-exponiert
51-9021.00,"Crushing, Grinding, and Polishing Machine Setters, Operators, and Tenders",0.081081081081081,2,28.7,-2.5,2.7,20.639219934994582,False,0.1771397616468039,0.33098591549295775,0.2540628385698808,5,0,0.0,Nicht hoch GPT-exponiert
51-9022.00,"Grinding and Polishing Workers, Hand",0.0357142857142857,2,11.8,-21.2,0.8,10.509209100758396,False,0.010834236186348862,0.11755146262188516,0.06419284940411701,5,0,0.0,Nicht hoch GPT-exponiert
51-9023.00,"Mixing and Blending Machine Setters, Operators, and Tenders",0.0833333333333333,2,101.1,-6.8,8.8,21.180931744312026,False,0.08613217768147345,0.5796316359696642,0.3328819068255688,5,0,0.0,Nicht hoch GPT-exponiert
51-9031.00,"Cutters and Trimmers, Hand",0.0,2,7.0,-18.1,0.6,3.1960996749729147,False,0.016251354279523293,0.08559046587215602,0.050920910075839654,5,0,0.0,Nicht hoch GPT-exponiert
51-9032.00,"Cutting and Slicing Machine Setters, Operators, and Tenders",0.0568181818181818,2,49.0,-2.3,5.3,15.059588299024917,False,0.18255687973997833,0.4750812567713976,0.32881906825568796,5,0,0.0,Nicht hoch GPT-exponiert
51-9041.00,"Extruding, Forming, Pressing, and Compacting Machine Setters, Operators, and Tenders",0.075,2,57.3,2.0,5.2,19.284940411700973,False,0.40303358613217766,0.47183098591549294,0.4374322860238353,5,0,0.0,Nicht hoch GPT-exponiert
51-9051.00,"Furnace, Kiln, Oven, Drier, and Kettle Operators and Tenders",0.04,2,16.5,3.0,1.9,11.863488624052005,False,0.5032502708559047,0.2535211267605634,0.37838569880823403,5,0,0.0,Nicht hoch GPT-exponiert
51-9061.00,"Inspectors, Testers, Sorters, Samplers, and Weighers",0.1770833333333333,2,598.0,0.0,69.9,35.31960996749729,False,0.2681473456121343,0.9100758396533044,0.5891115926327194,5,2,0.4,Nicht hoch GPT-exponiert
51-9071.00,Jewelers and Precious Stone and Metal Workers,0.125,3,35.1,-5.5,4.0,27.627302275189596,False,0.11213434452871072,0.4122426868905742,0.26218851570964247,5,1,0.2,Nicht hoch GPT-exponiert
51-9071.06,Gem and Diamond Workers,0.1428571428571428,3,35.1,-5.5,4.0,30.715059588299027,False,0.11213434452871072,0.4122426868905742,0.26218851570964247,5,1,0.2,Nicht hoch GPT-exponiert
51-9081.00,Dental Laboratory Technicians,0.0416666666666666,2,35.2,-4.7,3.9,12.459371614301192,False,0.12838569880823403,0.4014084507042254,0.2648970747562297,5,0,0.0,Nicht hoch GPT-exponiert
51-9082.00,Medical Appliance Technicians,0.1034482758620689,3,12.0,3.7,1.5,24.37703141928494,False,0.5964247020585048,0.21451787648970747,0.40547128927410614,5,1,0.2,Nicht hoch GPT-exponiert
51-9083.00,Ophthalmic Laboratory Technicians,0.0625,2,19.6,2.3,2.4,16.30552546045504,False,0.4409534127843987,0.29956663055254606,0.3702600216684724,5,0,0.0,Nicht hoch GPT-exponiert
51-9111.00,Packaging and Filling Machine Operators and Tenders,0.075,2,381.2,4.5,45.3,19.284940411700973,False,0.6923076923076923,0.8689057421451788,0.7806067172264355,5,0,0.0,Nicht hoch GPT-exponiert
51-9123.00,"Painting, Coating, and Decorating Workers",0.0294117647058823,2,8.8,1.4,0.8,9.317443120260021,False,0.3466955579631636,0.11755146262188516,0.23212351029252437,5,0,0.0,Nicht hoch GPT-exponiert
51-9124.00,"Coating, Painting, and Spraying Machine Setters, Operators, and Tenders",0.0108695652173913,2,165.5,0.7,15.8,6.608884073672806,False,0.30119176598049835,0.7145178764897074,0.5078548212351028,5,0,0.0,Nicht hoch GPT-exponiert
51-9141.00,Semiconductor Processing Technicians,0.0625,2,31.9,10.9,3.9,16.30552546045504,False,0.9247020585048754,0.4014084507042254,0.6630552546045504,5,0,0.0,Nicht hoch GPT-exponiert
51-9151.00,Photographic Process Workers and Processing Machine Operators,0.17,2,11.2,-2.6,1.5,34.236186348862404,False,0.17388949079089924,0.21451787648970747,0.19420368364030335,5,0,0.0,Nicht hoch GPT-exponiert
51-9161.00,Computer Numerically Controlled Tool Operators,0.18,2,177.1,-10.7,13.5,35.53629469122427,False,0.056338028169014086,0.6738894907908992,0.36511375947995667,5,0,0.0,Nicht hoch GPT-exponiert
51-9162.00,Computer Numerically Controlled Tool Programmers,0.3571428571428571,2,28.3,12.8,3.1,57.52979414951246,False,0.9507042253521126,0.35969664138678226,0.6552004333694474,5,2,0.4,Nicht hoch GPT-exponiert
51-9191.00,Adhesive Bonding Machine Operators and Tenders,0.0,2,12.2,1.0,1.3,3.1960996749729147,False,0.3120260021668472,0.19393282773564463,0.25297941495124593,5,0,0.0,Nicht hoch GPT-exponiert
51-9192.00,"Cleaning, Washing, and Metal Pickling Equipment Operators and Tenders",0.0526315789473684,2,14.6,3.6,1.6,14.355362946912242,False,0.5828819068255688,0.2258938244853738,0.4043878656554713,5,0,0.0,Nicht hoch GPT-exponiert
51-9193.00,Cooling and Freezing Equipment Operators and Tenders,0.04,2,7.1,7.2,0.8,11.863488624052005,False,0.852112676056338,0.11755146262188516,0.4848320693391116,5,0,0.0,Nicht hoch GPT-exponiert
51-9194.00,Etchers and Engravers,0.0303030303030303,2,8.6,-0.7,0.9,9.42578548212351,False,0.23835319609967498,0.13488624052004333,0.18661971830985916,5,0,0.0,Nicht hoch GPT-exponiert
51-9195.00,"Molders, Shapers, and Casters, Except Metal and Plastic",0.0172413793103448,2,41.7,6.2,5.5,7.042253521126761,False,0.8104008667388949,0.48808234019501623,0.6492416034669556,5,0,0.0,Nicht hoch GPT-exponiert
51-9195.03,"Stone Cutters and Carvers, Manufacturing",0.0434782608695652,2,41.7,6.2,5.5,13.109425785482124,False,0.8104008667388949,0.48808234019501623,0.6492416034669556,5,0,0.0,Nicht hoch GPT-exponiert
51-9195.04,"Glass Blowers, Molders, Benders, and Finishers",0.1136363636363636,2,41.7,6.2,5.5,25.839653304442038,False,0.8104008667388949,0.48808234019501623,0.6492416034669556,5,1,0.2,Nicht hoch GPT-exponiert
51-9195.05,"Potters, Manufacturing",0.0119047619047619,3,41.7,6.2,5.5,6.717226435536294,False,0.8104008667388949,0.48808234019501623,0.6492416034669556,5,0,0.0,Nicht hoch GPT-exponiert
51-9196.00,"Paper Goods Machine Setters, Operators, and Tenders",0.0263157894736842,2,97.5,-6.3,8.1,8.775731310942579,False,0.09588299024918744,0.5601300108342362,0.3280065005417118,5,0,0.0,Nicht hoch GPT-exponiert
51-9197.00,Tire Builders,0.0,2,20.9,2.3,2.5,3.1960996749729147,False,0.4409534127843987,0.3120260021668472,0.37648970747562294,5,0,0.0,Nicht hoch GPT-exponiert
51-9198.00,Helpers--Production Workers,0.0555555555555555,2,168.5,-8.9,23.6,14.680390032502707,False,0.06825568797399784,0.7838569880823402,0.426056338028169,5,2,0.4,Nicht hoch GPT-exponiert
53-1041.00,Aircraft Cargo Handling Supervisors,0.0,2,10.3,5.2,1.1,3.1960996749729147,False,0.7475622968580715,0.1635969664138678,0.45557963163596965,5,0,0.0,Nicht hoch GPT-exponiert
53-1042.00,"First-Line Supervisors of Helpers, Laborers, and Material Movers, Hand",0.3555555555555555,2,609.6,3.7,61.3,57.20476706392199,False,0.5964247020585048,0.899783315276273,0.7481040086673889,5,3,0.6,Nicht hoch GPT-exponiert
53-1042.01,Recycling Coordinators,0.4655172413793103,2,609.6,3.7,61.3,73.88949079089923,False,0.5964247020585048,0.899783315276273,0.7481040086673889,5,5,1.0,Nicht hoch GPT-exponiert
53-1043.00,First-Line Supervisors of Material-Moving Machine and Vehicle Operators,0.3076923076923077,3,609.6,3.7,61.3,50.433369447453956,False,0.5964247020585048,0.899783315276273,0.7481040086673889,5,2,0.4,Nicht hoch GPT-exponiert
53-1044.00,First-Line Supervisors of Passenger Attendants,0.3157894736842105,3,609.6,3.7,61.3,51.57096424702059,False,0.5964247020585048,0.899783315276273,0.7481040086673889,5,1,0.2,Nicht hoch GPT-exponiert
53-2011.00,"Airline Pilots, Copilots, and Flight Engineers",0.2272727272727273,4,100.0,3.9,11.7,39.653304442036834,False,0.6218851570964247,0.6365113759479957,0.6291982665222102,5,1,0.2,Nicht hoch GPT-exponiert
53-2012.00,Commercial Pilots,0.2159090909090909,3,55.4,5.1,6.6,38.569880823401945,False,0.7416034669555797,0.52329360780065,0.6324485373781148,5,1,0.2,Nicht hoch GPT-exponiert
53-2021.00,Air Traffic Controllers,0.3068181818181818,3,24.1,1.2,2.2,50.16251354279523,False,0.33098591549295775,0.2833152762730228,0.30715059588299026,5,2,0.4,Nicht hoch GPT-exponiert
53-2022.00,Airfield Operations Specialists,0.3292682926829268,3,16.9,4.2,1.6,53.08775731310943,False,0.6505958829902492,0.2258938244853738,0.43824485373781147,5,2,0.4,Nicht hoch GPT-exponiert
53-2031.00,Flight Attendants,0.1458333333333333,2,130.8,9.2,19.8,31.31094257854821,False,0.9079089924160346,0.7502708559046587,0.8290899241603467,5,0,0.0,Nicht hoch GPT-exponiert
53-3011.00,"Ambulance Drivers and Attendants, Except Emergency Medical Technicians",0.0454545454545454,2,12.3,-1.3,1.4,13.488624052004333,False,0.218851570964247,0.2047670639219935,0.21180931744312026,5,0,0.0,Nicht hoch GPT-exponiert
53-3031.00,Driver/Sales Workers,0.1388888888888889,2,451.5,8.8,51.3,29.739978331527627,False,0.9019501625135428,0.8829902491874323,0.8924702058504875,5,0,0.0,Nicht hoch GPT-exponiert
53-3032.00,Heavy and Tractor-Trailer Truck Drivers,0.173076923076923,2,2235.1,4.0,237.6,34.88624052004334,False,0.628385698808234,0.9837486457204767,0.8060671722643553,5,2,0.4,Nicht hoch GPT-exponiert
53-3033.00,Light Truck Drivers,0.25,2,1079.8,7.3,120.2,43.12026002166847,False,0.8553629469122427,0.9544962080173348,0.9049295774647887,5,2,0.4,Nicht hoch GPT-exponiert
53-3051.00,"Bus Drivers, School",0.1764705882352941,2,387.3,0.2,61.0,35.15709642470206,False,0.2768147345612134,0.8959913326110509,0.5864030335861321,5,0,0.0,Nicht hoch GPT-exponiert
53-3052.00,"Bus Drivers, Transit and Intercity",0.1666666666666666,2,158.8,4.3,20.9,33.91115926327194,False,0.6619718309859155,0.7594799566630552,0.7107258938244854,5,0,0.0,Nicht hoch GPT-exponiert
53-3053.00,Shuttle Drivers and Chauffeurs,0.173076923076923,2,243.9,6.7,36.3,34.88624052004334,False,0.8374864572047671,0.8483206933911159,0.8429035752979415,5,0,0.0,Nicht hoch GPT-exponiert
53-3054.00,Taxi Drivers,0.25,2,204.0,11.1,22.6,43.12026002166847,False,0.9328277356446371,0.7703141928494042,0.8515709642470206,5,1,0.2,Nicht hoch GPT-exponiert
53-4011.00,Locomotive Engineers,0.2321428571428571,2,27.0,0.7,2.2,40.57421451787649,False,0.30119176598049835,0.2833152762730228,0.29225352112676056,5,1,0.2,Nicht hoch GPT-exponiert
53-4013.00,"Rail Yard Engineers, Dinkey Operators, and Hostlers",0.0568181818181818,2,3.1,0.3,0.2,15.059588299024917,False,0.2822318526543879,0.02275189599133261,0.15249187432286024,5,1,0.2,Nicht hoch GPT-exponiert
53-4022.00,"Railroad Brake, Signal, and Switch Operators and Locomotive Firers",0.0416666666666666,2,11.0,1.0,1.0,12.459371614301192,False,0.3120260021668472,0.1495124593716143,0.23076923076923078,5,0,0.0,Nicht hoch GPT-exponiert
53-4031.00,Railroad Conductors and Yardmasters,0.2083333333333333,2,36.8,1.1,3.1,37.973997833152765,False,0.319068255687974,0.35969664138678226,0.3393824485373781,5,0,0.0,Nicht hoch GPT-exponiert
53-4041.00,Subway and Streetcar Operators,0.2045454545454545,2,9.6,3.4,0.9,37.81148429035753,False,0.5579631635969664,0.13488624052004333,0.34642470205850484,5,0,0.0,Nicht hoch GPT-exponiert
53-5011.00,Sailors and Marine Oilers,0.0106382978723404,2,32.1,2.3,3.9,6.500541711809317,False,0.4409534127843987,0.4014084507042254,0.42118093174431204,5,0,0.0,Nicht hoch GPT-exponiert
53-5021.00,"Captains, Mates, and Pilots of Water Vessels",0.209090909090909,3,40.7,0.5,4.3,38.136511375948,False,0.2887323943661972,0.43391115926327195,0.36132177681473454,5,0,0.0,Nicht hoch GPT-exponiert
53-5022.00,Motorboat Operators,0.1290322580645161,2,2.7,1.4,0.3,28.494041170097507,False,0.3466955579631636,0.03791982665222102,0.1923076923076923,5,1,0.2,Nicht hoch GPT-exponiert
53-5031.00,Ship Engineers,0.140625,3,8.8,1.6,1.1,30.335861321776814,False,0.3607800650054171,0.1635969664138678,0.26218851570964247,5,1,0.2,Nicht hoch GPT-exponiert
53-6011.00,Bridge and Lock Tenders,0.1607142857142857,2,2.9,-3.3,0.3,33.531960996749724,False,0.1560130010834236,0.03791982665222102,0.09696641386782232,5,0,0.0,Nicht hoch GPT-exponiert
53-6021.00,Parking Attendants,0.125,2,135.7,3.0,18.5,27.627302275189596,False,0.5032502708559047,0.7432286023835319,0.6232394366197183,5,0,0.0,Nicht hoch GPT-exponiert
53-6031.00,Automotive and Watercraft Service Attendants,0.0652173913043478,2,100.0,-1.0,14.4,17.06392199349946,False,0.22643553629469124,0.6960996749729144,0.4612676056338028,5,1,0.2,Nicht hoch GPT-exponiert
53-6032.00,Aircraft Service Attendants,0.1111111111111111,2,28.0,5.1,4.3,25.568797399783318,False,0.7416034669555797,0.43391115926327195,0.5877573131094258,5,1,0.2,Nicht hoch GPT-exponiert
53-6041.00,Traffic Technicians,0.3888888888888888,3,7.9,3.7,0.8,62.94691224268689,False,0.5964247020585048,0.11755146262188516,0.356988082340195,5,1,0.2,Nicht hoch GPT-exponiert
53-6051.00,Transportation Inspectors,0.3181818181818182,4,25.7,1.7,2.5,52.00433369447454,False,0.37378114842903576,0.3120260021668472,0.34290357529794147,5,0,0.0,Nicht hoch GPT-exponiert
53-6051.01,Aviation Inspectors,0.26,3,25.7,1.7,2.5,44.20368364030336,False,0.37378114842903576,0.3120260021668472,0.34290357529794147,5,1,0.2,Nicht hoch GPT-exponiert
53-6051.07,"Transportation Vehicle, Equipment and Systems Inspectors, Except Aviation",0.125,2,25.7,1.7,2.5,27.627302275189596,False,0.37378114842903576,0.3120260021668472,0.34290357529794147,5,0,0.0,Nicht hoch GPT-exponiert
53-6061.00,Passenger Attendants,0.1388888888888889,2,25.6,4.7,4.1,29.739978331527627,False,0.7112676056338029,0.4219934994582882,0.5666305525460456,5,0,0.0,Nicht hoch GPT-exponiert
53-7011.00,Conveyor Operators and Tenders,0.1379310344827586,2,29.1,-3.4,2.6,29.360780065005414,False,0.1533044420368364,0.32340195016251355,0.23835319609967498,5,1,0.2,Nicht hoch GPT-exponiert
53-7021.00,Crane and Tower Operators,0.0263157894736842,3,42.3,3.0,3.8,8.775731310942579,False,0.5032502708559047,0.3916576381365114,0.44745395449620806,5,0,0.0,Nicht hoch GPT-exponiert
53-7031.00,Dredge Operators,0.0,2,1.1,1.2,0.1,3.1960996749729147,False,0.33098591549295775,0.011375947995666305,0.17118093174431204,5,0,0.0,Nicht hoch GPT-exponiert
53-7041.00,Hoist and Winch Operators,0.0952380952380952,2,2.7,-1.1,0.3,23.564463705308775,False,0.223726977248104,0.03791982665222102,0.1308234019501625,5,1,0.2,Nicht hoch GPT-exponiert
53-7051.00,Industrial Truck and Tractor Operators,0.03125,2,792.5,1.1,76.4,9.69664138678223,False,0.319068255687974,0.9241603466955579,0.621614301191766,5,0,0.0,Nicht hoch GPT-exponiert
53-7061.00,Cleaners of Vehicles and Equipment,0.0,2,410.1,3.9,56.2,3.1960996749729147,False,0.6218851570964247,0.894907908992416,0.7583965330444203,5,0,0.0,Nicht hoch GPT-exponiert
53-7062.00,"Laborers and Freight, Stock, and Material Movers, Hand",0.06,2,2988.9,1.5,384.3,15.872156013001085,False,0.3531960996749729,0.9907908992416035,0.6719934994582881,5,0,0.0,Nicht hoch GPT-exponiert
53-7062.04,Recycling and Reclamation Workers,0.0217391304347826,2,2988.9,1.5,384.3,7.638136511375948,False,0.3531960996749729,0.9907908992416035,0.6719934994582881,5,0,0.0,Nicht hoch GPT-exponiert
53-7063.00,Machine Feeders and Offbearers,0.0909090909090909,2,46.5,-13.0,4.7,22.75189599133261,False,0.0390032502708559,0.447453954496208,0.24322860238353194,5,0,0.0,Nicht hoch GPT-exponiert
53-7064.00,"Packers and Packagers, Hand",0.1,2,591.8,-5.4,74.0,24.052004333694473,False,0.11592632719393282,0.9133261105092091,0.514626218851571,5,0,0.0,Nicht hoch GPT-exponiert
53-7065.00,Stockers and Order Fillers,0.1909090909090909,2,2764.8,8.5,472.3,36.61971830985916,False,0.886240520043337,0.9934994582881906,0.9398699891657638,5,1,0.2,Nicht hoch GPT-exponiert
53-7071.00,Gas Compressor and Gas Pumping Station Operators,0.0769230769230769,2,5.4,-1.3,0.6,19.772481040086674,False,0.218851570964247,0.08559046587215602,0.15222101841820151,5,0,0.0,Nicht hoch GPT-exponiert
53-7072.00,"Pump Operators, Except Wellhead Pumpers",0.1666666666666666,2,13.1,2.6,1.5,33.91115926327194,False,0.4745395449620802,0.21451787648970747,0.3445287107258938,5,0,0.0,Nicht hoch GPT-exponiert
53-7073.00,Wellhead Pumpers,0.0,2,18.8,-4.7,2.0,3.1960996749729147,False,0.12838569880823403,0.2638136511375948,0.19609967497291442,5,0,0.0,Nicht hoch GPT-exponiert
53-7081.00,Refuse and Recyclable Material Collectors,0.2321428571428571,2,147.9,0.9,16.9,40.57421451787649,False,0.30715059588299026,0.7226435536294691,0.5148970747562297,5,1,0.2,Nicht hoch GPT-exponiert
53-7121.00,"Tank Car, Truck, and Ship Loaders",0.125,2,12.0,4.3,1.3,27.627302275189596,False,0.6619718309859155,0.19393282773564463,0.4279523293607801,5,2,0.4,Nicht hoch GPT-exponiert
