onet_code,occupation,human_beta,job_zone,employment_2024,employment_growth_pct,openings_annual,gpt_percentile,gpt_high,openings_rank,growth_rank,labor_market_score,valid_routes,good_transitions,transition_score,usable_for_model,target_label,ability_Arm-Hand Steadiness,ability_Auditory Attention,ability_Category Flexibility,ability_Control Precision,ability_Deductive Reasoning,ability_Depth Perception,ability_Dynamic Flexibility,ability_Dynamic Strength,ability_Explosive Strength,ability_Extent Flexibility,ability_Far Vision,ability_Finger Dexterity,ability_Flexibility of Closure,ability_Fluency of Ideas,ability_Glare Sensitivity,ability_Gross Body Coordination,ability_Gross Body Equilibrium,ability_Hearing Sensitivity,ability_Inductive Reasoning,ability_Information Ordering,ability_Manual Dexterity,ability_Mathematical Reasoning,ability_Memorization,ability_Multilimb Coordination,ability_Near Vision,ability_Night Vision,ability_Number Facility,ability_Oral Comprehension,ability_Oral Expression,ability_Originality,ability_Perceptual Speed,ability_Peripheral Vision,ability_Problem Sensitivity,ability_Rate Control,ability_Reaction Time,ability_Response Orientation,ability_Selective Attention,ability_Sound Localization,ability_Spatial Orientation,ability_Speech Clarity,ability_Speech Recognition,ability_Speed of Closure,ability_Speed of Limb Movement,ability_Stamina,ability_Static Strength,ability_Time Sharing,ability_Trunk Strength,ability_Visual Color Discrimination,ability_Visualization,ability_Wrist-Finger Speed,ability_Written Comprehension,ability_Written Expression,style_Achievement Orientation,style_Adaptability,style_Attention to Detail,style_Cautiousness,style_Cooperation,style_Dependability,style_Empathy,style_Humility,style_Initiative,style_Innovation,style_Integrity,style_Intellectual Curiosity,style_Leadership Orientation,style_Optimism,style_Perseverance,style_Self-Confidence,style_Self-Control,style_Sincerity,style_Social Orientation,style_Stress Tolerance,style_Tolerance for Ambiguity,context_Contact With Others,context_Face-to-Face Discussions with Individuals and Within Teams,context_Freedom to Make Decisions,context_Importance of Being Exact or Accurate,context_Physical Proximity,context_Spend Time Making Repetitive Motions,context_Time Pressure,transferable_Complex Problem Solving,transferable_Coordination,transferable_Equipment Maintenance,transferable_Equipment Selection,transferable_Installation,transferable_Instructing,transferable_Judgment and Decision Making,transferable_Management of Financial Resources,transferable_Management of Material Resources,transferable_Management of Personnel Resources,transferable_Negotiation,transferable_Operation and Control,transferable_Operations Analysis,transferable_Operations Monitoring,transferable_Persuasion,transferable_Programming,transferable_Quality Control Analysis,transferable_Repairing,transferable_Service Orientation,transferable_Social Perceptiveness,transferable_Systems Analysis,transferable_Systems Evaluation,transferable_Technology Design,transferable_Time Management,transferable_Troubleshooting
11-1011.00,Chief Executives,0.35,5,309.4,4.3,22.2,56.229685807150595,False,0.7648970747562297,0.6619718309859155,0.7134344528710725,5,0,0.0,True,Nicht hoch GPT-exponiert,0.5,2.0,4.0,0.75,4.75,1.38,0.0,0.25,0.0,0.0,3.25,1.0,3.62,4.62,0.25,0.0,0.0,2.0,4.88,4.12,0.0,3.75,3.12,0.75,4.5,0.25,3.75,4.88,4.88,4.25,3.0,0.25,4.88,0.38,0.38,0.38,3.12,0.38,0.5,4.75,4.5,3.12,0.0,0.0,0.0,2.88,0.62,2.0,3.38,0.5,4.88,4.75,2.91,2.69,1.44,1.03,1.53,2.93,1.07,-0.27,2.5,2.3,2.93,2.16,3.0,1.6,2.46,2.69,2.42,0.96,2.26,2.55,2.05,4.58,4.9,4.95,4.47,2.67,2.55,4.16,4.88,4.88,0.0,0.25,0.0,3.88,5.38,5.25,4.75,5.25,4.75,1.38,3.88,1.5,4.75,1.0,1.12,0.0,3.38,4.25,5.12,5.0,0.88,4.75,0.5
11-1021.00,General and Operations Managers,0.3846153846153846,4,3712.9,4.4,308.7,62.4593716143012,False,0.9869989165763814,0.676056338028169,0.8315276273022751,5,1,0.2,True,Nicht hoch GPT-exponiert,0.88,2.0,3.25,0.12,4.12,1.62,0.0,0.12,0.38,0.25,2.75,0.5,2.5,3.38,0.0,0.62,0.38,1.5,3.5,3.62,0.5,3.12,2.25,0.5,3.38,0.12,3.0,4.12,4.12,3.5,2.25,0.25,4.12,0.0,0.62,0.0,2.88,0.25,0.62,3.62,3.5,2.25,0.0,0.88,0.88,2.88,1.88,1.75,2.75,0.88,4.0,4.0,2.38,2.05,1.74,1.32,1.84,2.65,1.22,0.12,2.22,1.6,2.51,1.44,2.93,1.39,2.19,2.28,2.14,0.94,1.97,1.99,1.64,4.63,4.86,4.81,4.24,3.2,2.42,4.08,3.88,4.0,0.0,0.0,0.0,3.25,3.88,3.38,3.25,4.0,3.62,1.75,2.38,2.12,3.75,0.62,2.12,0.0,3.12,4.0,3.12,3.25,0.62,3.88,1.0
11-2011.00,Advertising and Promotions Managers,0.5465116279069767,4,27.0,-2.2,2.1,86.6738894907909,True,0.27410617551462624,0.18580715059588299,0.2299566630552546,5,0,0.0,True,Hoch GPT-exponiert mit begrenzten Wechseloptionen,0.5,1.25,3.88,0.12,4.5,1.0,0.0,0.0,0.0,0.0,3.12,1.12,3.12,4.12,0.0,0.0,0.0,1.25,3.88,3.75,0.38,3.12,2.38,0.0,4.12,0.0,3.12,4.38,4.75,3.88,2.75,0.0,4.0,0.0,0.0,0.0,2.75,0.0,0.0,3.88,4.0,2.75,0.0,0.0,0.0,2.12,0.88,2.75,3.12,0.75,4.0,4.0,2.31,2.13,1.86,-0.44,1.84,2.22,0.95,-0.73,1.96,2.48,1.45,1.44,2.52,1.63,1.77,2.24,1.37,0.57,2.45,1.8,1.72,4.68,4.87,4.04,4.3,2.82,2.5,4.4,3.88,4.12,0.0,0.12,0.0,3.0,4.0,3.62,2.62,3.88,3.75,0.0,3.12,0.62,3.88,0.75,1.0,0.0,3.25,4.0,3.12,3.75,0.75,3.88,0.0
11-2021.00,Marketing Managers,0.578125,4,407.0,6.6,34.3,89.81581798483207,True,0.8461538461538461,0.8331527627302275,0.8396533044420369,5,1,0.2,True,Hoch GPT-exponiert mit begrenzten Wechseloptionen,0.12,1.62,3.62,0.0,4.38,0.75,0.0,0.25,0.0,0.0,3.25,1.25,3.0,4.25,0.0,0.0,0.0,1.5,3.88,3.5,0.0,3.62,3.0,0.0,3.75,0.0,3.5,4.38,4.12,4.0,2.88,0.0,3.88,0.0,0.0,0.0,2.88,0.0,0.0,3.88,3.88,3.0,0.0,0.0,0.0,2.62,0.88,2.88,3.0,0.75,4.12,4.12,2.38,2.3,1.62,0.32,1.5,2.14,1.05,-0.5,2.03,2.48,1.73,1.97,2.4,1.46,1.87,2.2,1.43,0.62,2.2,1.8,1.72,4.61,4.76,4.42,3.81,2.89,2.73,4.21,3.88,3.75,0.0,0.0,0.0,3.5,4.0,3.75,2.75,3.88,3.88,0.0,3.62,1.25,4.38,1.25,1.38,0.0,3.25,4.0,3.75,3.75,0.88,3.75,0.0
11-2022.00,Sales Managers,0.4833333333333333,4,619.5,4.7,49.0,76.92307692307693,False,0.8791982665222102,0.7112676056338029,0.7952329360780066,5,1,0.2,True,Nicht hoch GPT-exponiert,0.12,1.62,3.62,0.38,4.0,0.5,0.0,0.0,0.0,0.0,2.75,0.5,2.88,3.88,0.0,0.0,0.0,1.0,4.0,3.0,0.38,3.75,3.0,0.25,3.38,0.0,3.62,4.38,4.0,3.88,2.25,0.0,3.88,0.0,0.0,0.0,2.75,0.0,0.62,4.0,4.12,3.0,0.0,0.0,0.0,2.12,1.25,1.62,2.5,0.62,4.0,4.0,2.45,2.02,1.67,0.24,1.77,2.47,1.35,-0.54,2.07,1.47,2.06,1.17,2.71,1.71,2.46,2.4,1.91,0.94,2.54,1.93,1.51,4.86,4.65,4.24,3.38,3.3,1.52,3.9,3.88,4.0,0.0,0.0,0.0,3.88,4.0,3.62,3.12,4.0,4.0,0.75,2.62,1.5,4.0,0.75,1.0,0.0,3.88,4.0,3.88,3.88,0.5,4.0,0.0
11-2033.00,Fundraising Managers,0.5,4,45.7,4.2,3.6,79.68580715059588,True,0.38461538461538464,0.6505958829902492,0.5176056338028169,5,0,0.0,True,Hoch GPT-exponiert mit begrenzten Wechseloptionen,0.0,2.0,3.12,0.12,4.12,0.0,0.0,0.75,0.0,0.0,3.0,0.12,2.25,4.0,0.0,0.0,0.0,1.38,3.25,3.25,0.12,3.25,2.62,0.0,3.88,0.0,3.12,4.12,4.25,3.88,2.12,0.0,3.62,0.0,0.0,0.0,2.38,0.38,0.25,3.88,3.75,2.25,0.0,0.0,0.0,2.38,1.62,2.0,2.0,1.25,4.12,4.38,2.91,1.79,1.76,0.06,2.3,2.47,1.86,-0.67,2.07,1.47,2.51,1.44,2.37,2.1,2.12,1.57,1.91,1.9,2.81,0.72,1.51,4.96,4.84,4.38,4.37,2.63,2.67,3.97,3.75,3.75,0.0,0.0,0.0,2.38,3.88,3.62,2.38,3.0,3.62,0.25,1.88,1.0,3.5,1.0,0.38,0.0,3.5,4.12,2.75,3.25,0.88,3.38,0.0
11-3012.00,Administrative Services Managers,0.5,3,271.2,4.6,23.2,79.68580715059588,True,0.776273022751896,0.7053087757313109,0.7407908992416035,5,2,0.4,True,Hoch GPT-exponiert mit guten Wechseloptionen,2.0,2.25,3.12,1.75,3.88,1.62,0.0,0.75,0.75,0.75,2.75,2.12,2.38,3.12,0.62,0.62,0.62,2.12,3.38,3.12,1.62,2.5,2.62,1.0,3.62,0.62,2.75,4.0,4.0,3.12,2.38,0.62,3.75,0.88,0.88,0.62,3.0,0.75,0.5,3.5,3.62,2.62,0.0,0.5,1.0,2.88,1.25,2.0,2.75,0.38,4.0,4.0,1.77,1.44,1.94,1.69,1.84,2.65,1.02,0.58,1.66,1.17,1.18,0.89,1.95,0.52,1.07,1.47,1.7,0.94,1.47,1.29,0.56,4.5,4.9,4.12,4.15,2.8,2.76,3.7,3.12,3.62,0.0,0.25,0.0,3.25,3.12,2.88,2.88,3.75,3.25,1.0,2.5,2.25,3.12,0.62,2.12,0.0,3.25,3.75,3.12,3.12,0.75,4.0,1.25
11-3013.00,Facilities Managers,0.2727272727272727,3,151.4,3.8,13.2,45.61213434452871,False,0.6635969664138678,0.6115926327193932,0.6375947995666305,5,1,0.2,True,Nicht hoch GPT-exponiert,2.5,2.5,3.25,2.5,3.88,2.12,0.25,1.5,1.25,2.25,3.0,2.38,3.25,3.12,1.25,1.5,1.38,2.0,3.75,3.62,2.38,2.62,2.75,2.0,3.5,1.25,2.62,3.88,3.88,3.0,2.75,1.88,3.75,1.5,2.12,2.25,2.75,1.12,2.5,3.62,3.62,2.5,0.25,1.88,1.75,2.75,2.5,2.38,2.75,2.12,4.0,3.88,1.77,1.79,2.14,2.14,1.63,2.65,0.64,0.56,1.86,1.07,1.82,1.02,2.43,0.66,1.7,1.73,1.7,0.84,1.18,1.76,1.22,4.72,4.81,4.28,4.09,3.55,2.44,3.9,3.38,3.75,2.25,1.88,0.12,3.25,3.38,3.25,3.0,3.62,3.5,2.25,1.38,2.5,3.38,1.12,2.88,1.88,2.88,3.62,3.12,3.25,0.88,3.75,2.25
11-3013.01,Security Managers,0.5357142857142857,4,151.4,3.8,13.2,85.42795232936078,True,0.6635969664138678,0.6115926327193932,0.6375947995666305,5,3,0.6,True,Hoch GPT-exponiert mit guten Wechseloptionen,2.25,2.88,3.5,1.75,4.0,2.0,0.0,1.75,1.62,2.12,3.62,1.88,3.62,4.0,1.62,1.62,1.38,2.5,3.88,3.75,1.75,2.88,2.88,1.75,3.62,2.0,2.75,4.0,4.12,3.62,2.88,1.62,4.75,0.88,1.88,2.12,3.5,1.88,1.62,3.62,4.0,3.5,1.25,1.5,1.88,3.25,2.38,2.62,3.0,1.38,4.12,4.12,2.01,1.86,2.57,3.0,1.63,2.93,0.54,0.15,1.96,0.77,2.93,1.61,2.49,0.59,2.01,1.9,2.42,1.09,0.97,2.21,1.49,4.5,4.61,4.25,4.05,3.37,2.58,3.8,4.0,4.12,0.88,1.5,0.0,3.12,3.75,3.62,3.12,3.75,3.12,2.12,2.0,1.75,3.5,0.88,2.38,1.0,3.25,3.75,3.12,3.25,0.75,3.75,1.5
11-3021.00,Computer and Information Systems Managers,0.5606060606060607,4,667.1,15.2,55.6,87.64897074756229,True,0.8938244853737811,0.9653304442036836,0.9295774647887324,5,3,0.6,True,Hoch GPT-exponiert mit guten Wechseloptionen,2.0,1.75,3.12,2.0,4.0,1.12,0.0,0.5,0.0,0.0,2.88,2.0,3.0,3.75,0.25,0.0,0.0,1.5,4.0,4.0,2.0,3.0,2.62,0.38,3.75,0.0,3.12,4.5,4.38,3.5,2.75,0.0,4.0,0.25,0.25,0.25,2.88,0.0,0.12,3.25,3.5,2.75,0.0,0.0,0.0,2.12,1.12,2.38,3.0,1.38,4.38,4.12,2.24,2.21,2.37,1.82,1.92,2.65,0.82,0.5,2.03,2.33,2.36,2.28,2.43,0.66,1.77,1.73,1.7,0.96,1.65,1.8,1.72,4.58,4.63,4.42,4.04,2.63,3.61,3.37,3.88,3.88,0.62,2.0,0.0,3.88,3.75,3.38,3.12,3.75,3.25,1.62,3.38,2.88,3.5,2.62,3.0,0.75,3.12,3.75,3.5,3.88,2.0,3.75,2.5
11-3031.00,Financial Managers,0.4259259259259259,4,868.6,14.8,74.6,68.47237269772481,False,0.9203683640303358,0.9609967497291441,0.9406825568797399,5,0,0.0,True,Nicht hoch GPT-exponiert,0.88,1.62,3.5,0.38,4.62,0.62,0.0,0.0,0.0,0.0,2.12,1.12,3.38,3.5,0.0,0.0,0.0,1.0,4.12,3.5,0.88,3.75,2.62,0.0,4.12,0.12,4.25,4.5,4.62,3.12,2.62,0.25,4.0,0.0,0.0,0.0,2.62,0.25,0.0,4.0,3.88,3.0,0.0,0.25,0.0,2.0,1.38,0.62,2.12,1.62,4.62,4.12,2.17,1.22,2.74,2.28,1.53,2.65,0.86,0.19,1.62,0.97,2.89,1.75,2.46,0.95,1.8,1.9,1.84,1.09,1.95,1.8,1.39,4.19,4.91,4.12,4.69,2.73,2.38,4.54,3.88,3.75,0.0,0.38,0.0,3.38,3.88,3.62,2.12,4.0,3.75,0.12,1.12,1.38,3.75,1.62,1.5,0.0,3.62,3.75,3.25,3.25,0.88,3.75,0.38
11-3031.01,Treasurers and Controllers,0.4078947368421052,4,868.6,14.8,74.6,66.19718309859155,False,0.9203683640303358,0.9609967497291441,0.9406825568797399,5,0,0.0,True,Nicht hoch GPT-exponiert,0.0,1.12,3.88,0.0,4.62,0.62,0.0,0.25,0.0,0.0,2.62,2.0,3.0,3.62,0.0,0.0,0.0,1.12,4.38,3.88,0.12,4.25,2.75,0.0,4.12,0.0,4.38,4.12,4.88,3.5,3.12,0.0,4.62,0.0,0.0,0.0,2.62,0.0,0.0,3.75,3.75,3.12,0.0,0.0,0.0,2.0,0.88,1.25,2.62,0.38,4.38,4.12,2.28,1.26,3.0,2.62,1.28,2.93,0.34,0.0,1.82,0.97,2.93,2.08,2.58,0.28,1.77,1.87,1.7,0.98,1.18,1.61,1.24,4.52,4.92,4.36,4.64,2.52,2.76,4.36,4.38,3.62,0.0,0.0,0.0,3.12,4.62,5.0,3.0,3.75,3.12,0.12,3.12,1.12,3.75,1.0,1.38,0.0,2.75,3.62,4.25,4.25,0.62,4.0,0.0
11-3031.03,Investment Fund Managers,0.5285714285714286,5,868.6,14.8,74.6,84.12784398699891,True,0.9203683640303358,0.9609967497291441,0.9406825568797399,5,0,0.0,True,Hoch GPT-exponiert mit begrenzten Wechseloptionen,0.0,1.5,3.75,0.0,4.38,0.88,0.0,0.0,0.0,0.0,2.88,1.88,3.5,3.62,0.0,0.0,0.0,1.62,4.12,3.88,0.0,4.25,3.0,0.0,3.88,0.0,4.25,4.38,4.25,3.5,3.0,0.0,4.25,0.0,0.0,0.0,3.25,0.0,0.0,3.75,3.75,3.12,0.0,0.0,0.0,2.88,0.0,1.75,2.75,0.0,4.38,4.38,2.6,1.86,3.0,1.96,0.85,2.62,0.35,-0.7,1.93,1.28,2.89,2.58,2.22,0.66,2.23,2.24,2.06,0.5,1.31,2.24,2.08,4.23,4.77,4.53,4.24,2.64,2.38,4.01,3.88,3.12,0.0,0.0,0.0,2.88,4.25,3.0,2.12,3.38,3.5,0.0,1.62,1.5,3.5,1.12,0.75,0.0,3.0,3.38,3.75,3.75,1.38,3.88,0.0
11-3051.00,Industrial Production Managers,0.3484848484848485,4,241.9,1.9,17.1,56.01300108342362,False,0.7275189599133262,0.39219934994582883,0.5598591549295775,5,1,0.2,True,Nicht hoch GPT-exponiert,2.25,2.88,3.88,2.25,4.25,2.0,0.0,1.0,0.62,1.5,2.88,2.5,3.25,4.0,0.38,1.5,0.5,1.75,4.0,4.0,1.75,3.62,2.88,1.75,3.5,0.38,3.25,4.25,4.12,3.88,3.0,0.38,4.12,2.12,2.25,1.0,3.12,0.62,0.88,3.75,3.62,2.88,1.12,1.62,1.5,2.88,2.38,2.88,3.25,1.88,4.0,4.0,2.17,1.83,2.57,1.99,1.63,2.62,0.75,0.47,2.0,1.36,1.96,1.26,2.74,0.9,1.94,1.87,1.7,0.94,1.29,1.99,1.14,4.69,4.79,4.39,4.47,3.24,1.92,4.2,3.88,4.0,1.38,2.0,0.0,3.62,4.38,4.0,4.0,4.25,3.75,3.12,2.88,3.5,3.62,0.75,3.88,1.62,3.12,3.88,3.88,3.75,1.12,4.12,2.25
11-3051.01,Quality Control Systems Managers,0.4716981132075472,4,241.9,1.9,17.1,74.86457204767063,False,0.7275189599133262,0.39219934994582883,0.5598591549295775,5,1,0.2,True,Nicht hoch GPT-exponiert,2.38,2.38,3.38,2.38,4.25,2.25,0.0,0.38,0.0,0.5,3.12,2.25,4.0,3.75,0.0,0.38,0.12,2.25,4.38,3.75,2.25,3.25,3.0,1.5,3.88,0.0,3.12,4.25,4.12,3.12,3.5,0.0,4.62,0.62,0.88,0.5,3.25,0.12,0.38,3.62,3.75,3.25,0.0,0.5,0.38,2.88,1.5,3.0,3.0,1.25,4.12,4.12,2.14,1.65,3.0,2.74,1.84,2.93,0.56,0.5,1.86,1.23,2.55,2.08,2.43,0.28,2.04,1.76,1.7,1.28,1.13,1.8,0.22,4.83,4.76,4.23,4.33,2.92,1.94,4.32,4.12,3.88,1.5,1.38,0.0,3.62,4.12,3.0,2.75,3.5,3.12,3.0,3.0,3.5,3.5,1.25,4.12,1.12,3.25,3.75,3.88,4.0,1.62,3.75,2.75
11-3061.00,Purchasing Managers,0.4714285714285714,4,83.5,3.1,6.4,74.75622968580716,False,0.5173347778981582,0.5216684723726978,0.519501625135428,5,2,0.4,True,Nicht hoch GPT-exponiert,0.0,2.0,3.5,0.0,4.0,1.12,0.0,0.62,0.0,0.0,2.5,0.0,3.0,3.88,0.0,0.0,0.0,2.0,3.88,3.88,0.0,3.62,2.75,0.0,3.75,0.0,3.38,4.0,4.12,3.75,3.0,0.0,3.88,0.0,0.0,0.0,3.12,0.0,0.0,3.75,4.0,2.75,0.0,0.0,0.0,2.62,1.12,1.88,2.0,0.5,4.12,4.0,1.98,1.48,2.44,2.06,1.84,2.65,0.62,0.24,1.66,1.02,2.4,1.2,2.37,0.66,1.74,2.12,1.7,0.92,1.65,1.35,1.2,4.58,4.61,4.21,4.26,2.37,2.58,4.16,3.25,3.88,0.0,0.0,0.0,3.88,3.75,3.62,3.88,4.0,4.0,0.0,2.75,1.88,4.12,1.25,1.75,0.0,3.88,4.0,3.88,3.75,1.38,4.0,1.12
11-3071.00,"Transportation, Storage, and Distribution Managers",0.4732142857142857,4,216.7,6.1,18.5,75.18959913326111,False,0.7432286023835319,0.8022751895991332,0.7727518959913326,5,1,0.2,True,Nicht hoch GPT-exponiert,1.12,2.12,3.38,1.12,3.75,1.5,0.0,0.5,0.0,0.0,3.0,1.25,3.0,3.5,0.88,0.0,0.0,1.88,3.5,3.38,1.0,2.88,2.5,0.75,3.5,1.12,3.0,3.75,4.12,3.25,2.88,1.12,3.75,0.88,0.88,0.88,3.0,0.88,1.38,3.5,3.38,2.88,0.0,0.0,0.0,2.75,1.88,2.25,2.5,1.62,3.88,3.75,2.11,2.02,2.37,1.99,1.77,2.65,0.79,0.47,2.03,1.25,2.43,1.17,2.58,0.69,1.97,1.83,1.7,0.78,1.24,1.86,1.33,4.62,4.79,4.16,4.08,2.89,2.66,4.38,3.62,3.88,0.12,0.12,0.12,3.38,3.5,3.12,3.0,3.38,3.62,1.62,1.88,2.5,3.62,1.12,2.25,0.0,3.12,3.38,3.5,3.5,1.12,3.75,1.12
11-3071.04,Supply Chain Managers,0.4727272727272727,4,216.7,6.1,18.5,75.08125677139762,False,0.7432286023835319,0.8022751895991332,0.7727518959913326,5,0,0.0,True,Nicht hoch GPT-exponiert,0.0,1.75,3.75,0.12,3.88,1.38,0.0,0.0,0.0,0.0,3.0,1.38,3.0,3.25,0.0,0.0,0.0,1.88,3.88,3.75,0.0,3.5,2.25,0.0,3.5,0.0,3.12,4.12,4.12,3.25,2.88,0.0,4.0,0.0,0.0,0.0,3.0,0.0,0.0,3.25,3.38,2.5,0.0,0.0,0.0,2.88,0.75,2.12,2.88,0.38,4.25,4.0,2.14,2.3,2.44,1.82,1.63,2.65,0.54,0.56,2.03,1.72,2.17,1.48,2.25,0.64,1.9,1.76,1.56,0.72,1.27,1.8,1.49,4.57,4.9,4.05,4.0,3.05,2.19,4.43,4.0,4.0,0.0,0.0,0.0,3.25,4.0,3.0,3.75,3.88,3.75,0.0,2.38,1.88,3.62,0.88,1.62,0.0,3.12,3.88,3.75,3.88,1.38,4.0,0.88
11-3111.00,Compensation and Benefits Managers,0.4605263157894737,4,20.9,0.2,1.5,73.45612134344529,False,0.21451787648970747,0.2768147345612134,0.24566630552546043,5,0,0.0,True,Nicht hoch GPT-exponiert,0.25,1.0,3.12,0.0,3.5,0.0,0.0,0.25,0.0,0.0,2.12,0.12,2.38,3.38,0.0,0.0,0.0,0.62,3.5,3.12,0.0,3.38,2.0,0.0,3.38,0.0,3.38,4.12,4.12,3.12,2.12,0.0,3.5,0.0,0.0,0.0,2.0,0.0,0.0,3.88,3.62,2.25,0.0,0.0,0.0,2.0,1.25,0.88,1.62,0.62,4.25,4.12,1.8,1.22,2.63,2.06,1.84,2.65,1.07,0.58,1.69,1.02,2.43,1.68,2.07,0.66,1.58,1.76,1.77,1.19,1.49,1.49,1.2,4.43,4.74,4.33,4.1,2.25,2.95,3.62,3.25,3.5,0.0,0.0,0.0,3.12,4.0,3.75,1.75,3.75,3.25,0.0,2.88,0.5,3.38,0.88,0.88,0.0,3.12,3.88,3.75,3.88,0.62,3.75,0.0
11-3121.00,Human Resources Managers,0.45,4,221.9,5.0,17.9,72.10184182015168,False,0.7323943661971831,0.7345612134344529,0.733477789815818,5,0,0.0,True,Nicht hoch GPT-exponiert,0.12,2.0,3.62,0.12,4.25,0.5,0.0,0.38,0.0,0.0,2.88,0.62,3.0,4.12,0.0,0.0,0.0,1.12,4.0,3.38,0.12,3.25,3.0,0.0,4.0,0.0,3.25,4.25,4.5,4.0,2.62,0.0,4.0,0.0,0.0,0.0,2.88,0.0,0.12,4.5,4.62,3.12,0.0,0.0,0.0,2.25,1.25,1.0,2.0,1.12,4.38,4.12,1.86,1.94,2.14,1.63,2.3,2.65,2.17,1.22,1.93,0.99,2.93,1.2,2.46,1.29,1.97,1.83,2.14,1.9,2.31,2.1,1.47,4.68,4.81,4.27,4.09,2.73,2.55,3.91,4.0,4.0,0.0,0.0,0.0,4.0,4.25,4.0,2.62,4.75,4.0,0.25,2.25,0.5,3.88,1.38,1.0,0.0,3.88,4.12,3.25,4.0,0.5,4.12,0.0
11-3131.00,Training and Development Managers,0.4772727272727273,4,46.4,5.8,3.8,76.1646803900325,False,0.3916576381365114,0.7833152762730228,0.5874864572047671,5,1,0.2,True,Nicht hoch GPT-exponiert,0.5,1.75,3.75,0.25,3.88,0.62,0.0,0.38,0.0,0.0,3.5,1.12,2.88,4.0,0.0,0.0,0.0,1.25,3.88,3.88,0.62,2.75,3.0,0.0,3.75,0.0,2.62,4.25,4.75,3.88,2.88,0.0,4.0,0.0,0.0,0.0,2.88,0.0,0.0,4.88,3.88,2.88,0.0,0.12,0.0,2.38,1.25,2.0,2.62,0.5,4.0,4.75,2.14,2.34,2.02,0.9,2.3,2.65,1.89,1.03,2.03,2.42,1.89,2.2,2.4,1.78,1.77,1.73,1.7,1.6,2.24,1.38,1.43,4.5,4.78,4.36,3.43,3.11,2.54,3.64,4.0,3.75,0.0,0.0,0.0,4.75,3.88,3.62,3.0,4.0,3.0,0.0,3.25,0.88,3.75,0.75,1.88,0.0,3.75,3.75,3.75,3.88,0.75,3.88,0.0
11-9013.00,"Farmers, Ranchers, and Other Agricultural Managers",0.2448979591836734,4,836.1,-1.3,85.5,42.145178764897075,False,0.9306608884073673,0.218851570964247,0.5747562296858071,5,0,0.0,True,Nicht hoch GPT-exponiert,3.0,2.62,3.88,3.38,4.12,2.38,0.25,2.0,1.88,2.5,3.5,2.5,3.5,3.62,1.62,1.88,1.88,2.75,4.12,3.88,2.5,3.5,2.88,3.0,3.62,1.25,3.0,4.12,4.12,3.62,3.12,1.88,4.12,2.25,2.75,2.5,3.0,1.75,2.38,3.62,3.75,2.88,0.5,2.0,2.5,2.75,2.75,3.0,3.62,2.0,4.0,3.88,2.01,1.83,2.05,1.47,0.51,2.5,0.37,0.53,1.89,1.36,1.63,1.02,2.68,1.01,2.3,1.76,1.34,0.72,0.65,1.73,1.49,4.27,4.83,4.55,3.49,3.23,2.57,3.49,3.5,3.75,2.12,2.38,0.0,3.12,3.75,3.38,3.12,3.5,3.62,3.0,1.88,3.25,3.75,1.25,3.0,2.5,3.12,3.62,3.25,3.25,1.12,3.75,2.5
11-9021.00,Construction Managers,0.4,4,550.3,8.7,46.8,64.68039003250271,False,0.8732394366197183,0.8965330444203684,0.8848862405200433,5,2,0.4,True,Nicht hoch GPT-exponiert,1.38,3.0,3.88,1.88,4.38,2.62,0.0,1.25,0.75,1.62,3.75,1.5,3.62,3.62,1.38,1.5,1.5,2.12,4.12,4.25,1.25,3.75,2.75,1.75,3.88,0.75,3.62,4.25,4.5,3.25,3.0,0.62,4.25,0.75,1.5,0.62,3.12,0.5,2.0,3.75,3.88,3.12,0.12,1.38,1.62,3.12,2.25,3.12,4.38,0.88,4.12,4.12,2.14,2.09,2.28,2.14,1.84,2.65,0.86,0.47,2.03,1.28,2.32,1.11,2.68,0.98,2.23,2.05,1.91,0.96,1.61,2.21,1.37,4.6,4.68,4.2,4.05,3.5,2.95,4.25,4.12,4.5,1.0,0.88,0.0,3.25,4.38,4.12,3.75,4.12,3.88,1.62,3.38,2.88,3.88,0.62,3.12,1.38,2.88,3.88,3.88,3.88,1.0,4.12,2.38
11-9031.00,"Education and Childcare Administrators, Preschool and Daycare",0.515625,4,90.2,-2.5,5.5,81.79848320693391,True,0.48808234019501623,0.1771397616468039,0.33261105092091003,5,2,0.4,True,Hoch GPT-exponiert mit guten Wechseloptionen,1.88,2.0,3.12,0.5,4.12,0.88,0.0,1.12,0.62,1.12,3.0,1.75,2.88,3.62,0.0,0.75,0.75,1.88,3.88,3.62,1.0,2.88,3.0,0.75,3.5,0.0,2.88,4.12,4.38,3.5,2.5,0.0,4.0,0.0,0.0,0.0,3.12,0.0,0.0,3.88,3.5,2.75,0.0,0.88,1.12,2.75,2.25,2.12,2.5,0.88,4.12,4.25,1.92,1.75,1.92,1.86,2.69,2.83,2.4,1.09,1.79,1.3,2.43,1.2,2.43,2.35,1.74,1.7,2.14,2.14,2.33,1.99,1.33,4.98,4.88,4.38,4.05,4.01,2.8,3.93,3.5,4.0,0.0,0.0,0.0,3.88,3.88,3.25,3.12,4.0,3.62,0.62,1.0,1.5,3.5,0.62,1.75,0.0,4.0,3.88,3.12,3.38,0.75,3.88,0.88
11-9032.00,"Education Administrators, Kindergarten through Secondary",0.4545454545454545,5,333.3,-1.5,20.8,72.48104008667389,False,0.757854821235103,0.2134344528710726,0.4856446370530878,5,1,0.2,True,Nicht hoch GPT-exponiert,0.12,2.12,4.0,0.0,4.88,0.75,0.0,0.12,0.5,0.38,3.75,0.5,3.12,4.0,0.0,0.75,0.38,1.5,4.12,4.0,0.0,3.5,3.0,0.12,3.88,0.0,3.25,4.88,5.0,4.0,2.62,0.12,4.5,0.0,0.0,0.38,3.0,0.12,0.0,4.5,4.38,3.0,0.0,1.0,0.25,2.75,2.0,1.88,2.38,0.75,4.75,4.88,2.14,1.61,1.89,1.59,2.38,2.93,2.2,0.58,2.03,1.6,2.51,2.08,3.0,1.86,2.12,2.24,2.06,1.9,2.33,2.21,1.56,4.87,4.76,4.14,3.47,3.9,1.89,3.46,4.5,4.5,0.0,0.12,0.0,4.12,4.75,4.0,3.88,4.75,4.0,0.38,2.88,1.25,4.12,0.75,3.12,0.0,4.25,4.75,4.0,4.5,1.0,4.25,0.62
11-9033.00,"Education Administrators, Postsecondary",0.475609756097561,5,226.6,1.7,15.1,75.73131094257855,False,0.7074756229685807,0.37378114842903576,0.5406283856988082,5,2,0.4,True,Nicht hoch GPT-exponiert,0.12,1.38,3.75,0.0,4.0,0.12,0.0,0.25,0.0,0.0,2.62,1.12,3.12,3.88,0.0,0.0,0.0,1.88,4.12,3.88,0.0,3.25,2.75,0.0,3.5,0.0,3.0,4.88,4.88,4.0,2.62,0.0,3.88,0.0,0.0,0.0,3.0,0.0,0.0,4.12,4.0,2.75,0.0,0.0,0.0,2.62,0.75,1.75,2.25,0.0,4.5,4.75,2.28,1.79,1.92,1.38,2.3,2.65,2.01,0.5,2.03,1.58,2.43,2.2,2.87,1.56,1.77,2.05,1.98,1.52,2.33,1.8,1.6,4.51,4.77,4.63,4.13,2.53,2.61,3.95,4.0,4.0,0.0,0.0,0.0,4.0,4.0,3.12,3.5,4.0,3.75,0.0,0.88,1.38,3.75,0.5,0.5,0.0,3.88,4.0,3.75,3.75,0.75,4.0,0.0
11-9041.00,Architectural and Engineering Managers,0.3857142857142857,5,212.5,3.8,14.5,62.62188515709642,False,0.7009750812567714,0.6115926327193932,0.6562838569880823,5,0,0.0,True,Nicht hoch GPT-exponiert,1.75,2.0,3.88,2.0,4.25,2.12,0.0,0.0,0.0,0.0,3.62,2.25,3.5,4.12,0.0,0.0,0.0,1.62,4.25,3.88,1.88,4.12,2.88,0.75,4.0,0.0,4.0,4.75,4.75,4.0,3.0,0.0,4.12,0.0,0.0,0.0,3.25,0.0,0.5,4.0,3.88,3.0,0.0,0.0,0.0,2.62,0.75,3.12,4.25,0.5,4.75,4.62,2.17,1.75,2.25,2.06,1.84,2.56,0.86,0.32,2.03,2.33,2.21,2.24,2.61,0.9,1.97,2.16,1.7,1.0,1.74,1.8,1.51,4.54,4.88,4.53,3.99,3.05,2.25,3.79,4.25,4.12,0.12,0.0,0.0,3.75,4.25,3.25,3.0,3.88,3.88,1.12,2.25,2.62,3.75,1.12,3.12,0.0,3.25,3.62,3.62,3.25,1.75,4.0,2.0
11-9051.00,Food Service Managers,0.3958333333333333,2,352.8,6.4,42.0,63.59696641386782,False,0.8613217768147345,0.8223185265438786,0.8418201516793066,5,5,1.0,True,Nicht hoch GPT-exponiert,3.0,2.62,3.0,2.0,3.75,1.62,0.0,1.88,0.75,2.0,3.0,2.88,2.75,3.0,0.0,1.75,0.88,1.75,3.0,3.0,3.0,2.88,2.75,2.0,3.12,0.0,2.88,4.0,4.0,3.0,2.88,0.0,3.88,0.62,0.88,0.38,2.88,0.0,0.25,3.0,3.12,2.25,0.38,2.0,2.0,2.75,2.25,2.0,2.5,1.5,3.75,3.5,1.77,1.79,2.19,1.59,2.3,2.65,1.3,0.7,1.75,0.97,1.76,0.67,2.49,1.36,1.74,1.7,1.95,1.11,2.11,2.03,0.97,4.84,4.93,4.19,4.13,4.24,3.21,4.12,3.0,3.88,1.0,0.88,0.0,3.0,3.0,3.0,3.0,3.88,3.5,1.75,2.12,2.25,3.12,0.5,2.5,1.0,3.75,3.88,3.0,3.12,0.25,3.88,1.88
11-9071.00,Gambling Managers,0.4852941176470588,2,5.1,1.2,0.6,77.35644637053088,False,0.08559046587215602,0.33098591549295775,0.20828819068255688,5,0,0.0,True,Nicht hoch GPT-exponiert,1.0,2.88,3.12,0.88,3.75,1.62,0.0,0.88,0.88,0.0,3.75,1.88,3.25,3.0,0.0,1.38,1.0,2.12,3.75,3.62,1.0,3.0,2.88,0.75,3.25,0.0,3.25,4.0,4.0,2.88,3.0,0.12,4.0,0.5,0.75,0.75,3.5,0.0,0.0,3.75,4.12,3.12,0.5,1.62,0.5,3.25,2.5,2.75,2.12,0.38,3.5,3.38,1.77,1.79,2.41,1.63,1.5,2.47,0.88,-0.47,1.59,0.37,2.93,0.87,2.43,1.04,1.46,1.73,2.26,0.33,2.31,2.21,1.24,4.78,4.89,4.27,4.48,3.8,3.01,3.91,3.12,4.12,0.0,0.0,0.0,3.62,3.62,2.75,2.38,4.0,3.5,0.5,2.12,2.0,3.62,0.88,2.12,0.0,3.75,4.0,3.0,3.0,0.62,3.75,0.88
11-9072.00,"Entertainment and Recreation Managers, Except Gambling",0.3823529411764705,4,43.2,7.7,5.5,62.13434452871073,False,0.48808234019501623,0.8613217768147345,0.6747020585048754,5,2,0.4,True,Nicht hoch GPT-exponiert,1.38,1.88,3.25,1.0,3.75,1.25,0.0,1.25,0.88,1.5,2.88,1.12,2.75,3.25,0.12,1.62,1.38,1.25,3.5,3.38,1.0,2.88,2.38,1.88,3.5,0.25,3.0,3.88,4.0,3.38,2.5,0.38,3.75,0.25,0.38,0.25,3.0,0.25,0.62,3.5,3.25,2.12,0.25,1.38,1.62,2.5,1.88,2.0,2.88,1.5,3.75,3.75,1.69,1.94,1.67,1.32,2.3,2.56,1.43,0.47,1.79,1.47,1.66,0.56,2.31,2.06,1.74,1.73,1.84,1.23,2.38,2.03,1.41,4.57,4.63,4.37,3.46,2.92,1.68,3.44,2.88,3.88,0.0,0.0,0.0,3.62,3.5,3.0,2.75,3.38,3.25,1.38,1.5,2.0,3.62,0.5,1.62,0.0,3.75,3.75,3.0,3.12,0.62,3.75,0.88
11-9081.00,Lodging Managers,0.3804347826086956,4,52.0,3.4,5.4,61.75514626218852,False,0.4799566630552546,0.5579631635969664,0.5189599133261105,5,1,0.2,True,Nicht hoch GPT-exponiert,2.25,2.0,3.0,2.0,3.88,1.88,0.0,1.38,1.0,1.38,3.0,1.88,3.0,3.5,0.75,1.38,1.38,2.12,3.25,3.12,1.75,2.75,2.75,2.0,3.75,0.62,2.75,4.0,4.0,3.62,2.88,0.88,3.75,1.5,1.5,1.62,3.12,0.75,1.62,3.88,4.0,3.0,0.0,1.38,1.25,2.88,2.0,1.88,2.62,1.12,4.0,4.0,1.98,1.83,2.0,1.2,2.43,2.62,1.62,0.96,1.79,0.99,2.1,0.56,2.34,1.9,1.8,1.73,2.06,1.33,2.4,1.99,1.14,4.89,4.83,4.52,4.14,2.97,2.52,4.35,3.25,3.75,0.75,0.75,0.0,3.75,3.75,3.5,3.62,4.0,4.0,2.0,1.0,2.12,4.0,0.88,2.38,0.75,4.12,3.88,3.0,3.5,1.0,3.88,1.5
11-9111.00,Medical and Health Services Managers,0.3714285714285714,4,616.2,23.2,62.1,60.238353196099666,False,0.9024918743228603,0.9924160346695557,0.947453954496208,5,0,0.0,True,Nicht hoch GPT-exponiert,0.5,2.0,3.12,0.25,4.0,1.25,0.0,0.75,0.0,0.0,3.0,0.5,2.88,3.62,0.0,0.0,0.0,2.0,4.0,3.75,0.5,3.62,2.75,0.0,3.88,0.0,3.12,4.88,4.12,3.75,2.62,0.0,4.0,0.0,0.0,0.0,3.0,0.0,0.0,4.0,4.0,2.5,0.0,0.0,0.0,2.62,1.5,2.12,2.12,0.88,4.38,4.12,2.14,2.3,2.6,2.28,2.43,2.93,1.83,0.99,2.14,1.52,2.55,2.04,2.74,1.16,1.97,2.01,2.18,1.49,2.22,2.24,1.64,4.82,4.61,3.89,4.36,3.0,3.37,3.93,3.5,4.12,0.0,0.0,0.0,3.88,4.0,3.62,3.62,4.12,3.5,0.0,3.88,1.88,4.0,1.38,1.62,0.0,3.75,4.0,3.38,3.88,1.12,4.0,0.62
11-9121.00,Natural Sciences Managers,0.5666666666666667,5,104.3,3.7,8.5,87.97399783315277,True,0.570964247020585,0.5964247020585048,0.5836944745395449,5,2,0.4,True,Hoch GPT-exponiert mit guten Wechseloptionen,1.12,2.0,4.0,1.0,5.0,1.62,0.0,0.25,0.12,0.5,3.0,1.75,3.0,4.0,0.38,0.62,0.5,1.75,4.88,4.0,0.62,4.0,2.25,1.0,3.88,0.38,3.88,4.88,5.0,3.88,2.5,0.62,4.12,0.75,1.0,0.75,2.88,0.62,0.88,4.75,3.88,2.25,0.0,0.5,0.5,2.12,1.38,1.88,2.25,0.5,5.0,5.0,2.35,2.09,2.22,1.63,2.07,2.62,0.86,0.34,2.03,2.51,2.17,2.72,2.71,0.84,2.15,1.98,1.7,0.96,1.65,1.8,1.87,4.05,4.84,4.13,4.44,2.55,2.44,3.28,4.25,4.0,0.0,0.25,0.0,3.88,4.12,3.62,3.0,4.62,3.12,1.5,3.88,2.12,3.75,1.62,2.0,0.0,2.88,3.88,3.88,3.88,2.88,4.12,1.12
11-9121.01,Clinical Research Coordinators,0.4661016949152542,4,104.3,3.7,8.5,74.21451787648971,False,0.570964247020585,0.5964247020585048,0.5836944745395449,5,2,0.4,True,Nicht hoch GPT-exponiert,0.0,1.88,3.5,0.0,4.0,0.75,0.0,0.25,0.0,0.12,3.0,1.75,3.0,3.0,0.0,0.0,0.0,1.75,3.88,4.0,0.0,3.0,2.88,0.0,3.62,0.0,3.0,4.38,4.25,3.0,2.88,0.0,4.0,0.0,0.0,0.0,2.88,0.0,0.12,3.75,3.75,3.0,0.0,0.0,0.0,2.88,1.12,2.12,2.88,0.75,4.25,4.0,2.11,2.09,2.77,2.35,2.34,2.65,1.77,1.12,1.53,1.23,2.4,2.12,1.78,1.04,2.01,1.57,1.7,1.75,1.79,1.99,1.58,4.63,4.86,4.21,4.56,3.36,2.77,3.36,3.62,4.12,0.0,0.12,0.0,3.0,3.62,2.25,2.75,3.5,3.38,0.12,1.12,1.25,3.25,0.88,1.12,0.0,3.75,3.75,2.88,3.38,0.75,3.62,0.38
11-9131.00,Postmasters and Mail Superintendents,0.4523809523809523,2,13.1,-3.5,0.9,72.31852654387866,False,0.13488624052004333,0.15059588299024917,0.14274106175514625,5,0,0.0,True,Nicht hoch GPT-exponiert,0.38,2.12,3.0,0.5,3.25,1.75,0.0,0.38,0.75,0.5,2.75,1.62,2.5,3.0,0.0,1.38,0.62,2.12,3.12,3.12,0.0,2.88,2.12,0.88,3.12,0.0,2.88,3.88,4.0,3.0,2.5,0.0,3.38,0.88,0.88,0.0,2.88,0.0,0.0,3.12,3.25,2.12,0.88,1.5,0.75,2.38,2.0,2.38,2.12,0.62,3.75,3.62,1.77,1.0,2.14,1.79,1.84,2.65,1.07,0.7,1.41,0.26,2.28,0.33,2.87,1.1,1.64,1.63,1.98,1.07,1.52,1.27,0.6,4.96,4.92,3.97,4.17,3.23,2.41,4.92,3.12,3.5,0.0,0.0,0.0,3.25,3.12,2.75,2.75,3.5,3.25,1.25,2.12,2.25,3.5,0.88,1.88,0.0,3.12,3.5,3.0,3.0,1.12,3.88,1.5
11-9141.00,"Property, Real Estate, and Community Association Managers",0.4318181818181818,4,466.1,3.6,39.0,69.66413867822318,False,0.8526543878656555,0.5828819068255688,0.7177681473456121,5,2,0.4,True,Nicht hoch GPT-exponiert,0.0,1.12,3.0,0.38,3.88,0.88,0.0,0.0,0.0,0.12,2.88,0.62,2.62,3.0,0.0,0.12,0.0,1.0,3.5,3.12,0.0,2.88,2.12,0.38,3.75,0.12,3.0,4.12,4.12,2.88,2.0,0.0,3.5,0.0,0.0,0.0,2.75,0.0,0.25,3.5,3.5,2.12,0.0,0.0,0.0,2.38,1.12,1.62,2.75,0.5,4.0,4.0,1.77,1.48,2.31,1.63,1.84,2.65,1.0,0.47,1.82,0.87,2.1,0.87,2.34,1.01,1.74,1.94,1.77,1.0,2.01,1.8,1.2,4.7,4.84,4.25,3.9,2.75,1.84,3.95,3.12,3.75,0.0,0.12,0.0,3.12,3.38,3.0,2.88,3.12,3.75,0.5,1.88,0.88,3.5,0.5,2.0,0.0,3.0,3.38,2.12,2.12,0.25,3.5,0.62
11-9151.00,Social and Community Service Managers,0.4464285714285714,4,219.8,6.4,18.6,71.5059588299025,False,0.7464788732394366,0.8223185265438786,0.7843986998916577,5,3,0.6,True,Nicht hoch GPT-exponiert,1.25,2.0,3.38,1.25,4.12,1.25,0.0,0.25,0.0,0.38,2.88,1.88,3.0,3.75,0.0,0.12,0.25,2.0,3.88,3.5,0.62,3.38,2.75,0.75,3.62,0.0,3.38,4.62,4.62,3.75,2.75,0.0,4.0,0.0,0.0,0.0,3.0,0.0,0.0,4.25,4.0,2.88,0.0,0.38,0.12,3.12,0.88,2.12,2.62,0.62,4.0,4.12,2.11,2.09,1.71,1.41,2.43,2.65,2.33,1.19,1.93,1.33,2.32,1.32,2.61,2.18,1.97,1.76,2.06,2.2,2.38,1.99,1.51,4.67,4.88,4.35,4.2,2.66,2.05,3.91,4.12,4.0,0.0,0.0,0.0,3.88,4.12,3.12,2.38,4.38,3.75,1.62,3.38,2.25,3.75,0.88,1.62,0.0,4.0,4.62,3.75,3.88,1.12,4.0,0.75
11-9161.00,Emergency Management Directors,0.6,4,13.2,3.0,1.0,92.19934994582883,True,0.1495124593716143,0.5032502708559047,0.3263813651137595,5,3,0.6,True,Hoch GPT-exponiert mit guten Wechseloptionen,1.62,1.88,4.0,0.75,4.25,1.88,0.0,0.38,0.25,0.75,3.0,0.75,3.12,4.25,1.0,0.25,0.25,1.5,4.25,4.0,1.0,3.0,2.88,1.38,3.62,1.12,2.88,4.62,4.5,4.12,3.0,0.88,4.75,0.62,1.0,1.25,3.0,0.62,1.88,4.25,4.12,3.0,0.0,0.62,0.62,3.0,1.75,1.75,3.5,1.12,4.12,4.25,2.17,2.74,2.5,2.47,2.43,2.93,1.54,0.55,2.34,1.72,2.93,2.16,2.68,1.01,2.34,2.32,2.63,1.81,2.13,3.0,2.08,4.41,4.52,4.36,3.73,2.95,2.32,3.45,5.38,5.0,0.0,0.0,0.0,4.12,4.25,2.75,2.88,3.75,3.5,1.38,3.25,2.0,4.0,0.5,2.25,0.0,5.25,4.12,4.12,4.12,0.5,3.88,0.5
11-9171.00,Funeral Home Managers,0.5357142857142857,3,32.1,4.1,2.6,85.42795232936078,True,0.32340195016251355,0.6392199349945829,0.48131094257854823,5,2,0.4,True,Hoch GPT-exponiert mit guten Wechseloptionen,2.0,1.88,3.0,2.12,3.12,2.12,0.0,0.75,0.5,1.0,3.0,1.88,2.62,3.0,0.75,0.88,0.62,1.88,3.0,3.12,2.0,3.0,2.75,2.0,3.75,0.88,2.75,4.0,4.0,2.88,2.12,1.12,3.62,0.38,0.75,1.0,2.25,0.62,1.25,3.5,3.38,2.0,0.0,0.75,1.38,2.62,1.62,2.5,2.38,0.38,4.0,3.75,1.66,1.6,2.37,2.06,2.55,2.65,2.64,2.05,1.72,0.77,2.51,0.53,2.31,0.87,2.01,1.66,2.42,2.53,2.24,2.21,1.14,4.85,4.75,4.53,4.56,4.44,2.69,4.39,3.0,3.5,0.0,0.12,0.0,3.0,3.12,2.75,2.62,3.5,3.25,1.88,0.62,2.0,3.5,0.62,2.12,0.0,4.0,3.75,2.38,2.75,0.75,3.62,0.88
11-9179.01,Fitness and Wellness Coordinators,0.2934782608695652,4,25.1,6.5,2.1,48.645720476706394,False,0.27410617551462624,0.8293607800650055,0.5517334777898159,5,0,0.0,True,Nicht hoch GPT-exponiert,2.0,2.12,3.12,0.88,4.0,1.75,2.12,2.25,2.25,2.88,3.0,2.0,2.88,3.88,0.0,2.75,2.0,1.38,3.75,3.62,2.12,2.75,2.88,2.5,3.38,0.0,2.75,4.0,4.0,3.75,2.38,0.25,4.0,0.5,0.38,0.38,2.88,0.0,1.0,3.5,3.5,2.62,1.5,2.88,2.75,2.88,3.12,1.5,2.75,1.75,4.0,4.0,1.83,1.79,1.76,0.79,2.3,2.5,1.59,0.87,1.93,1.47,1.73,0.94,2.25,2.02,1.77,1.8,1.7,1.39,2.33,1.46,0.89,4.6,4.84,4.5,3.0,3.44,2.48,3.15,3.12,3.62,0.5,1.12,0.0,3.5,3.12,3.0,3.0,3.38,3.12,0.62,1.12,1.5,3.5,0.38,2.12,0.12,3.5,3.75,3.0,3.12,1.62,3.38,1.12
11-9179.02,Spa Managers,0.3571428571428571,3,25.1,6.5,2.1,57.52979414951246,False,0.27410617551462624,0.8293607800650055,0.5517334777898159,5,1,0.2,True,Nicht hoch GPT-exponiert,1.88,1.88,3.38,1.25,3.88,1.5,0.0,1.0,0.0,1.0,2.5,2.12,2.75,3.38,0.0,1.25,0.88,1.88,3.5,3.38,1.25,3.12,2.75,1.38,3.5,0.0,3.0,4.0,4.0,3.38,2.5,0.0,3.62,0.88,0.75,1.25,2.5,0.0,0.25,3.62,3.88,2.38,1.12,1.12,1.38,2.75,2.25,2.12,2.5,0.62,3.75,3.88,1.98,1.68,1.97,1.09,2.22,2.53,1.59,0.99,1.79,1.23,1.79,0.76,2.34,1.9,1.67,1.7,1.95,1.44,2.38,1.58,1.1,5.0,4.97,4.33,4.01,4.29,2.96,3.52,3.12,4.0,0.0,0.5,0.0,3.25,3.25,3.75,3.5,3.88,3.38,1.62,0.88,2.0,3.75,0.75,2.12,0.0,3.62,4.0,2.88,3.12,1.38,4.0,1.62
11-9199.01,Regulatory Affairs Managers,0.5384615384615385,4,1333.7,4.5,106.7,86.07800650054172,True,0.9420368364030336,0.6923076923076923,0.8171722643553629,5,0,0.0,True,Hoch GPT-exponiert mit begrenzten Wechseloptionen,0.0,1.38,3.0,0.0,4.0,0.5,0.0,0.25,0.0,0.0,2.75,0.5,3.0,3.62,0.0,0.0,0.0,1.12,4.0,3.75,0.0,2.5,2.62,0.0,3.88,0.0,2.62,4.12,4.12,3.12,2.62,0.0,4.0,0.0,0.0,0.0,2.75,0.0,0.0,3.75,3.88,2.62,0.0,0.0,0.0,2.38,1.12,1.62,1.88,0.5,4.25,4.12,2.17,1.75,3.0,2.74,1.63,2.93,0.45,0.67,1.82,0.87,2.93,2.24,2.31,0.69,1.97,1.73,1.84,1.26,1.18,1.8,1.31,4.17,4.59,3.96,4.35,2.7,2.87,3.65,3.25,3.5,0.0,0.0,0.0,3.0,4.0,2.12,2.0,3.5,3.0,0.0,3.12,0.88,3.0,0.88,0.38,0.0,3.0,3.62,3.88,3.75,0.75,3.75,0.0
11-9199.08,Loss Prevention Managers,0.3679245283018867,4,1333.7,4.5,106.7,59.26327193932828,False,0.9420368364030336,0.6923076923076923,0.8171722643553629,5,0,0.0,True,Nicht hoch GPT-exponiert,1.12,2.12,3.0,1.5,3.88,1.75,0.0,1.38,1.38,1.25,3.38,1.88,3.5,3.5,0.0,2.0,1.88,2.12,3.88,3.12,1.88,2.88,2.25,2.12,4.0,0.0,3.0,4.0,4.0,3.62,3.0,0.12,4.0,0.0,1.25,1.5,3.62,0.0,0.25,3.88,3.88,3.0,1.38,2.0,1.88,2.62,2.12,2.38,2.75,0.5,4.0,4.0,2.04,1.54,2.74,2.74,0.75,2.93,0.35,-0.32,1.82,0.75,2.93,1.17,2.49,0.32,2.15,1.76,2.42,0.44,1.09,2.24,1.16,4.82,4.67,4.36,3.91,3.33,2.32,3.91,3.88,3.62,0.0,0.0,0.0,3.88,4.0,2.12,2.38,4.0,3.38,1.75,2.25,2.88,3.88,0.75,2.38,0.0,3.75,3.75,4.0,3.88,1.12,3.88,1.25
13-1011.00,"Agents and Business Managers of Artists, Performers, and Athletes",0.3695652173913043,4,21.4,8.7,2.2,59.859154929577464,False,0.2833152762730228,0.8965330444203684,0.5899241603466956,5,0,0.0,True,Nicht hoch GPT-exponiert,0.25,1.5,3.0,0.25,3.88,0.25,0.0,0.0,0.0,0.0,2.75,1.0,2.12,3.38,0.0,0.0,0.0,1.12,3.75,3.0,0.25,2.5,2.0,0.25,3.75,0.0,2.25,4.12,4.25,3.38,1.38,0.0,3.75,0.0,0.0,0.0,2.75,0.0,0.0,3.62,3.75,2.0,0.0,0.0,0.0,2.38,1.12,1.5,1.88,0.38,4.0,4.0,2.21,2.09,2.02,-0.06,1.7,2.25,1.48,-0.8,2.07,1.39,2.06,1.17,2.25,1.74,2.3,2.32,1.8,0.57,2.54,1.83,1.76,4.88,4.55,4.22,4.43,2.69,2.05,4.65,3.38,3.75,0.0,0.0,0.0,2.88,3.75,1.62,0.75,3.12,4.0,0.25,1.25,0.25,4.12,0.5,0.0,0.0,3.38,3.5,2.5,2.5,0.38,3.38,0.0
13-1021.00,"Buyers and Purchasing Agents, Farm Products",0.25,4,522.2,5.8,52.2,43.12026002166847,False,0.886240520043337,0.7833152762730228,0.8347778981581799,5,0,0.0,True,Nicht hoch GPT-exponiert,1.5,2.0,3.25,1.38,3.38,1.62,0.0,0.5,0.0,0.5,3.0,2.0,2.75,3.0,0.0,0.5,0.5,2.0,3.38,3.12,1.38,3.38,2.5,1.38,3.62,0.0,3.25,4.0,4.0,3.0,2.25,0.0,3.12,0.0,0.0,0.12,2.88,0.0,0.12,3.25,3.38,2.25,0.0,1.12,1.38,2.5,1.62,2.62,2.12,0.0,3.88,3.25,1.69,1.26,2.22,1.56,1.08,2.41,0.47,0.7,1.44,0.67,2.03,0.84,1.29,0.66,1.64,1.94,1.34,1.02,1.58,1.16,1.35,4.79,4.98,4.6,4.39,3.04,2.21,3.81,3.0,3.12,0.0,0.0,0.0,2.88,3.38,2.88,3.12,3.0,3.62,1.75,1.75,2.12,3.75,0.75,2.38,0.25,2.62,3.12,2.88,2.62,1.0,3.0,1.25
13-1022.00,"Wholesale and Retail Buyers, Except Farm Products",0.4,3,522.2,5.8,52.2,64.68039003250271,False,0.886240520043337,0.7833152762730228,0.8347778981581799,5,1,0.2,True,Nicht hoch GPT-exponiert,1.88,1.5,3.75,0.0,4.0,0.62,0.0,0.75,0.25,0.75,3.0,2.0,2.88,3.12,0.0,0.38,0.12,1.38,3.38,3.25,1.5,3.62,2.25,1.12,3.12,0.0,3.38,4.0,4.0,3.12,2.75,0.0,3.5,0.0,0.0,0.0,2.62,0.0,0.0,3.38,3.62,2.62,0.38,0.75,1.25,2.0,1.88,3.0,2.38,0.62,4.0,3.62,1.86,1.72,2.28,1.5,1.31,2.14,0.64,-0.25,1.53,1.28,1.79,1.23,1.37,0.76,1.77,1.98,1.31,0.86,1.83,1.38,1.24,4.83,4.76,4.4,4.02,3.3,3.57,4.03,3.12,3.38,0.0,0.0,0.0,3.12,3.75,3.38,3.12,3.12,4.0,0.38,2.0,1.0,4.0,0.88,1.75,0.0,3.12,3.5,3.0,3.38,0.62,3.12,0.0
13-1023.00,"Purchasing Agents, Except Wholesale, Retail, and Farm Products",0.3684210526315789,4,522.2,5.8,52.2,59.479956663055255,False,0.886240520043337,0.7833152762730228,0.8347778981581799,5,1,0.2,True,Nicht hoch GPT-exponiert,0.12,1.12,3.38,0.0,4.25,0.38,0.0,0.25,0.0,0.0,2.25,0.5,2.5,3.12,0.0,0.0,0.0,1.0,3.88,4.0,0.0,3.0,2.75,0.0,3.88,0.0,3.0,4.0,4.0,3.0,2.12,0.0,3.62,0.0,0.0,0.0,2.75,0.0,0.0,3.25,3.75,2.5,0.0,0.0,0.0,2.5,1.12,2.0,1.88,0.62,4.0,4.0,1.77,1.35,2.37,1.56,1.63,2.59,0.62,0.5,1.59,0.82,2.28,1.41,1.26,0.52,1.74,2.01,1.31,0.86,1.4,1.32,1.1,4.53,4.53,4.05,4.4,2.42,2.68,4.3,4.0,3.0,0.0,0.0,0.0,3.25,3.88,3.62,3.5,3.12,4.12,0.0,2.38,1.0,4.0,0.62,2.25,0.0,3.25,3.62,2.88,3.25,0.75,3.5,0.62
13-1031.00,"Claims Adjusters, Examiners, and Investigators",0.49,4,356.1,-5.1,21.1,78.1148429035753,False,0.7605633802816901,0.11917659804983749,0.4398699891657638,5,0,0.0,True,Nicht hoch GPT-exponiert,1.0,2.12,3.62,0.62,4.38,0.88,0.0,0.5,0.0,0.0,3.0,1.0,3.38,2.88,0.0,0.0,0.0,1.38,4.38,3.5,0.88,3.12,2.62,0.0,4.0,0.0,3.25,4.5,4.5,2.62,2.62,0.0,3.88,0.0,0.0,0.0,2.62,0.0,0.62,3.5,3.62,3.25,0.12,0.0,0.0,2.38,1.62,1.75,2.38,1.38,4.38,4.12,1.71,1.26,2.67,2.35,1.38,2.53,1.17,0.53,1.38,0.02,2.51,1.35,0.66,0.38,1.8,1.66,1.8,0.96,1.33,1.8,1.31,4.67,4.29,4.51,4.61,2.79,3.3,4.39,3.38,3.12,0.0,0.38,0.0,2.88,3.75,1.88,1.38,2.75,3.25,0.25,0.88,1.25,3.0,1.5,2.5,0.0,3.0,3.38,2.62,3.12,0.75,3.0,0.88
13-1032.00,"Insurance Appraisers, Auto Damage",0.5,3,9.2,-8.2,0.5,79.68580715059588,True,0.06988082340195016,0.07475622968580715,0.07231852654387866,5,2,0.4,True,Hoch GPT-exponiert mit guten Wechseloptionen,1.88,1.88,3.12,1.75,3.75,2.0,0.0,0.88,0.38,1.0,2.62,1.5,2.75,2.62,1.5,0.75,0.38,2.0,3.5,3.12,1.38,2.5,1.75,1.5,3.75,1.0,2.5,4.0,4.0,2.62,2.38,1.12,3.62,0.75,0.75,0.75,3.0,0.88,1.38,3.12,3.25,2.12,0.0,0.38,0.75,2.25,1.12,2.38,2.75,0.38,3.75,3.75,1.3,0.86,2.53,2.03,1.2,2.06,0.3,0.67,0.49,-0.12,2.13,0.76,0.43,0.01,1.4,1.54,1.5,0.76,1.24,1.38,0.74,4.96,4.29,4.45,4.41,2.63,3.54,4.55,2.88,2.88,0.75,0.62,0.0,2.0,3.12,1.62,0.88,2.12,2.88,2.0,1.38,2.25,2.88,0.5,2.25,0.88,3.0,3.0,2.12,2.38,0.5,3.0,1.5
13-1041.00,Compliance Officers,0.6136363636363636,4,418.0,3.0,33.3,93.06608884073673,True,0.838569880823402,0.5032502708559047,0.6709100758396533,5,2,0.4,True,Hoch GPT-exponiert mit guten Wechseloptionen,1.0,1.75,3.38,1.0,3.5,1.75,0.0,1.0,0.75,1.12,2.62,1.12,3.12,2.75,1.5,1.0,1.12,2.0,3.5,3.38,0.88,1.75,2.25,1.12,3.5,0.88,2.12,4.12,4.12,2.62,2.62,1.25,3.25,1.12,1.12,1.12,3.0,0.88,1.38,3.38,3.62,2.5,0.0,0.88,0.75,2.75,1.75,2.38,2.25,1.5,4.0,3.75,1.09,0.5,2.57,2.24,1.41,2.59,0.62,0.64,0.65,-0.59,2.93,0.87,0.98,0.38,1.46,1.21,1.84,1.28,1.09,1.43,0.44,4.79,4.49,3.68,4.46,3.78,3.55,3.53,2.88,3.12,0.0,0.0,0.0,2.88,3.25,1.38,1.25,2.38,3.12,1.5,0.38,1.75,3.12,0.75,1.25,0.0,3.12,3.38,2.75,2.62,0.5,3.12,0.88
13-1041.04,Government Property Inspectors and Investigators,0.3529411764705882,3,418.0,3.0,33.3,56.608884073672805,False,0.838569880823402,0.5032502708559047,0.6709100758396533,5,0,0.0,True,Nicht hoch GPT-exponiert,2.38,2.62,3.75,2.25,4.25,2.62,0.0,1.12,0.62,1.5,3.88,2.38,4.0,3.38,2.0,1.75,1.25,2.5,4.25,4.0,2.12,3.0,3.12,2.25,4.5,1.5,3.0,4.0,4.0,3.0,3.38,1.62,4.25,1.62,1.75,2.12,3.0,1.38,2.5,3.88,3.75,3.38,1.0,1.38,1.88,3.12,2.12,3.12,3.25,1.0,4.0,4.0,1.47,0.97,2.74,2.1,0.75,2.59,0.16,0.42,1.15,-0.16,2.93,1.14,0.98,0.24,1.55,1.35,1.31,0.25,0.77,1.22,-0.27,4.75,4.59,3.98,4.44,3.07,2.14,3.92,3.38,3.38,0.0,0.0,0.0,3.25,4.0,1.5,1.88,2.88,3.25,2.5,1.25,3.0,3.5,1.25,3.25,0.0,3.12,3.25,3.38,3.38,0.75,3.12,1.12
13-1041.06,Coroners,0.4594594594594595,3,418.0,3.0,33.3,73.13109425785483,False,0.838569880823402,0.5032502708559047,0.6709100758396533,5,1,0.2,True,Nicht hoch GPT-exponiert,3.0,2.0,4.0,2.88,4.12,2.12,0.0,1.75,0.88,2.25,3.12,3.0,3.75,3.25,1.25,1.38,1.0,1.62,4.75,4.0,3.0,2.5,2.62,2.88,4.0,1.0,2.62,4.75,4.62,3.0,3.0,1.0,4.12,0.88,1.62,1.25,3.0,0.75,1.12,3.38,3.5,3.12,0.38,2.0,2.38,2.62,2.38,3.0,3.0,1.0,4.12,4.12,1.74,1.08,3.0,2.54,1.14,2.74,0.93,0.93,1.21,-0.22,2.93,2.04,1.89,0.18,1.97,1.73,2.38,1.39,0.29,2.59,1.51,4.75,4.78,4.3,4.3,4.25,2.6,4.45,3.0,3.5,0.0,1.0,0.0,3.12,3.75,1.0,1.38,2.75,2.75,2.0,0.62,2.0,2.75,0.5,2.0,0.0,3.12,3.88,2.75,2.25,0.62,3.0,0.5
13-1041.07,Regulatory Affairs Specialists,0.6696428571428571,4,418.0,3.0,33.3,96.42470205850488,True,0.838569880823402,0.5032502708559047,0.6709100758396533,5,4,0.8,True,Hoch GPT-exponiert mit guten Wechseloptionen,0.0,1.88,3.5,0.0,4.12,1.0,0.0,0.0,0.0,0.0,2.88,1.62,3.62,3.62,0.0,0.0,0.0,1.88,3.88,3.88,0.0,3.0,2.62,0.0,4.0,0.0,2.88,4.88,4.62,3.25,2.88,0.0,4.0,0.0,0.0,0.0,2.75,0.0,0.0,3.88,3.88,3.0,0.0,0.0,0.0,2.12,0.88,2.0,2.0,0.38,4.88,4.12,1.8,1.22,3.0,2.62,1.67,2.65,0.34,0.61,1.44,0.24,2.55,2.2,0.88,0.28,1.61,1.44,1.37,0.98,0.88,1.43,0.4,4.2,4.42,3.8,4.15,3.2,3.0,3.75,3.88,3.88,0.0,0.0,0.0,3.0,4.12,1.88,1.38,3.0,3.25,0.0,2.62,1.75,3.75,1.38,2.0,0.0,3.0,3.25,4.0,3.88,1.0,3.38,0.0
13-1041.08,Customs Brokers,0.6022727272727273,3,418.0,3.0,33.3,92.63271939328277,True,0.838569880823402,0.5032502708559047,0.6709100758396533,5,3,0.6,True,Hoch GPT-exponiert mit guten Wechseloptionen,0.0,1.75,3.62,0.0,3.25,0.5,0.0,0.38,0.0,0.0,2.62,1.25,3.0,3.0,0.0,0.0,0.0,1.0,3.12,3.38,0.0,3.0,2.75,0.0,3.38,0.0,3.0,4.0,3.88,3.0,2.75,0.0,3.12,0.0,0.0,0.0,3.0,0.0,0.0,3.0,3.5,2.88,0.0,0.0,0.0,2.62,0.62,1.88,2.0,0.12,4.0,3.75,1.66,1.38,2.67,2.39,1.63,2.65,0.28,0.47,1.47,-0.1,2.72,1.41,0.71,0.45,1.77,1.6,1.22,1.07,1.2,1.55,1.1,4.7,4.72,3.65,4.85,3.15,2.75,4.8,3.12,3.12,0.0,0.0,0.0,3.0,3.0,2.62,2.5,3.0,3.12,0.0,0.75,1.38,3.0,1.38,0.25,0.0,3.0,3.0,3.0,3.0,0.88,3.12,0.0
13-1051.00,Cost Estimators,0.4807692307692308,4,221.4,-4.2,16.9,76.81473456121344,False,0.7226435536294691,0.13867822318526543,0.43066088840736727,5,2,0.4,True,Nicht hoch GPT-exponiert,0.0,1.0,3.75,0.0,4.12,0.62,0.0,0.0,0.0,0.0,2.88,0.5,3.0,3.5,0.0,0.0,0.0,1.0,4.12,4.0,0.12,4.12,2.0,0.0,3.88,0.0,4.25,4.12,4.12,3.0,2.75,0.0,3.38,0.0,0.0,0.0,3.0,0.0,0.25,3.25,3.5,2.62,0.0,0.0,0.0,1.75,1.38,1.75,3.0,0.75,4.12,4.0,1.6,1.26,2.77,2.06,1.26,2.59,-0.08,0.34,1.38,0.94,2.17,1.44,0.98,0.06,1.83,1.73,1.22,0.53,1.2,1.49,0.41,3.68,4.45,3.91,3.95,2.76,2.36,3.77,3.62,3.12,0.0,0.12,0.0,2.75,3.75,3.62,3.0,2.5,3.25,0.0,2.5,0.75,3.5,0.88,0.38,0.0,2.88,3.0,3.5,3.12,0.75,3.0,0.0
13-1071.00,Human Resources Specialists,0.5888888888888889,4,944.3,6.2,81.8,90.84507042253522,True,0.9284940411700975,0.8104008667388949,0.8694474539544962,5,2,0.4,True,Hoch GPT-exponiert mit guten Wechseloptionen,0.5,1.38,3.25,0.38,4.0,0.25,0.0,0.25,0.0,0.0,2.12,1.38,3.12,3.0,0.0,0.0,0.0,0.88,3.5,3.5,0.5,2.25,2.25,0.0,3.62,0.0,2.38,4.12,4.0,3.12,2.0,0.0,3.75,0.0,0.0,0.0,2.38,0.0,0.0,3.88,3.88,2.0,0.0,0.0,0.0,2.12,1.25,0.75,2.12,0.38,4.0,3.88,1.4,1.41,2.28,1.56,2.3,2.59,1.92,1.15,1.62,0.89,2.43,1.23,1.11,1.42,1.34,1.44,1.8,1.66,2.26,1.43,0.99,4.77,4.92,4.36,4.34,2.65,3.5,3.76,3.12,3.5,0.0,0.0,0.0,3.12,3.5,1.25,1.25,2.88,3.0,0.12,0.25,0.5,3.0,0.62,0.75,0.0,3.25,3.88,2.75,2.88,0.75,3.0,0.0
13-1074.00,Farm Labor Contractors,0.0,2,3.9,6.0,0.3,3.1960996749729147,False,0.03791982665222102,0.795774647887324,0.4168472372697725,5,0,0.0,True,Nicht hoch GPT-exponiert,2.38,2.0,2.5,3.0,2.88,2.12,0.0,1.5,0.0,1.5,2.62,1.5,2.25,2.12,1.5,2.0,1.12,1.88,2.88,2.75,2.5,1.88,1.75,3.0,3.12,1.5,2.12,3.25,3.38,2.0,2.25,2.0,3.25,2.38,2.38,2.5,2.75,1.0,1.62,3.12,3.5,1.5,2.0,2.12,2.12,2.75,2.5,2.25,1.75,0.25,3.0,3.0,0.99,1.08,1.55,0.57,1.44,2.3,1.19,1.15,1.26,0.04,1.51,0.15,2.46,1.01,1.4,1.29,1.5,1.02,1.38,1.58,0.14,4.49,4.55,4.81,4.26,3.62,1.88,4.45,2.75,3.38,0.0,0.25,0.0,2.88,2.75,1.88,1.62,3.38,3.0,2.38,0.5,2.38,2.88,0.5,1.38,0.0,2.62,3.0,2.0,1.62,0.0,3.38,1.12
13-1075.00,Labor Relations Specialists,0.4433962264150943,4,65.4,-0.1,5.1,70.96424702058505,False,0.46803900325027087,0.2611050920910076,0.3645720476706392,5,0,0.0,True,Nicht hoch GPT-exponiert,0.0,1.12,3.12,0.0,4.38,0.12,0.0,0.0,0.0,0.0,2.38,0.0,2.88,3.88,0.0,0.0,0.0,1.38,4.0,3.38,0.0,2.75,2.88,0.0,3.62,0.0,2.75,4.5,4.5,3.75,2.62,0.0,4.12,0.0,0.0,0.0,2.88,0.0,0.0,3.88,3.75,3.0,0.0,0.0,0.0,2.5,1.5,1.5,2.12,0.75,4.38,4.38,1.66,1.61,2.14,1.44,1.84,2.41,1.83,0.47,1.5,0.65,2.43,1.17,1.72,0.71,2.08,2.05,2.42,1.09,2.22,2.21,1.53,4.48,4.53,4.19,3.67,2.95,1.76,3.71,3.75,3.62,0.0,0.0,0.0,2.88,4.0,1.62,1.5,2.88,4.38,0.12,0.88,0.5,4.38,0.25,0.25,0.0,3.62,4.0,3.25,3.25,0.38,3.12,0.0
13-1081.00,Logisticians,0.4545454545454546,4,241.0,16.7,26.4,72.69772481040087,False,0.800650054171181,0.971830985915493,0.886240520043337,5,0,0.0,True,Nicht hoch GPT-exponiert,0.0,1.88,3.5,0.0,4.62,0.38,0.0,0.5,0.25,0.0,3.25,1.88,3.0,3.75,0.0,0.0,0.0,1.5,4.0,3.88,0.0,3.38,2.88,0.0,3.88,0.0,3.5,4.38,4.12,3.88,2.75,0.0,4.12,0.0,0.0,0.0,2.62,0.0,0.12,3.88,3.88,2.75,0.0,0.0,0.0,2.25,1.12,1.75,3.12,0.5,4.0,3.88,2.01,1.75,2.57,1.86,2.1,2.65,1.0,0.75,1.75,1.3,2.1,1.35,1.95,0.93,1.8,1.63,1.7,1.02,1.52,1.8,1.29,4.54,4.61,4.04,3.96,3.33,2.58,4.42,3.88,4.25,0.0,0.0,0.0,3.0,4.0,2.25,2.62,3.75,3.5,0.12,4.0,1.62,3.62,1.75,2.25,0.0,3.38,3.62,3.88,3.88,0.75,3.75,0.0
13-1081.01,Logistics Engineers,0.6842105263157894,4,241.0,16.7,26.4,97.50812567713976,True,0.800650054171181,0.971830985915493,0.886240520043337,5,3,0.6,True,Hoch GPT-exponiert mit guten Wechseloptionen,0.0,2.12,3.88,0.0,4.62,1.38,0.0,0.0,0.0,0.0,3.12,0.75,3.25,4.12,0.0,0.0,0.0,2.0,4.38,4.0,0.0,4.25,2.62,0.0,3.88,0.0,4.25,4.88,4.25,4.0,3.0,0.0,4.38,0.0,0.0,0.0,2.88,0.0,0.38,3.75,3.75,2.88,0.0,0.0,0.0,2.62,1.12,2.62,3.62,0.75,4.5,4.12,2.01,1.98,2.57,1.82,1.06,2.47,0.12,0.24,1.66,2.3,1.76,2.16,1.16,0.36,1.74,1.57,0.85,0.53,0.59,1.14,1.6,4.39,4.43,4.04,3.87,2.91,1.83,3.91,4.0,3.5,0.12,1.25,0.0,3.25,4.25,3.25,3.0,3.62,3.0,1.12,4.12,2.75,3.12,2.75,2.88,0.12,3.0,3.38,4.75,4.62,2.62,3.75,2.0
13-1081.02,Logistics Analysts,0.6509433962264151,4,241.0,16.7,26.4,95.77464788732394,True,0.800650054171181,0.971830985915493,0.886240520043337,5,4,0.8,True,Hoch GPT-exponiert mit guten Wechseloptionen,0.62,2.12,3.75,0.75,4.0,0.88,0.0,0.25,0.0,0.0,2.75,1.62,3.38,3.75,0.0,0.0,0.0,1.62,4.0,4.0,0.62,3.88,2.75,0.0,3.88,0.0,3.88,4.0,4.0,3.75,3.0,0.0,3.88,0.0,0.0,0.0,3.25,0.0,0.0,3.25,3.5,2.88,0.0,0.0,0.0,2.38,0.62,2.0,2.88,0.38,4.0,4.0,1.74,1.61,2.57,1.82,0.9,2.47,0.1,0.34,1.18,1.2,1.73,1.64,0.69,0.24,1.46,1.07,1.14,0.5,0.54,1.24,1.14,4.59,4.27,4.18,4.14,3.0,3.55,4.18,4.0,3.12,0.0,0.0,0.0,2.88,4.0,2.5,2.25,2.88,2.88,0.0,2.62,2.0,2.88,1.75,2.25,0.0,2.88,3.0,4.0,3.88,1.75,3.38,0.5
13-1111.00,Management Analysts,0.5,4,1075.1,8.8,98.1,79.68580715059588,True,0.9360780065005417,0.9019501625135428,0.9190140845070423,5,1,0.2,True,Hoch GPT-exponiert mit begrenzten Wechseloptionen,0.0,1.25,3.75,0.0,4.25,0.5,0.0,0.0,0.0,0.0,2.88,0.62,3.0,4.0,0.0,0.0,0.0,1.25,4.12,3.88,0.0,3.12,2.5,0.0,3.88,0.0,3.12,4.25,4.75,3.75,2.12,0.0,4.0,0.0,0.0,0.0,3.0,0.0,0.0,4.0,3.75,2.75,0.0,0.0,0.0,2.5,1.5,1.25,2.62,0.88,4.12,4.25,2.28,2.05,2.6,1.53,1.63,2.2,1.0,0.61,2.03,2.24,2.32,2.2,1.78,0.66,1.8,1.8,1.5,1.05,1.83,1.64,1.81,4.25,4.74,4.14,4.1,2.85,2.05,4.0,4.0,4.0,0.0,0.12,0.0,3.5,4.12,1.5,2.25,3.12,3.12,0.5,3.88,1.12,3.88,1.25,0.88,0.0,3.25,4.0,3.88,3.88,1.38,3.25,0.25
13-1121.00,"Meeting, Convention, and Event Planners",0.3648648648648649,4,155.8,4.8,15.5,58.613217768147344,False,0.7128927410617552,0.7150595882990249,0.71397616468039,5,0,0.0,True,Nicht hoch GPT-exponiert,2.25,1.88,3.25,1.75,3.88,1.5,0.0,1.38,0.25,1.75,3.12,2.0,2.88,3.75,1.0,1.62,1.12,1.38,3.38,3.5,2.0,3.0,2.12,1.5,3.62,0.12,2.88,4.25,4.25,3.62,2.5,0.12,4.0,0.5,0.62,0.12,2.88,0.12,0.75,3.62,3.88,2.38,0.25,1.75,1.75,3.0,2.25,2.12,3.0,0.75,4.25,4.12,2.04,2.3,2.74,1.56,2.3,2.93,1.38,0.5,2.0,1.2,1.76,1.11,1.95,1.78,1.8,1.8,2.06,1.07,2.33,2.1,1.26,4.91,4.91,4.52,3.96,3.87,3.76,4.57,3.5,4.0,0.62,0.88,0.0,3.12,3.38,3.12,2.88,3.38,3.62,1.75,2.62,1.62,3.5,0.38,1.62,0.75,3.88,3.75,3.12,3.38,0.75,3.75,0.75
13-1131.00,Fundraisers,0.4903846153846154,4,134.4,4.3,10.2,78.33152762730228,False,0.6164680390032503,0.6619718309859155,0.6392199349945829,5,1,0.2,True,Nicht hoch GPT-exponiert,0.0,1.25,3.12,0.5,4.12,0.75,0.0,0.0,0.0,0.0,2.88,1.75,2.38,4.0,0.0,0.0,0.0,0.62,3.75,3.75,0.0,3.0,2.62,0.25,3.5,0.0,2.88,4.12,4.25,3.75,2.0,0.0,3.12,0.0,0.0,0.0,2.75,0.0,0.12,4.12,4.0,2.12,0.0,0.0,0.0,2.25,0.62,1.75,2.0,0.38,4.0,4.0,2.79,1.68,1.71,0.13,2.34,2.41,2.01,0.34,2.18,1.25,2.36,1.17,2.16,2.49,2.19,1.7,1.7,2.03,2.81,1.52,1.47,4.62,5.0,4.19,3.62,3.25,2.3,3.67,3.25,3.88,0.0,0.12,0.0,3.0,3.75,3.12,2.25,2.88,3.88,0.62,1.25,0.75,4.38,0.5,0.62,0.0,3.25,3.88,3.0,3.12,0.75,3.62,0.0
13-1141.00,"Compensation, Benefits, and Job Analysis Specialists",0.4736842105263157,4,107.0,5.3,8.5,75.2979414951246,False,0.570964247020585,0.7535211267605634,0.6622426868905742,5,0,0.0,True,Nicht hoch GPT-exponiert,0.62,1.12,3.25,0.25,3.88,0.25,0.0,0.25,0.0,0.0,2.62,0.62,3.0,3.12,0.0,0.0,0.0,1.12,3.62,3.62,0.38,3.5,2.25,0.0,3.5,0.0,3.25,4.12,4.0,3.25,2.75,0.0,3.75,0.0,0.0,0.0,2.88,0.0,0.0,3.38,3.62,2.88,0.0,0.0,0.0,2.0,1.12,1.38,2.0,0.62,4.12,4.0,1.77,1.26,2.77,1.93,1.63,2.47,0.86,0.5,1.15,0.75,2.1,1.64,0.9,0.43,1.0,1.26,1.37,1.02,1.27,0.95,0.85,4.38,4.57,3.81,4.48,2.81,3.05,3.86,3.5,3.12,0.0,0.0,0.0,3.0,3.75,2.0,1.5,2.88,3.12,0.0,2.88,0.5,3.38,1.0,0.5,0.0,3.0,3.62,3.62,3.62,0.5,3.0,0.0
13-1151.00,Training and Development Specialists,0.5921052631578947,4,452.3,10.8,43.9,91.4409534127844,True,0.8656554712892741,0.9230769230769231,0.8943661971830986,5,3,0.6,True,Hoch GPT-exponiert mit guten Wechseloptionen,0.0,2.0,3.5,0.0,3.88,0.75,0.0,0.0,0.0,0.0,3.62,1.12,2.62,3.88,0.0,0.0,0.0,1.88,3.5,3.12,0.0,2.12,3.12,0.0,3.75,0.0,2.62,4.12,4.38,3.88,2.0,0.0,3.75,0.0,0.0,0.0,2.88,0.0,0.12,4.5,3.88,2.62,0.0,0.0,0.0,2.75,2.0,2.0,2.38,0.5,4.12,4.12,2.04,2.26,1.92,0.69,2.3,2.39,1.89,1.06,1.93,2.3,1.7,2.16,1.81,1.9,1.67,1.76,1.7,1.55,2.36,1.24,1.33,4.57,4.43,4.35,3.0,3.35,2.23,3.7,3.25,3.88,0.0,0.12,0.0,4.12,4.0,2.88,2.25,3.38,3.12,0.12,3.5,1.12,3.38,0.75,1.0,0.0,3.75,4.0,3.12,3.62,1.25,3.75,0.0
13-1161.00,Market Research Analysts and Marketing Specialists,0.576923076923077,4,941.7,6.7,87.2,89.65330444203684,True,0.9333694474539544,0.8374864572047671,0.8854279523293608,5,0,0.0,True,Hoch GPT-exponiert mit begrenzten Wechseloptionen,0.12,1.75,3.75,0.0,4.38,0.75,0.0,0.0,0.0,0.0,2.75,1.75,3.25,4.0,0.0,0.0,0.0,1.62,4.25,3.88,0.12,3.88,2.75,0.0,3.88,0.0,3.75,4.5,4.5,3.38,2.88,0.0,3.88,0.0,0.0,0.0,2.88,0.0,0.0,3.62,3.75,2.75,0.0,0.0,0.0,2.25,1.12,1.75,2.62,0.38,4.5,4.5,2.01,1.83,2.31,0.92,1.38,1.98,0.84,0.22,1.53,1.94,1.48,2.16,0.93,0.56,1.64,1.32,1.03,0.72,1.56,1.09,1.64,4.22,4.22,4.52,4.43,2.43,2.22,4.04,3.75,3.12,0.0,0.0,0.0,3.0,4.12,1.62,1.38,2.88,2.75,0.0,3.12,1.38,3.25,2.0,0.88,0.0,2.88,3.38,3.88,3.88,0.75,3.12,0.0
13-1161.01,Search Marketing Strategists,0.5081967213114754,4,941.7,6.7,87.2,80.931744312026,True,0.9333694474539544,0.8374864572047671,0.8854279523293608,5,0,0.0,True,Hoch GPT-exponiert mit begrenzten Wechseloptionen,0.5,0.75,3.25,0.5,3.88,0.12,0.0,0.0,0.0,0.0,2.75,1.25,3.12,3.88,0.0,0.0,0.0,1.12,3.88,3.5,0.38,2.88,2.38,0.0,3.38,0.0,2.88,4.0,4.12,3.88,2.62,0.0,3.88,0.0,0.0,0.0,3.0,0.0,0.0,3.75,3.88,2.62,0.0,0.0,0.0,2.62,0.62,2.0,2.12,0.25,4.0,4.12,2.14,2.26,2.37,0.67,1.57,2.01,0.28,-0.32,1.96,2.27,1.45,2.12,1.06,0.64,1.74,1.7,0.75,0.58,1.21,1.24,1.78,3.57,4.0,4.26,3.74,2.52,2.22,3.74,4.12,3.62,0.0,0.0,0.0,3.12,3.75,2.0,1.88,3.0,3.12,0.0,2.25,1.88,3.62,2.12,1.5,0.0,3.0,3.25,3.75,3.75,2.25,3.5,0.25
13-1199.04,Business Continuity Planners,0.5,4,1205.7,3.0,108.2,79.68580715059588,True,0.948537378114843,0.5032502708559047,0.7258938244853739,5,1,0.2,True,Hoch GPT-exponiert mit begrenzten Wechseloptionen,0.0,1.88,3.62,0.0,4.88,0.75,0.0,0.0,0.0,0.0,2.88,0.62,3.5,4.12,0.0,0.0,0.0,1.5,4.38,4.0,0.0,3.0,2.88,0.0,3.38,0.0,2.88,4.25,4.5,3.75,2.75,0.0,4.88,0.0,0.0,0.0,2.88,0.0,0.25,3.75,3.62,2.88,0.0,0.0,0.0,2.38,1.12,1.88,3.12,0.88,4.25,4.88,2.14,2.42,2.77,2.74,1.63,2.93,0.47,0.5,2.03,1.6,2.32,2.2,2.01,0.54,2.12,1.7,1.8,0.82,1.13,2.21,1.91,4.35,3.9,3.83,3.65,2.5,2.09,3.26,4.88,4.0,0.0,0.12,0.0,3.62,4.25,3.12,2.25,3.25,3.12,0.12,3.12,1.88,3.5,1.25,2.38,0.0,3.25,3.62,4.25,4.25,0.75,3.62,0.25
13-1199.06,Online Merchants,0.5603448275862069,4,1205.7,3.0,108.2,87.54062838569881,True,0.948537378114843,0.5032502708559047,0.7258938244853739,5,2,0.4,True,Hoch GPT-exponiert mit guten Wechseloptionen,0.12,0.88,3.12,0.0,3.62,0.88,0.12,0.0,0.0,0.12,2.25,2.25,2.62,3.38,0.0,0.0,0.0,1.38,3.38,3.25,0.5,3.38,2.38,0.25,3.5,0.0,3.25,3.88,3.75,2.88,2.38,0.0,3.0,0.0,0.0,0.0,2.38,0.0,0.12,3.0,3.5,2.25,0.0,0.0,0.25,2.0,0.62,2.0,2.38,0.38,3.62,3.62,1.98,1.79,2.22,0.79,0.95,2.41,0.82,-0.2,1.79,1.39,1.96,1.02,0.88,1.04,1.77,1.57,1.19,0.9,0.88,1.14,1.16,4.46,4.5,4.6,4.14,2.95,2.96,4.1,3.0,2.88,0.0,0.75,0.12,2.62,3.25,3.38,2.88,2.5,3.12,0.25,1.5,1.38,3.12,1.75,1.12,0.25,3.25,2.75,2.38,3.0,1.12,2.62,0.12
13-1199.07,Security Management Specialists,0.4130434782608695,4,1205.7,3.0,108.2,66.79306608884073,False,0.948537378114843,0.5032502708559047,0.7258938244853739,5,1,0.2,True,Nicht hoch GPT-exponiert,1.5,1.88,3.62,1.62,4.25,1.5,0.12,1.5,1.25,1.88,3.25,1.62,3.75,4.0,0.12,1.62,1.12,2.12,4.0,4.0,1.38,2.25,2.75,1.25,4.12,0.75,2.62,4.0,4.12,3.88,2.62,0.5,4.5,0.0,1.62,1.38,3.0,0.62,0.75,3.38,3.38,2.88,0.88,1.5,1.62,2.5,2.12,2.5,3.0,1.5,3.88,3.88,2.04,1.58,2.57,3.0,1.14,2.93,0.37,-0.12,1.93,1.36,2.93,1.97,1.89,0.38,1.97,1.76,1.77,0.76,1.02,2.17,1.53,4.3,4.56,4.45,3.8,3.16,2.05,3.75,3.88,3.88,0.62,1.62,1.38,3.38,3.88,2.88,2.88,3.12,3.12,1.75,3.25,2.25,3.75,1.62,3.0,0.75,3.5,3.5,3.62,3.62,1.88,3.38,1.88
13-2011.00,Accountants and Auditors,0.52,4,1579.8,4.6,124.2,82.82773564463706,True,0.9566630552546046,0.7053087757313109,0.8309859154929577,5,3,0.6,True,Hoch GPT-exponiert mit guten Wechseloptionen,0.0,1.88,3.38,0.0,4.5,0.62,0.0,0.62,0.0,0.0,2.25,0.25,3.38,3.12,0.0,0.0,0.0,1.5,4.38,3.88,0.25,3.75,2.38,0.0,4.12,0.0,3.75,4.12,4.25,3.0,2.75,0.0,4.12,0.0,0.0,0.0,2.62,0.25,0.12,3.38,3.5,2.88,0.0,0.0,0.0,2.25,1.38,1.62,1.88,1.38,4.25,4.12,1.83,0.62,3.0,2.54,0.73,2.65,0.25,0.47,1.0,0.51,2.93,2.01,0.83,-0.06,1.77,1.44,1.37,1.28,0.5,1.38,-0.15,4.55,4.7,4.04,4.71,2.83,2.58,4.19,3.5,3.25,0.0,0.5,0.12,3.0,3.62,2.5,1.5,3.0,2.88,0.5,0.88,1.38,3.25,1.75,1.12,0.0,3.38,3.38,3.12,3.25,0.88,3.12,0.0
13-2022.00,Appraisers of Personal and Business Property,0.5714285714285714,4,77.3,3.8,6.3,88.67822318526544,True,0.5124593716143012,0.6115926327193932,0.5620260021668473,5,4,0.8,True,Hoch GPT-exponiert mit guten Wechseloptionen,1.25,2.0,3.75,0.88,3.75,1.75,0.0,1.12,0.75,1.12,3.25,1.75,2.88,2.88,0.25,0.88,1.0,1.88,3.62,3.62,1.38,3.0,2.5,0.62,4.12,0.25,3.0,3.88,3.88,2.75,3.12,0.5,3.25,0.25,0.25,0.25,3.25,0.5,1.0,3.25,3.88,3.12,0.25,0.88,1.12,2.25,1.5,2.88,2.75,1.12,4.0,3.62,1.66,0.71,2.77,2.06,-0.11,1.9,-0.29,0.15,0.16,0.53,2.4,1.02,0.27,-0.04,1.46,1.76,1.22,1.39,0.47,0.2,1.35,4.09,3.86,4.17,4.43,2.91,2.22,3.87,2.75,3.0,0.25,0.0,0.0,2.5,3.25,1.62,1.75,2.5,2.62,0.25,0.62,1.38,3.12,1.12,2.0,0.25,3.0,3.0,2.38,2.62,0.25,3.0,1.12
13-2023.00,Appraisers and Assessors of Real Estate,0.4642857142857142,4,77.3,3.8,6.3,73.67280606717227,False,0.5124593716143012,0.6115926327193932,0.5620260021668473,5,1,0.2,True,Nicht hoch GPT-exponiert,1.5,1.88,3.62,1.38,3.62,2.38,0.0,0.25,0.0,0.38,3.25,0.62,3.12,2.75,0.88,0.25,0.12,1.25,3.5,3.25,0.38,2.88,2.38,1.0,3.75,1.12,3.0,3.75,3.62,2.38,2.62,1.25,3.12,1.12,1.12,1.12,2.88,0.62,1.75,3.12,3.38,2.38,0.25,0.25,0.25,2.25,1.5,2.5,2.88,1.0,3.62,3.38,1.69,0.71,2.7,2.06,0.47,2.19,0.08,0.47,0.83,0.37,2.55,1.35,0.41,0.13,1.64,1.8,1.31,1.02,1.02,0.97,1.18,3.96,4.19,4.46,4.62,2.78,2.21,4.54,3.0,2.88,0.12,0.25,0.0,2.88,2.88,1.25,1.12,2.38,2.88,1.25,1.0,1.38,2.88,1.0,1.75,0.25,2.88,2.88,2.75,2.25,0.5,2.62,1.0
13-2031.00,Budget Analysts,0.64,4,50.4,1.0,3.1,95.07042253521126,True,0.35969664138678226,0.3120260021668472,0.3358613217768147,5,3,0.6,True,Hoch GPT-exponiert mit guten Wechseloptionen,0.62,1.12,3.5,0.5,3.88,0.5,0.0,0.12,0.0,0.0,2.75,1.0,3.0,3.0,0.0,0.0,0.0,1.62,3.75,3.75,0.62,4.25,2.0,0.0,3.38,0.0,4.25,3.88,4.0,3.0,3.0,0.0,3.75,0.0,0.0,0.0,3.0,0.0,0.0,3.12,3.0,2.0,0.0,0.0,0.0,2.25,1.12,1.75,1.75,0.5,4.0,4.0,1.77,0.91,3.0,2.17,1.08,2.65,-0.02,0.4,1.26,0.79,2.36,2.01,0.88,0.09,1.43,1.44,1.43,0.63,0.52,1.38,0.56,4.42,4.33,4.25,4.6,2.19,4.05,4.26,3.62,2.88,0.0,0.0,0.0,2.62,3.75,3.88,2.12,2.62,2.75,0.0,2.5,0.88,2.88,0.88,0.25,0.0,2.75,3.0,3.62,3.0,0.88,3.0,0.0
13-2041.00,Credit Analysts,0.5555555555555556,4,67.8,-4.4,3.7,87.21560130010835,True,0.3873239436619718,0.13542795232936078,0.2613759479956663,5,0,0.0,True,Hoch GPT-exponiert mit begrenzten Wechseloptionen,0.75,1.5,3.5,0.5,4.5,0.38,0.0,0.0,0.0,0.0,2.12,1.75,3.12,2.88,0.0,0.0,0.0,1.12,4.12,3.62,0.62,4.12,2.38,0.0,4.25,0.0,4.38,4.12,4.12,2.62,3.12,0.0,4.0,0.0,0.0,0.0,2.88,0.0,0.0,3.12,3.5,2.88,0.0,0.0,0.0,2.0,1.0,1.5,1.75,0.38,4.12,4.0,1.77,0.62,3.0,2.47,0.87,2.62,0.3,0.12,0.97,0.67,2.47,2.08,0.21,-0.3,1.74,1.44,1.4,0.6,0.65,1.27,0.29,3.7,4.68,3.75,4.5,2.8,3.05,4.2,3.0,2.5,0.0,0.0,0.0,2.38,3.75,1.88,0.88,1.88,2.75,0.25,2.38,1.0,2.5,1.0,0.75,0.0,3.0,2.88,3.0,3.12,0.0,3.0,0.0
13-2052.00,Personal Financial Advisors,0.6710526315789473,4,326.0,9.6,24.1,96.53304442036837,True,0.7865655471289275,0.9160346695557963,0.8513001083423619,5,3,0.6,True,Hoch GPT-exponiert mit guten Wechseloptionen,0.0,1.12,3.0,0.0,4.62,0.38,0.0,0.0,0.0,0.0,2.38,0.38,2.88,3.38,0.0,0.0,0.0,0.75,4.0,3.25,0.0,3.62,2.62,0.0,4.12,0.0,4.12,4.0,4.5,3.0,2.75,0.0,4.0,0.0,0.0,0.0,2.62,0.0,0.0,3.88,3.88,2.62,0.0,0.0,0.0,2.5,1.12,1.5,1.88,0.5,4.0,4.0,2.28,1.51,3.0,2.35,1.84,2.65,1.65,0.45,2.11,1.3,2.93,2.33,1.67,1.29,2.23,1.98,1.84,1.78,2.31,1.7,1.51,3.92,4.12,4.0,4.62,2.44,1.92,3.69,3.75,3.0,0.0,0.0,0.0,3.0,3.88,2.88,1.5,2.12,3.0,0.0,2.38,0.62,3.5,0.62,0.88,0.0,3.88,3.62,3.62,3.5,0.5,3.0,0.0
13-2053.00,Insurance Underwriters,0.5,4,127.0,-2.6,8.2,79.68580715059588,True,0.562296858071506,0.17388949079089924,0.3680931744312026,5,0,0.0,True,Hoch GPT-exponiert mit begrenzten Wechseloptionen,0.75,0.88,3.25,0.88,3.75,0.88,0.0,0.25,0.0,0.0,2.25,1.62,3.0,2.75,0.0,0.0,0.0,1.0,3.88,3.38,0.75,2.88,1.88,0.0,3.62,0.0,2.75,3.88,3.88,2.75,2.25,0.0,3.75,0.0,0.0,0.0,2.75,0.0,0.0,3.12,3.25,2.0,0.0,0.0,0.0,2.0,0.62,1.75,2.12,0.5,4.25,3.88,1.77,0.64,2.67,2.74,0.62,2.47,0.2,-0.16,0.61,0.02,2.21,1.38,0.02,-0.32,1.37,1.47,1.25,0.62,0.18,1.24,0.91,4.5,4.38,4.3,4.3,3.07,3.2,4.57,3.12,2.88,0.0,0.0,0.0,2.62,3.5,1.12,1.0,2.25,2.88,0.0,1.75,0.88,2.75,0.75,0.12,0.0,3.0,3.0,3.0,3.0,0.62,2.88,0.0
13-2061.00,Financial Examiners,0.5757575757575758,4,65.1,18.5,5.7,89.43661971830986,True,0.5,0.9815817984832069,0.7407908992416035,5,1,0.2,True,Hoch GPT-exponiert mit begrenzten Wechseloptionen,0.12,1.75,4.0,0.0,4.62,0.25,0.0,0.0,0.0,0.0,2.75,1.38,3.12,3.38,0.0,0.0,0.0,1.38,4.5,3.88,0.12,3.88,2.88,0.0,4.12,0.0,4.0,4.62,4.88,3.12,3.0,0.0,4.25,0.0,0.0,0.0,3.0,0.0,0.0,3.88,3.88,3.0,0.0,0.0,0.0,2.0,1.12,1.75,2.12,0.5,4.75,4.12,2.04,1.05,3.0,2.74,1.06,2.65,0.28,0.22,1.5,0.56,2.93,2.28,1.7,-0.13,2.01,1.7,1.73,1.36,1.2,1.8,0.97,4.61,4.78,3.52,4.0,3.43,2.09,3.61,4.0,3.62,0.0,0.0,0.0,3.75,4.12,0.75,0.62,3.75,3.0,0.25,3.0,1.25,3.12,1.0,1.88,0.0,3.0,3.62,3.88,4.0,0.38,3.75,0.0
13-2071.00,Credit Counselors,0.6931818181818182,4,31.8,3.3,2.2,97.83315276273022,True,0.2833152762730228,0.5444203683640303,0.41386782231852653,5,0,0.0,True,Hoch GPT-exponiert mit begrenzten Wechseloptionen,0.88,0.88,3.0,0.62,3.75,0.0,0.0,0.38,0.0,0.0,1.75,1.5,2.75,3.62,0.0,0.0,0.0,1.62,3.75,3.12,0.62,3.12,2.25,0.0,3.25,0.0,3.12,4.0,4.0,3.12,2.12,0.0,3.88,0.0,0.0,0.0,3.0,0.0,0.0,3.5,3.25,2.25,0.0,0.0,0.0,2.5,0.5,1.38,2.0,0.38,4.0,4.0,1.71,1.22,2.63,2.06,2.18,2.65,2.43,1.52,1.53,0.7,2.55,1.35,1.03,1.63,1.97,1.66,2.06,2.24,2.22,1.8,1.18,4.48,3.96,4.24,4.32,2.48,3.43,3.84,3.25,3.12,0.0,0.0,0.0,3.0,3.25,0.75,0.25,2.62,3.25,0.0,1.0,0.0,3.5,0.75,0.25,0.0,3.5,3.62,3.0,2.75,1.0,3.12,0.0
13-2072.00,Loan Officers,0.6477272727272727,4,301.4,1.7,20.3,95.34127843987,True,0.7535211267605634,0.37378114842903576,0.5636511375947996,5,0,0.0,True,Hoch GPT-exponiert mit begrenzten Wechseloptionen,1.0,1.75,3.0,0.88,3.88,0.5,0.0,0.25,0.0,0.0,1.5,1.62,2.38,2.62,0.0,0.0,0.0,1.12,3.88,3.12,1.0,3.12,2.0,0.0,4.5,0.0,3.5,4.12,4.12,2.5,2.12,0.0,3.5,0.0,0.0,0.0,2.38,0.0,0.0,3.62,4.0,2.12,0.0,0.0,0.0,2.12,0.62,1.12,1.12,0.25,4.0,4.0,1.98,1.11,2.44,2.28,1.77,2.65,1.48,0.17,1.82,0.7,2.89,1.23,1.21,1.07,1.8,1.76,1.7,1.31,2.24,1.55,1.14,4.83,4.89,4.43,4.5,3.14,2.58,4.12,3.12,3.0,0.0,0.0,0.0,2.75,3.88,1.25,1.12,2.88,3.0,0.38,1.38,0.88,3.0,0.88,0.62,0.0,3.5,3.0,2.38,2.25,0.88,3.25,0.0
13-2081.00,"Tax Examiners and Collectors, and Revenue Agents",0.6774193548387096,3,57.6,-1.8,4.3,96.91224268689056,True,0.43391115926327195,0.19609967497291442,0.31500541711809316,5,2,0.4,True,Hoch GPT-exponiert mit guten Wechseloptionen,0.88,2.0,3.12,0.62,4.0,0.25,0.0,0.25,0.0,0.0,2.75,2.12,3.12,2.88,0.0,0.0,0.0,0.75,4.0,3.75,1.0,3.12,2.75,0.0,3.88,0.0,4.0,4.12,4.12,2.62,2.75,0.0,3.38,0.0,0.0,0.0,2.5,0.0,0.0,3.12,3.5,2.62,0.0,0.0,0.0,2.0,1.5,1.12,2.12,1.0,4.12,3.88,1.37,0.59,2.77,2.32,1.06,2.65,0.75,0.67,0.72,-0.43,2.55,0.94,0.16,0.26,1.8,1.29,1.87,0.78,1.33,1.38,0.08,4.52,4.11,4.12,4.96,3.07,3.3,3.74,3.0,3.0,0.0,0.0,0.12,3.12,3.25,1.12,0.75,2.0,3.12,0.38,1.0,0.88,2.88,0.75,1.12,0.0,3.0,3.0,2.25,2.5,0.5,2.88,0.0
13-2082.00,Tax Preparers,0.625,3,90.6,4.5,10.4,93.98699891657638,True,0.6208017334777898,0.6923076923076923,0.656554712892741,5,2,0.4,True,Hoch GPT-exponiert mit guten Wechseloptionen,0.5,0.75,3.0,0.12,3.88,0.0,0.0,0.0,0.0,0.0,1.88,1.25,2.88,3.0,0.0,0.0,0.0,0.75,3.0,3.12,0.38,3.12,2.0,0.0,3.88,0.0,3.62,4.0,4.0,3.0,2.5,0.0,3.0,0.0,0.0,0.0,2.88,0.0,0.0,3.0,3.0,2.25,0.0,0.0,0.0,2.0,0.62,1.12,1.75,1.12,4.0,3.0,1.6,0.89,3.0,2.24,1.41,2.65,0.77,0.72,0.85,0.02,2.21,1.11,0.12,0.4,1.2,1.26,1.4,1.05,1.33,1.27,0.64,4.0,4.1,3.85,4.9,2.6,3.21,4.05,3.0,2.88,0.0,0.0,0.0,2.88,3.12,0.75,0.5,1.75,2.5,0.0,1.0,0.12,2.62,0.5,0.75,0.0,3.0,2.75,2.75,2.0,0.5,3.0,0.0
13-2099.01,Financial Quantitative Analysts,0.6621621621621622,5,137.1,3.1,10.3,96.0996749729144,True,0.6191765980498375,0.5216684723726978,0.5704225352112676,5,1,0.2,True,Hoch GPT-exponiert mit begrenzten Wechseloptionen,0.5,1.25,3.88,0.62,4.75,0.75,0.0,0.25,0.0,0.0,2.38,0.62,3.0,3.88,0.0,0.0,0.0,1.5,4.5,3.88,0.5,5.0,2.25,0.0,3.38,0.0,4.75,5.0,4.12,3.62,2.5,0.0,4.0,0.0,0.0,0.0,2.88,0.0,0.0,3.5,3.75,2.62,0.0,0.0,0.0,1.88,1.62,1.88,2.0,1.0,4.88,4.0,2.24,1.38,3.0,2.32,0.9,2.41,0.05,-0.47,1.02,1.92,2.24,2.33,0.23,-0.11,1.77,1.13,1.34,0.24,0.22,1.8,1.95,3.65,4.28,3.85,4.2,2.56,2.6,3.75,4.12,3.0,0.0,0.0,0.0,3.25,4.25,3.0,1.88,2.62,2.88,0.12,1.88,1.25,3.38,2.62,1.38,0.0,2.88,3.0,3.75,3.88,1.38,3.0,0.12
13-2099.04,"Fraud Examiners, Investigators and Analysts",0.5227272727272727,4,137.1,3.1,10.3,83.42361863488624,True,0.6191765980498375,0.5216684723726978,0.5704225352112676,5,1,0.2,True,Hoch GPT-exponiert mit begrenzten Wechseloptionen,0.38,2.0,3.0,0.5,4.0,0.88,0.0,0.25,0.0,0.0,3.0,0.75,3.38,3.75,0.0,0.0,0.0,1.88,4.0,3.62,0.38,3.12,2.62,0.25,4.12,0.0,3.0,4.25,4.12,3.0,2.12,0.0,4.0,0.0,0.0,0.0,3.12,0.0,0.0,3.75,3.62,2.38,0.0,0.0,0.0,2.88,1.12,1.88,2.0,0.5,4.12,4.25,2.14,1.54,3.0,2.58,0.9,2.65,0.47,0.27,1.93,1.25,2.93,2.2,1.39,-0.04,2.19,1.94,2.14,0.24,1.09,2.06,1.7,4.12,4.33,4.08,4.6,3.0,2.96,4.04,3.88,3.62,0.0,0.0,0.0,3.0,4.0,1.88,1.88,3.12,3.12,0.5,0.38,1.62,3.38,1.0,0.0,0.0,3.0,3.38,3.12,2.88,0.38,3.25,0.0
15-1211.00,Computer Systems Analysts,0.4705882352941176,4,521.1,8.7,34.2,74.59371614301192,False,0.8445287107258939,0.8965330444203684,0.8705308775731311,5,0,0.0,True,Nicht hoch GPT-exponiert,1.62,2.0,3.75,1.88,4.12,0.62,0.0,0.25,0.0,0.5,3.0,2.75,3.12,4.0,0.0,0.0,0.0,1.88,4.12,4.0,1.38,3.5,2.75,0.12,4.0,0.0,3.25,4.5,4.38,3.62,3.0,0.0,4.12,0.12,0.25,0.0,3.0,0.0,0.0,3.12,3.5,3.25,0.0,0.0,0.0,2.12,1.38,2.38,3.62,0.88,4.25,4.0,1.6,1.86,2.57,1.72,1.6,2.16,0.64,0.53,1.62,2.3,1.76,2.33,0.64,0.18,1.74,1.44,1.14,0.76,0.9,1.58,1.72,4.49,4.21,4.2,4.52,2.97,3.6,4.17,4.0,3.25,1.0,2.38,0.75,3.62,4.12,2.0,1.75,3.0,2.5,2.5,3.75,3.12,3.0,4.0,3.5,1.25,3.0,3.12,4.0,4.12,3.12,3.38,3.88
15-1211.01,Health Informatics Specialists,0.6363636363636364,5,521.1,8.7,34.2,94.8537378114843,True,0.8445287107258939,0.8965330444203684,0.8705308775731311,5,4,0.8,True,Hoch GPT-exponiert mit guten Wechseloptionen,1.88,2.0,4.0,1.88,4.5,1.62,0.0,0.25,0.0,0.0,2.88,1.88,3.12,4.0,0.0,0.0,0.0,2.0,4.12,4.0,1.75,3.0,2.75,0.0,3.88,0.0,3.0,4.88,4.75,4.0,3.0,0.0,4.0,0.0,0.0,0.0,3.0,0.0,0.0,3.75,3.62,2.62,0.0,0.0,0.0,2.38,1.25,2.0,3.0,0.75,4.88,4.38,1.95,2.26,2.77,2.35,2.26,2.59,1.38,0.75,1.72,2.27,2.51,2.41,1.29,0.82,1.61,1.57,1.56,1.41,1.65,1.64,1.6,4.38,4.3,3.95,4.35,3.19,2.7,3.62,4.12,3.75,0.0,1.5,0.5,3.88,4.0,2.12,2.0,3.0,3.0,0.75,2.88,2.62,3.62,3.12,3.0,0.0,3.5,3.62,4.0,4.25,2.88,3.25,2.12
15-1212.00,Information Security Analysts,0.5434782608695652,4,182.8,28.5,16.0,86.45720476706393,True,0.7183098591549296,0.9934994582881906,0.8559046587215602,5,1,0.2,True,Hoch GPT-exponiert mit begrenzten Wechseloptionen,1.75,1.5,3.62,1.5,4.12,0.75,0.0,0.5,0.0,0.75,2.75,2.12,3.5,3.75,0.0,0.0,0.0,1.75,4.12,3.88,1.62,2.88,2.75,0.0,3.88,0.0,2.75,4.25,4.12,3.25,3.0,0.0,4.12,0.0,0.0,0.12,3.12,0.0,0.0,3.0,3.12,3.0,0.0,0.12,0.0,2.88,1.0,1.88,3.0,0.38,4.12,4.0,2.04,2.09,3.0,2.78,1.08,2.65,0.32,0.15,2.03,2.36,2.93,2.37,1.16,-0.01,2.15,1.38,1.7,0.82,0.56,1.96,1.66,4.32,4.47,4.0,4.07,3.06,2.81,3.6,3.62,3.0,0.88,1.0,0.5,3.12,3.62,1.12,1.0,2.88,2.75,0.88,2.5,3.12,2.88,2.25,3.12,0.75,2.75,2.75,3.38,3.38,2.12,3.12,1.88
15-1221.00,Computer and Information Research Scientists,0.5,5,40.3,19.7,3.2,79.68580715059588,True,0.36836403033586135,0.9837486457204767,0.676056338028169,5,0,0.0,True,Hoch GPT-exponiert mit begrenzten Wechseloptionen,1.75,1.38,4.38,2.0,4.88,0.75,0.0,0.0,0.0,0.0,2.62,2.88,3.25,4.12,0.0,0.0,0.0,1.5,4.62,4.25,1.62,4.25,2.88,0.0,4.0,0.0,3.75,4.75,4.75,4.38,3.0,0.0,4.25,0.0,0.0,0.12,3.0,0.0,0.0,3.25,3.25,3.0,0.0,0.0,0.0,2.12,1.38,2.0,3.62,1.0,4.38,4.25,2.24,2.3,2.5,1.44,0.92,2.14,0.3,0.5,2.0,2.83,1.89,3.0,1.03,0.38,2.01,1.63,1.03,0.63,0.61,0.97,1.95,4.44,4.69,4.17,3.96,2.3,2.45,3.71,4.38,3.75,0.25,1.75,0.0,3.38,4.62,2.88,2.62,3.62,2.62,1.75,3.88,2.75,3.5,4.5,2.62,0.25,2.88,3.12,4.38,4.88,4.12,3.88,3.0
15-1231.00,Computer Network Support Specialists,0.5384615384615385,4,152.7,1.8,9.6,86.07800650054172,True,0.6056338028169014,0.3851570964247021,0.49539544962080173,5,0,0.0,True,Hoch GPT-exponiert mit begrenzten Wechseloptionen,2.62,2.38,3.38,2.12,4.0,1.88,0.0,0.0,0.0,1.38,2.75,2.88,3.0,3.5,0.0,0.0,0.0,1.88,3.62,3.75,2.25,2.38,2.75,2.0,3.25,0.0,2.5,4.25,4.0,3.12,2.5,0.0,3.5,0.0,0.0,0.0,3.12,0.25,0.12,3.0,3.12,2.62,0.0,0.0,1.25,2.25,0.25,2.88,3.25,0.5,4.0,3.75,1.58,1.94,2.7,2.06,1.44,2.62,0.25,0.24,1.44,1.25,2.28,2.01,-0.05,0.49,1.74,1.24,1.11,0.4,0.54,1.61,1.33,4.72,4.8,4.26,4.45,3.2,3.33,3.9,3.25,2.75,2.75,2.75,3.12,3.25,3.38,0.75,1.62,2.25,2.0,2.12,1.88,3.12,2.62,1.75,3.12,3.0,2.88,2.88,3.38,3.25,1.88,2.62,3.12
15-1232.00,Computer User Support Specialists,0.6666666666666666,3,729.5,-3.7,40.8,96.31635969664138,True,0.8580715059588299,0.14680390032502708,0.5024377031419285,5,2,0.4,True,Hoch GPT-exponiert mit guten Wechseloptionen,2.62,1.75,3.0,2.0,3.5,0.75,0.0,0.62,0.25,1.62,2.38,2.88,2.88,3.0,0.0,0.38,0.12,1.0,3.5,3.62,2.25,2.38,2.62,1.62,3.75,0.0,2.12,4.0,4.0,3.0,3.0,0.0,3.62,0.62,0.62,0.75,2.88,0.0,0.12,3.25,3.25,2.75,0.0,0.38,1.88,2.5,1.75,1.88,2.88,2.0,4.0,3.75,1.37,1.65,2.34,1.5,1.99,2.41,1.12,0.99,1.26,0.97,1.54,1.75,0.25,1.23,1.77,1.13,1.5,1.09,1.74,1.61,1.22,4.38,4.83,4.57,4.04,2.7,4.05,3.65,3.25,2.88,2.0,1.75,2.12,3.62,3.0,0.62,1.0,2.38,2.38,2.88,2.62,2.88,2.38,2.0,3.0,2.0,3.12,2.75,3.0,3.0,1.62,3.0,2.88
15-1241.00,Computer Network Architects,0.5546875,4,179.2,11.9,11.2,87.10725893824485,True,0.633261105092091,0.942578548212351,0.7879198266522209,5,1,0.2,True,Hoch GPT-exponiert mit begrenzten Wechseloptionen,1.75,1.88,4.0,2.0,4.12,1.5,0.0,0.25,0.0,0.88,2.75,2.0,3.12,3.88,0.0,0.0,0.0,2.0,4.0,4.12,1.75,3.25,2.75,0.0,3.88,0.0,3.0,4.38,4.12,3.62,3.0,0.0,3.88,0.38,0.25,0.0,3.0,0.0,0.12,3.12,2.88,2.75,0.0,0.0,0.0,2.38,2.0,2.88,3.12,1.62,4.5,4.12,2.04,1.98,2.74,2.35,1.38,2.65,0.21,0.22,1.59,2.36,2.32,2.37,1.06,0.24,1.87,1.63,0.97,0.63,0.81,1.61,1.62,4.15,4.45,3.75,4.1,3.1,2.75,3.6,4.12,3.62,2.0,2.75,1.5,3.75,4.0,2.62,2.38,3.0,3.12,2.38,3.25,3.0,3.25,3.62,3.62,1.88,3.12,3.0,3.88,3.88,3.38,3.12,3.62
15-1241.01,Telecommunications Engineering Specialists,0.5319148936170213,3,179.2,11.9,11.2,85.04875406283857,True,0.633261105092091,0.942578548212351,0.7879198266522209,5,0,0.0,True,Hoch GPT-exponiert mit begrenzten Wechseloptionen,2.75,2.25,3.12,2.12,4.0,1.5,0.0,0.62,0.0,2.38,3.0,3.0,3.12,3.25,0.0,0.88,0.88,2.75,3.38,3.75,2.62,3.0,2.5,1.38,3.88,0.12,3.0,4.12,4.0,3.25,3.0,0.0,3.88,0.0,0.12,0.12,3.0,0.5,0.75,3.5,3.12,2.5,0.0,1.5,0.75,2.5,1.75,3.0,2.88,0.5,3.88,3.88,1.98,2.02,2.6,2.03,1.84,2.59,0.37,0.42,1.5,2.0,1.73,2.24,1.34,0.43,1.74,1.57,1.19,0.7,1.02,1.43,1.24,4.52,4.68,4.1,4.1,3.05,1.9,4.05,3.38,3.38,2.62,2.25,1.75,3.0,3.12,2.12,2.38,2.88,2.75,2.12,2.25,3.0,3.12,2.0,3.0,2.25,3.0,3.12,3.25,3.25,2.75,3.0,3.0
15-1242.00,Database Administrators,0.5967741935483871,4,78.0,-0.7,3.8,91.87432286023835,True,0.3916576381365114,0.23835319609967498,0.31500541711809316,5,2,0.4,True,Hoch GPT-exponiert mit guten Wechseloptionen,1.88,1.75,3.88,1.5,4.12,0.38,0.0,0.25,0.0,0.0,2.75,1.62,3.38,3.62,0.0,0.0,0.0,1.0,4.12,4.12,1.12,3.12,2.62,0.0,3.75,0.0,3.0,4.12,4.25,3.5,3.0,0.0,3.88,0.0,0.12,0.38,3.0,0.0,0.0,3.0,3.25,3.0,0.0,0.12,0.0,2.0,1.12,1.75,3.0,0.5,4.12,4.12,1.77,1.72,3.0,2.47,1.2,2.65,-0.01,0.34,1.47,1.23,2.32,2.2,0.9,0.11,1.67,1.15,1.14,0.53,0.27,1.19,1.31,4.13,3.19,4.49,4.34,2.39,3.89,2.99,4.12,3.12,0.0,0.88,0.5,3.75,4.0,1.38,1.62,3.0,2.0,0.88,3.25,2.88,2.75,3.88,2.5,0.12,3.0,3.0,3.88,4.0,2.38,2.88,2.5
15-1243.00,Database Architects,0.5975609756097561,4,66.9,8.7,4.0,91.98266522210184,True,0.4122426868905742,0.8965330444203684,0.6543878656554714,5,2,0.4,True,Hoch GPT-exponiert mit guten Wechseloptionen,1.12,1.25,3.62,1.0,4.38,1.12,0.0,0.25,0.0,0.0,2.5,1.12,3.12,3.75,0.0,0.0,0.0,1.75,4.0,4.12,1.12,3.25,2.38,0.0,4.0,0.0,3.12,4.5,4.0,3.88,3.0,0.0,3.88,0.0,0.0,0.0,3.0,0.0,0.0,3.0,3.0,2.88,0.0,0.0,0.0,2.12,1.5,1.5,3.0,1.5,4.0,3.88,2.11,1.72,3.0,2.06,1.31,2.53,0.07,0.24,1.41,2.03,1.89,2.37,0.78,0.02,1.64,1.54,0.77,0.21,0.5,1.07,1.58,3.81,4.29,4.19,4.19,2.52,2.33,3.62,4.0,3.12,0.12,0.75,0.75,3.62,3.88,1.25,1.25,2.75,2.88,1.38,3.38,2.12,3.0,4.12,1.88,0.12,3.0,3.0,3.75,3.75,3.0,3.0,2.12
15-1243.01,Data Warehousing Specialists,0.6944444444444444,4,66.9,8.7,4.0,97.94149512459371,True,0.4122426868905742,0.8965330444203684,0.6543878656554714,5,2,0.4,True,Hoch GPT-exponiert mit guten Wechseloptionen,0.38,1.25,3.5,0.0,4.0,0.88,0.0,0.75,0.0,0.0,2.38,0.25,3.0,3.25,0.0,0.0,0.0,1.38,3.88,4.0,0.0,3.12,2.5,0.0,3.88,0.0,3.25,4.0,4.0,3.25,2.88,0.0,3.5,0.0,0.0,0.0,3.0,0.0,0.0,3.0,3.25,2.5,0.12,0.0,0.0,1.75,1.75,1.75,2.75,1.38,4.0,4.0,1.98,1.29,3.0,2.06,0.64,2.62,0.04,0.15,1.44,1.58,2.06,2.16,-0.05,-0.01,1.55,1.05,0.66,0.16,0.04,1.0,1.49,3.43,4.45,4.09,4.43,2.78,3.09,3.3,3.5,3.38,0.25,0.88,0.0,3.38,3.62,1.38,1.62,2.0,2.62,1.62,3.38,2.25,3.12,3.75,2.25,0.25,2.62,3.0,3.5,3.5,2.75,2.75,1.0
15-1244.00,Network and Computer Systems Administrators,0.5135135135135136,4,331.5,-4.2,14.3,81.58179848320694,True,0.6912242686890574,0.13867822318526543,0.41495124593716143,5,0,0.0,True,Hoch GPT-exponiert mit begrenzten Wechseloptionen,2.5,2.12,3.62,2.12,4.0,2.0,0.0,0.38,0.0,2.0,3.12,2.75,3.5,3.75,0.0,0.0,0.0,2.12,4.0,4.0,2.12,3.12,2.75,1.38,3.88,0.0,3.0,4.25,4.0,3.62,3.0,0.0,4.0,1.25,1.25,1.38,3.5,0.0,0.0,3.0,3.12,2.88,0.0,0.0,0.0,2.25,0.88,3.0,3.5,1.88,4.12,3.75,1.74,1.94,2.67,2.35,1.17,2.65,0.13,0.22,1.62,1.3,2.32,2.2,0.54,0.32,1.77,1.26,1.43,0.58,0.34,1.58,1.31,4.46,4.51,4.09,4.0,3.15,3.13,3.79,4.0,3.0,3.5,3.25,2.12,3.62,3.88,1.88,2.75,3.0,2.88,3.62,3.25,3.75,3.0,3.88,3.75,3.12,3.0,3.0,3.88,4.12,3.0,3.75,4.0
15-1251.00,Computer Programmers,0.6833333333333333,4,121.2,-6.0,5.5,97.34561213434453,True,0.48808234019501623,0.10184182015167931,0.2949620801733478,5,2,0.4,True,Hoch GPT-exponiert mit guten Wechseloptionen,1.12,1.5,3.12,1.12,3.88,0.88,0.0,0.38,0.0,0.0,2.25,1.88,3.12,3.38,0.0,0.0,0.0,1.12,3.88,4.0,1.0,3.12,2.12,0.0,3.88,0.0,3.12,4.0,3.75,3.25,2.88,0.0,3.75,0.0,0.0,0.0,3.12,0.0,0.0,3.12,3.0,2.12,0.0,0.0,0.0,2.12,0.75,2.0,2.75,0.62,4.0,3.75,1.74,1.38,3.0,1.82,0.71,2.36,0.12,0.5,1.18,1.94,1.18,2.2,-0.47,0.07,1.67,0.92,0.19,0.25,0.02,1.09,1.51,4.15,4.58,3.43,4.22,2.56,3.28,4.04,3.88,2.88,0.0,0.0,0.38,3.12,3.25,1.5,1.25,2.75,2.12,0.25,3.75,2.12,2.75,4.88,3.5,0.0,2.88,3.0,3.25,3.62,2.38,3.12,1.62
15-1252.00,Software Developers,0.4473684210526315,4,1693.8,15.8,115.2,71.66847237269772,False,0.9534127843986999,0.9674972914409534,0.9604550379198267,5,0,0.0,True,Nicht hoch GPT-exponiert,1.25,1.38,3.75,0.88,4.0,0.75,0.0,0.5,0.0,0.0,2.38,1.12,2.5,3.62,0.0,0.0,0.0,1.38,3.88,3.88,0.88,3.38,2.12,0.0,3.75,0.0,2.75,4.12,4.12,3.38,2.75,0.0,3.88,0.0,0.0,0.25,2.88,0.0,0.0,3.25,3.25,2.38,0.0,0.0,0.0,1.88,1.25,2.0,2.38,1.5,4.38,4.0,2.14,2.09,2.67,1.76,1.2,2.41,0.41,0.56,1.59,2.51,1.79,2.33,1.13,0.49,1.77,1.47,0.7,0.67,0.86,1.27,1.72,3.88,3.0,4.27,4.26,1.71,2.79,3.5,3.5,3.12,0.25,1.75,1.0,3.12,3.75,1.0,1.0,2.62,2.88,1.75,3.12,2.38,3.12,4.12,2.75,0.25,3.0,3.38,3.88,4.12,3.62,3.25,2.38
15-1253.00,Software Quality Assurance Analysts and Testers,0.6140350877192982,4,201.7,10.0,14.0,93.17443120260022,True,0.6836403033586133,0.919284940411701,0.801462621885157,5,3,0.6,True,Hoch GPT-exponiert mit guten Wechseloptionen,1.62,2.0,3.12,1.5,4.0,0.62,0.0,0.38,0.0,0.0,2.5,2.0,3.38,3.12,0.0,0.0,0.0,1.75,4.0,4.0,1.88,3.0,2.25,0.0,3.62,0.0,2.38,4.12,4.12,3.0,3.12,0.0,4.12,0.0,0.0,0.0,3.0,0.0,0.0,3.0,3.12,2.5,0.0,0.0,0.0,2.5,1.38,1.88,2.75,1.0,4.12,3.88,1.77,1.61,3.0,2.32,1.2,2.39,0.15,0.7,1.15,1.3,1.76,2.04,-0.22,0.22,1.77,0.97,1.05,0.69,0.36,1.09,1.06,4.0,4.69,4.12,4.44,3.09,3.26,3.88,3.12,3.0,0.0,1.12,1.75,2.88,3.62,0.62,0.62,2.0,2.12,1.38,3.38,2.62,2.62,3.75,3.62,0.12,2.75,2.88,3.0,3.5,2.62,3.0,3.0
15-1254.00,Web Developers,0.6346153846153847,3,86.0,7.5,5.4,94.69122426868906,True,0.4799566630552546,0.8580715059588299,0.6690140845070423,5,1,0.2,True,Hoch GPT-exponiert mit begrenzten Wechseloptionen,1.88,1.75,3.5,1.62,4.0,0.75,0.0,0.38,0.0,0.0,2.5,3.0,3.38,3.62,0.0,0.0,0.0,1.5,3.38,3.75,2.0,2.88,2.38,0.0,4.0,0.0,3.0,4.0,4.0,3.62,3.12,0.0,3.75,0.0,0.0,0.12,3.25,0.0,0.0,3.12,3.62,3.12,0.0,0.0,0.0,1.75,1.12,2.5,3.62,1.0,3.88,3.62,1.98,2.05,2.57,1.56,0.85,2.19,0.18,0.22,1.62,2.3,1.54,2.08,-0.02,0.22,1.64,1.18,0.63,0.24,0.5,1.09,1.41,3.88,4.33,4.42,4.25,2.75,4.04,4.0,3.62,3.0,0.0,2.0,0.5,3.25,3.38,1.25,1.5,2.25,2.75,0.62,4.0,2.12,3.12,4.25,2.75,0.0,2.88,2.75,3.38,3.25,2.38,2.88,2.62
15-1255.01,Video Game Designers,0.5833333333333333,4,128.9,7.0,9.1,90.14084507042254,True,0.5872156013001083,0.8450704225352113,0.7161430119176597,5,1,0.2,True,Hoch GPT-exponiert mit begrenzten Wechseloptionen,2.12,1.12,3.38,2.12,3.88,0.62,0.0,0.12,0.0,0.0,3.0,2.38,3.12,4.12,0.0,0.0,0.0,2.12,4.0,3.88,2.0,3.0,2.75,0.0,4.0,0.0,3.0,4.0,4.0,4.12,2.88,0.0,3.88,0.0,0.0,0.0,3.75,0.0,0.0,3.12,3.25,2.88,0.0,0.0,0.0,2.62,0.88,3.12,3.75,0.62,3.88,3.88,2.14,2.3,1.92,-0.37,1.99,2.0,0.64,0.27,1.89,3.0,0.74,2.33,1.67,0.79,1.87,1.98,1.0,0.62,1.43,1.43,1.95,4.05,4.7,3.95,3.16,2.95,4.05,4.05,3.88,3.5,0.0,0.12,0.12,3.25,3.62,1.38,1.5,3.0,3.0,0.0,3.0,2.5,3.12,3.88,1.88,0.0,2.75,3.12,3.25,3.62,3.0,3.5,0.12
15-1299.01,Web Administrators,0.6739130434782609,4,472.0,8.2,31.3,96.6955579631636,True,0.8266522210184182,0.8764897074756229,0.8515709642470206,5,1,0.2,True,Hoch GPT-exponiert mit begrenzten Wechseloptionen,1.62,1.38,3.25,1.62,4.0,0.75,0.0,0.12,0.0,0.0,2.75,2.75,3.12,3.12,0.0,0.0,0.0,1.38,3.88,3.75,1.88,3.0,3.0,0.0,3.88,0.0,2.88,4.25,4.12,3.25,2.88,0.0,4.0,0.0,0.0,0.0,3.0,0.0,0.0,3.12,3.12,2.88,0.0,0.0,0.0,1.88,0.88,2.12,2.88,0.38,4.12,3.88,1.71,1.83,2.57,2.32,0.95,2.53,0.23,0.32,1.53,1.63,1.92,2.12,0.54,0.15,1.77,1.32,0.8,0.3,0.43,1.55,1.47,3.6,4.45,4.15,4.05,2.65,3.2,3.75,3.88,3.25,0.12,1.38,1.0,3.62,3.38,1.75,1.38,2.12,2.75,1.12,3.5,2.25,2.62,2.88,3.38,0.12,2.88,3.0,3.38,3.38,2.25,3.12,3.0
15-1299.02,Geographic Information Systems Technologists and Technicians,0.6018518518518519,3,472.0,8.2,31.3,92.52437703141928,True,0.8266522210184182,0.8764897074756229,0.8515709642470206,5,2,0.4,True,Hoch GPT-exponiert mit guten Wechseloptionen,1.62,1.62,3.38,1.38,3.88,0.62,0.0,0.75,0.0,0.0,2.75,1.5,3.38,3.0,0.0,0.0,0.0,1.38,3.62,3.62,1.5,3.5,2.25,0.0,3.88,0.0,3.12,4.0,4.25,3.0,2.5,0.0,3.5,0.0,0.0,0.12,2.88,0.12,0.88,3.12,3.38,2.62,0.0,0.0,0.0,2.12,1.38,2.12,3.25,1.62,4.0,3.5,1.6,1.58,2.67,1.56,1.26,2.25,0.18,0.42,1.02,1.8,1.57,2.08,0.32,0.24,1.4,0.99,0.57,0.57,0.7,0.88,1.18,3.69,4.39,4.03,4.68,2.79,3.73,3.46,3.25,3.0,0.0,0.38,0.0,2.88,3.12,0.75,0.75,2.75,2.0,0.88,1.25,1.88,2.5,3.12,0.62,0.0,2.62,2.62,2.62,2.38,1.38,2.75,0.25
15-1299.03,Document Management Specialists,0.6777777777777778,4,472.0,8.2,31.3,97.0747562296858,True,0.8266522210184182,0.8764897074756229,0.8515709642470206,5,3,0.6,True,Hoch GPT-exponiert mit guten Wechseloptionen,1.88,1.38,3.25,1.75,3.62,0.75,0.0,0.0,0.0,0.0,2.62,2.25,3.0,3.0,0.0,0.0,0.0,1.75,3.62,3.88,1.75,2.62,2.38,0.0,3.88,0.0,2.62,4.0,4.0,3.0,2.75,0.0,3.62,0.0,0.0,0.0,3.0,0.0,0.0,3.25,3.12,2.62,0.0,0.0,0.0,2.62,0.62,2.12,2.88,0.25,4.0,4.0,1.5,1.22,2.77,2.06,1.44,2.65,0.1,0.42,1.21,0.89,2.36,1.93,0.41,0.06,1.23,0.99,0.75,0.62,0.5,1.04,1.04,3.79,4.59,3.8,4.05,2.89,2.2,3.7,3.62,3.0,0.0,0.0,0.0,3.0,3.38,1.62,1.88,2.88,2.88,0.0,2.25,1.88,2.88,1.88,1.0,0.0,3.0,3.12,3.38,3.25,1.75,3.38,0.0
15-1299.05,Information Security Engineers,0.625,4,472.0,8.2,31.3,93.98699891657638,True,0.8266522210184182,0.8764897074756229,0.8515709642470206,5,1,0.2,True,Hoch GPT-exponiert mit begrenzten Wechseloptionen,0.75,1.5,3.5,0.5,4.12,1.0,0.0,0.75,0.25,0.38,3.25,0.88,3.5,3.62,0.0,0.25,0.25,1.38,4.0,3.88,0.5,3.0,2.88,0.5,3.62,0.0,2.88,4.25,4.12,3.38,3.25,0.0,3.75,0.38,0.38,0.38,3.25,0.0,0.25,3.38,3.62,2.38,0.0,0.5,0.38,2.12,1.5,2.38,2.62,1.75,4.38,3.88,2.08,2.05,3.0,2.86,0.73,2.65,0.01,0.19,1.89,2.36,2.93,2.41,1.0,-0.06,2.12,1.7,1.7,0.62,0.04,2.21,1.76,4.11,3.79,4.0,4.37,2.53,2.78,3.95,3.75,3.25,0.75,1.75,1.62,3.5,3.5,1.75,1.75,2.62,3.0,1.5,1.88,3.12,3.25,3.38,3.12,1.25,2.88,3.25,3.62,3.75,2.25,2.75,2.5
15-1299.08,Computer Systems Engineers/Architects,0.5714285714285714,3,472.0,8.2,31.3,88.67822318526544,True,0.8266522210184182,0.8764897074756229,0.8515709642470206,5,2,0.4,True,Hoch GPT-exponiert mit guten Wechseloptionen,1.5,1.88,3.88,1.38,4.12,0.62,0.0,0.25,0.0,0.38,2.75,2.0,3.12,3.88,0.0,0.0,0.0,1.5,4.0,4.0,1.38,3.12,2.88,0.0,3.62,0.0,3.12,4.5,4.0,3.88,3.0,0.0,4.12,0.38,0.38,0.0,3.0,0.0,0.0,3.12,3.12,2.88,0.0,0.0,0.0,2.12,1.12,1.75,3.12,0.62,4.12,4.25,2.08,2.34,2.57,2.28,1.35,2.59,0.5,0.53,1.86,2.48,2.13,2.37,1.45,0.47,1.9,1.7,1.14,0.74,0.97,1.61,1.76,4.09,4.3,4.0,4.18,2.7,3.27,3.82,4.0,3.12,1.12,1.5,0.62,3.12,4.0,2.38,2.12,3.0,3.0,1.38,4.38,3.0,3.0,4.25,3.62,1.0,3.0,3.0,4.0,4.12,2.75,3.0,2.5
15-1299.09,Information Technology Project Managers,0.4523809523809523,4,472.0,8.2,31.3,72.31852654387866,False,0.8266522210184182,0.8764897074756229,0.8515709642470206,5,0,0.0,True,Nicht hoch GPT-exponiert,0.0,1.88,3.75,0.0,4.0,1.12,0.0,0.0,0.0,0.0,2.88,1.5,3.12,3.88,0.0,0.0,0.0,1.75,4.0,3.88,0.0,3.12,2.75,0.0,3.88,0.0,3.12,4.12,4.0,3.25,2.75,0.0,4.0,0.0,0.0,0.0,2.88,0.12,0.0,3.5,3.62,2.88,0.0,0.0,0.0,2.0,0.62,2.0,3.0,0.12,4.25,4.0,2.24,2.3,2.34,1.99,2.26,2.93,1.0,0.61,2.07,1.58,2.21,2.01,2.58,1.1,2.23,2.16,1.8,0.96,1.92,2.06,1.74,4.57,4.35,4.19,3.95,3.05,2.24,4.33,4.0,4.12,0.0,0.0,0.0,3.25,3.75,3.62,3.62,4.0,3.75,0.12,2.5,1.75,3.62,1.62,1.88,0.0,3.12,3.88,3.75,3.75,1.88,3.88,0.62
15-2011.00,Actuaries,0.537037037037037,4,33.6,21.8,2.4,85.64463705308776,True,0.29956663055254606,0.9902491874322861,0.6449079089924161,5,1,0.2,True,Hoch GPT-exponiert mit begrenzten Wechseloptionen,0.0,1.62,4.0,0.0,4.88,1.0,0.0,0.0,0.0,0.0,2.75,0.5,3.38,3.75,0.0,0.0,0.0,1.5,4.62,4.0,0.0,5.0,2.5,0.0,4.12,0.0,4.88,4.75,4.75,3.5,2.88,0.0,4.12,0.0,0.0,0.0,3.38,0.0,0.0,4.0,4.0,2.62,0.0,0.0,0.0,2.12,1.0,1.75,2.62,0.5,4.75,4.0,2.14,0.94,3.0,2.66,0.95,2.65,0.02,0.5,0.95,1.41,2.36,2.58,1.13,-0.17,1.64,1.44,0.92,0.65,0.52,1.22,0.68,3.79,4.6,3.86,4.43,2.7,2.15,3.46,4.62,3.0,0.0,0.0,0.0,3.38,4.62,2.75,1.88,2.88,3.25,0.0,3.25,1.12,3.62,2.5,1.5,0.0,3.0,3.0,4.62,4.62,1.0,3.5,0.0
15-2021.00,Mathematicians,0.6904761904761905,5,2.4,-0.7,0.1,97.61646803900325,True,0.011375947995666305,0.23835319609967498,0.12486457204767064,5,1,0.2,True,Hoch GPT-exponiert mit begrenzten Wechseloptionen,0.0,0.75,4.0,0.0,5.0,0.38,0.0,0.0,0.0,0.0,2.25,1.0,3.75,4.75,0.0,0.0,0.0,0.75,4.88,4.88,0.0,6.0,2.88,0.0,3.75,0.0,5.0,5.12,5.12,4.75,2.88,0.0,3.88,0.0,0.0,0.0,3.0,0.0,0.12,3.12,3.0,3.38,0.0,0.0,0.0,1.5,1.0,0.88,2.88,0.25,5.12,4.88,2.14,1.26,3.0,1.82,0.55,1.98,-0.03,0.34,1.47,2.51,1.7,3.0,-0.09,0.15,2.08,1.32,0.44,0.23,0.04,0.86,1.97,3.35,4.26,4.5,4.3,2.5,2.0,3.15,4.88,3.0,0.0,0.0,0.0,3.88,4.0,0.62,0.62,2.12,1.88,0.0,2.62,0.38,2.88,2.75,0.5,0.0,1.75,3.0,3.75,3.62,0.62,3.0,0.0
15-2031.00,Operations Research Analysts,0.6290322580645161,5,112.1,21.5,9.6,94.1495124593716,True,0.6056338028169014,0.9891657638136512,0.7973997833152763,5,3,0.6,True,Hoch GPT-exponiert mit guten Wechseloptionen,0.0,0.75,4.0,0.0,4.5,0.25,0.0,0.0,0.0,0.0,2.62,0.38,3.25,4.12,0.0,0.0,0.0,0.75,4.62,4.12,0.0,4.75,2.75,0.0,3.75,0.0,4.38,4.75,4.5,4.0,2.5,0.0,4.12,0.0,0.0,0.0,3.0,0.0,0.0,3.25,3.0,2.5,0.0,0.0,0.0,2.0,1.12,1.12,2.62,0.38,4.75,4.0,2.17,1.72,2.57,2.06,1.06,2.16,0.25,0.56,1.38,2.15,2.06,2.63,1.0,0.3,1.58,1.6,0.97,0.57,0.79,1.24,1.81,3.62,4.29,3.76,4.24,2.33,1.65,3.57,4.5,3.12,0.0,0.0,0.0,3.0,4.38,1.38,1.25,2.62,2.38,0.12,4.25,1.25,3.12,2.75,1.38,0.0,2.88,2.88,3.88,4.25,1.12,3.0,0.25
15-2041.00,Statisticians,0.7105263157894737,5,32.2,8.5,2.0,98.37486457204767,True,0.2638136511375948,0.886240520043337,0.5750270855904659,5,0,0.0,True,Hoch GPT-exponiert mit begrenzten Wechseloptionen,0.0,1.0,3.75,0.0,4.88,0.62,0.0,0.0,0.0,0.0,2.88,1.0,3.12,3.88,0.0,0.0,0.0,1.0,4.88,4.0,0.0,5.0,2.75,0.0,4.0,0.0,5.12,4.88,4.75,3.62,2.88,0.0,3.5,0.0,0.0,0.0,3.0,0.0,0.0,3.62,3.12,2.88,0.0,0.0,0.0,2.0,1.38,1.12,2.75,0.75,4.75,4.88,2.14,1.05,3.0,2.06,0.75,2.41,0.02,0.45,0.87,1.89,2.1,2.67,0.23,0.01,1.58,0.97,0.42,0.28,-0.12,1.0,1.45,3.38,4.33,4.19,4.52,2.65,2.56,3.29,4.12,3.0,0.0,0.0,0.0,3.12,3.88,1.0,0.75,2.38,2.0,0.0,3.5,1.0,2.62,3.12,1.12,0.0,2.12,3.0,3.12,3.12,0.62,3.0,0.0
15-2041.01,Biostatisticians,0.74,5,32.2,8.5,2.0,98.80823401950163,True,0.2638136511375948,0.886240520043337,0.5750270855904659,5,0,0.0,True,Hoch GPT-exponiert mit begrenzten Wechseloptionen,0.5,0.75,4.0,0.38,4.88,0.75,0.0,0.0,0.0,0.0,2.62,1.62,3.0,4.0,0.0,0.0,0.0,0.88,5.0,4.25,0.5,5.0,2.88,0.0,3.75,0.0,4.12,5.12,5.12,3.88,2.88,0.0,4.0,0.0,0.0,0.0,2.88,0.0,0.0,4.12,3.88,3.0,0.0,0.0,0.12,1.75,1.0,1.12,3.12,0.5,5.0,4.88,2.17,1.38,3.0,2.06,1.23,2.59,0.12,0.7,1.41,2.03,2.1,3.0,0.66,0.24,1.7,1.41,0.59,0.32,0.47,1.38,1.7,3.71,4.25,4.26,4.33,2.62,2.42,3.38,4.5,3.0,0.0,0.62,0.0,4.0,4.38,1.25,1.0,3.12,2.5,0.12,3.38,0.75,2.88,4.0,1.25,0.0,2.75,2.88,3.88,3.75,1.0,3.5,0.0
15-2051.01,Business Intelligence Analysts,0.5757575757575758,4,245.9,33.5,23.4,89.43661971830986,True,0.7800650054171181,0.9956663055254604,0.8878656554712893,5,1,0.2,True,Hoch GPT-exponiert mit begrenzten Wechseloptionen,0.0,0.75,4.0,0.0,4.5,0.38,0.0,0.25,0.0,0.0,2.62,0.5,3.12,3.88,0.0,0.0,0.0,0.75,4.38,4.0,0.0,3.75,2.25,0.0,3.5,0.0,3.62,4.75,4.75,3.25,2.75,0.0,3.5,0.0,0.0,0.0,3.0,0.0,0.0,3.5,3.38,2.88,0.0,0.0,0.0,2.12,1.12,0.88,2.0,0.62,4.62,4.12,2.08,1.51,2.77,1.59,0.27,2.19,0.16,0.37,1.38,1.47,2.32,1.64,0.38,-0.14,1.49,1.38,1.22,0.63,0.72,1.22,1.87,3.32,4.21,4.23,4.41,2.71,2.82,3.73,3.75,3.0,0.0,0.0,0.0,3.0,4.0,1.75,1.25,2.0,2.88,0.38,1.62,1.12,3.0,2.5,1.5,0.0,2.88,2.88,3.75,3.75,0.88,3.0,0.0
15-2051.02,Clinical Data Managers,0.5750000000000001,4,245.9,33.5,23.4,89.1115926327194,True,0.7800650054171181,0.9956663055254604,0.8878656554712893,5,1,0.2,True,Hoch GPT-exponiert mit begrenzten Wechseloptionen,0.38,0.88,3.88,0.25,4.25,0.38,0.0,0.38,0.0,0.0,2.5,1.62,3.25,3.5,0.0,0.0,0.0,1.0,3.88,4.0,0.38,3.62,2.62,0.0,3.62,0.0,3.25,4.25,4.12,3.38,3.0,0.0,3.88,0.0,0.0,0.0,3.0,0.0,0.0,3.38,3.38,2.75,0.0,0.0,0.0,1.75,0.88,0.88,2.12,0.88,4.25,4.12,1.92,1.44,3.0,2.39,1.57,2.65,0.25,0.58,1.35,1.2,2.47,2.12,1.26,0.22,1.64,1.18,1.19,0.78,0.68,1.43,1.2,4.25,4.1,3.7,4.45,2.9,2.9,3.95,3.62,3.38,0.0,1.5,0.0,3.75,3.62,1.25,1.5,3.38,2.38,1.25,3.38,2.0,2.62,3.62,2.5,0.0,2.62,3.5,3.38,3.38,1.38,3.5,0.62
15-2099.01,Bioinformatics Technicians,0.65,4,5.0,4.0,0.3,95.55796316359697,True,0.03791982665222102,0.628385698808234,0.33315276273022754,5,2,0.4,True,Hoch GPT-exponiert mit guten Wechseloptionen,0.0,1.5,3.88,0.25,3.75,0.88,0.0,0.0,0.0,0.0,3.0,2.25,3.62,3.5,0.0,0.0,0.0,1.5,3.88,3.62,0.0,4.12,2.88,0.0,4.0,0.0,3.38,4.38,4.38,3.25,3.25,0.0,3.88,0.0,0.0,0.0,3.25,0.0,0.0,3.25,3.5,2.88,0.0,0.0,0.0,2.75,0.0,2.38,3.12,0.38,4.5,4.12,1.92,2.25,2.88,2.06,1.41,2.36,-0.02,0.45,1.15,2.12,1.76,2.54,-0.24,0.13,1.64,0.94,0.48,0.4,0.27,1.09,1.62,3.88,4.21,4.06,4.26,3.36,2.92,3.39,3.38,3.0,0.38,0.25,0.0,3.25,3.5,1.0,1.0,2.38,2.75,0.25,2.12,2.5,2.88,3.0,2.25,0.38,2.88,3.0,3.5,3.5,2.0,3.0,0.38
17-1011.00,"Architects, Except Landscape and Naval",0.4302325581395348,5,123.6,3.9,7.8,69.23076923076923,False,0.5509209100758397,0.6218851570964247,0.5864030335861321,5,1,0.2,True,Nicht hoch GPT-exponiert,1.88,1.88,4.25,2.12,5.0,2.5,0.0,0.12,0.0,0.0,4.0,2.38,3.88,4.38,0.0,0.0,0.0,1.38,4.12,4.0,1.75,3.88,2.88,1.12,4.5,0.0,4.12,4.88,4.88,4.25,3.12,0.12,4.62,0.0,0.0,0.0,3.12,0.0,1.75,3.62,3.62,3.12,0.0,0.0,0.0,2.75,1.0,2.88,4.75,0.62,4.38,4.12,2.14,1.44,2.7,1.86,1.44,2.56,0.79,0.45,1.5,2.51,1.79,2.16,1.53,0.69,1.67,1.76,1.22,1.0,1.58,1.43,1.51,4.57,4.6,3.86,3.95,3.15,3.1,3.62,4.25,4.0,0.0,0.25,0.0,2.88,4.5,3.38,3.0,3.5,3.5,1.75,4.38,2.0,3.5,1.25,3.25,0.0,3.38,3.25,3.62,3.75,2.0,3.62,1.5
17-1012.00,Landscape Architects,0.3684210526315789,4,21.8,3.5,1.7,59.479956663055255,False,0.23672806067172264,0.570964247020585,0.40384615384615385,5,0,0.0,True,Nicht hoch GPT-exponiert,1.75,1.5,4.0,1.88,4.0,2.0,0.0,0.0,0.0,0.0,3.25,1.88,2.88,4.12,0.0,0.0,0.0,1.75,3.75,3.75,1.62,3.25,2.5,0.62,3.88,0.0,3.25,4.38,4.25,4.0,2.5,0.0,4.0,0.0,0.0,0.0,3.0,0.0,1.0,3.75,4.0,2.12,0.0,0.0,0.0,2.75,1.12,2.88,4.25,0.62,4.0,4.0,1.8,1.72,2.31,1.38,1.77,2.22,0.86,0.64,1.59,2.45,1.63,1.86,1.34,0.74,1.77,1.7,1.31,0.9,1.61,1.14,1.39,4.05,4.47,3.7,3.95,2.95,2.1,3.85,4.0,3.75,0.0,0.0,0.0,3.0,3.75,3.0,3.0,3.25,3.12,1.62,3.75,1.75,3.5,0.5,2.62,0.0,3.38,3.62,3.38,3.88,1.0,3.75,1.0
17-1021.00,Cartographers and Photogrammetrists,0.46,4,13.4,6.4,1.0,73.29360780065005,False,0.1495124593716143,0.8223185265438786,0.48591549295774644,5,0,0.0,True,Nicht hoch GPT-exponiert,2.75,2.0,3.62,2.88,3.88,2.0,0.0,0.62,0.0,0.75,3.5,2.88,3.5,3.0,0.0,0.0,0.0,1.5,4.0,3.5,2.0,3.0,2.88,0.25,4.12,0.0,3.12,4.12,4.0,3.0,3.0,0.0,3.38,0.0,0.12,0.12,2.88,0.0,0.62,3.0,3.12,2.88,0.0,0.0,0.0,2.62,1.38,3.0,3.38,0.62,4.12,3.88,1.63,1.19,3.0,2.03,0.71,2.19,-0.13,-0.14,0.87,1.41,1.7,2.12,0.14,-0.1,1.31,1.02,0.46,0.12,-0.09,0.68,1.08,4.2,4.58,4.09,4.87,3.15,3.5,3.97,3.12,3.0,0.5,1.0,0.0,3.0,3.12,0.75,0.62,2.12,2.12,0.38,0.75,1.75,2.12,1.12,2.12,0.38,2.75,2.88,2.88,2.75,0.75,3.12,1.38
17-1022.00,Surveyors,0.4333333333333333,4,56.1,4.4,3.9,69.88082340195017,False,0.4014084507042254,0.676056338028169,0.5387323943661972,5,0,0.0,True,Nicht hoch GPT-exponiert,3.0,2.0,3.75,2.88,4.12,3.0,0.0,1.75,0.75,2.5,4.0,2.88,3.62,3.0,2.0,2.0,1.75,1.62,4.12,4.0,2.75,4.12,2.75,2.88,3.88,0.5,4.12,4.12,4.12,3.0,3.12,1.0,3.38,1.38,1.88,1.5,3.0,0.62,3.38,3.62,3.38,3.12,0.75,2.12,2.0,2.75,2.5,2.88,3.75,2.0,4.12,4.12,1.6,0.48,3.0,2.24,0.59,2.56,-0.02,-0.18,0.78,0.44,2.1,1.44,1.13,-0.14,1.77,1.5,0.9,0.69,0.22,0.97,-0.52,4.35,4.55,4.0,4.79,3.35,2.8,4.3,3.25,3.62,1.62,2.12,0.0,3.5,3.12,1.38,1.62,3.5,2.5,2.88,1.5,2.75,2.75,0.75,2.62,1.38,2.88,3.0,3.0,2.88,0.62,3.5,1.62
17-1022.01,Geodetic Surveyors,0.40625,4,56.1,4.4,3.9,65.7638136511376,False,0.4014084507042254,0.676056338028169,0.5387323943661972,5,0,0.0,True,Nicht hoch GPT-exponiert,2.88,1.75,3.88,2.75,4.12,2.25,0.0,0.75,0.25,1.38,3.62,2.75,4.12,3.12,1.38,1.38,0.62,1.75,4.12,4.0,2.0,4.75,3.0,2.25,3.88,1.12,4.25,4.88,4.62,2.88,3.12,1.0,4.0,1.25,1.75,1.5,3.0,0.62,2.12,3.12,3.0,3.12,0.25,1.25,1.62,2.62,1.88,2.62,3.62,1.0,4.88,4.12,1.45,0.23,3.0,1.5,0.04,2.65,-0.14,-0.1,0.43,0.97,1.79,1.93,1.24,-0.32,1.58,1.24,0.46,0.21,0.07,0.8,0.43,3.81,4.33,4.12,4.85,2.96,2.31,3.23,3.88,3.0,1.5,1.88,0.0,3.0,3.75,1.5,1.5,3.12,1.88,2.75,1.75,2.75,2.12,2.5,3.0,1.5,2.5,2.88,3.25,3.25,1.38,3.12,1.62
17-2011.00,Aerospace Engineers,0.5178571428571428,4,71.6,6.1,4.5,82.23185265438786,True,0.44041170097508126,0.8022751895991332,0.6213434452871073,5,3,0.6,True,Hoch GPT-exponiert mit guten Wechseloptionen,0.0,2.62,4.0,0.0,4.75,1.75,0.0,0.0,0.0,0.0,3.12,2.0,3.25,4.0,0.0,0.0,0.0,2.62,4.25,4.0,0.0,4.75,2.62,0.0,3.88,0.0,3.75,4.88,4.75,4.12,3.12,0.0,4.12,0.0,0.0,0.0,3.12,0.0,0.0,3.12,3.5,2.62,0.0,0.0,0.0,2.75,0.62,3.0,3.38,0.25,5.12,4.75,2.14,1.79,2.88,2.39,1.08,2.65,0.15,0.34,1.59,2.51,2.1,2.2,1.48,0.18,1.83,1.7,1.19,0.69,0.41,1.27,1.56,4.24,4.92,4.35,4.0,2.99,2.06,3.56,4.25,3.5,0.0,0.38,0.0,3.25,3.88,1.38,1.0,3.0,3.0,0.62,5.0,3.0,3.12,1.75,3.88,0.0,2.75,3.12,4.0,3.88,3.75,3.5,2.5
17-2021.00,Agricultural Engineers,0.3333333333333333,4,1.7,5.9,0.1,53.62946912242686,False,0.011375947995666305,0.7908992416034669,0.4011375947995666,5,0,0.0,True,Nicht hoch GPT-exponiert,1.38,2.62,4.12,2.12,4.5,2.38,0.0,0.5,0.38,0.88,3.0,2.0,3.0,3.75,0.75,0.5,0.5,2.38,4.38,4.25,1.25,4.12,2.5,1.88,3.75,0.62,3.88,4.25,4.62,3.62,3.0,0.88,4.25,1.0,2.0,0.88,3.0,0.75,1.25,3.12,3.38,2.38,0.0,0.5,1.0,2.88,1.38,2.88,3.62,0.5,4.75,4.25,1.95,1.83,2.5,1.99,1.6,2.36,0.45,0.53,1.53,2.36,1.99,2.2,1.53,0.69,1.7,1.73,1.16,0.96,1.11,0.97,1.26,3.75,4.3,4.0,4.15,2.85,2.0,3.4,4.12,3.12,1.25,1.75,0.0,3.0,4.0,2.25,2.12,3.0,3.0,2.38,3.25,3.12,2.88,1.88,2.62,1.12,3.0,3.12,4.0,4.0,3.0,3.38,2.25
17-2031.00,Bioengineers and Biomedical Engineers,0.5384615384615384,4,22.2,5.2,1.3,85.91549295774648,True,0.19393282773564463,0.7475622968580715,0.4707475622968581,5,1,0.2,True,Hoch GPT-exponiert mit begrenzten Wechseloptionen,2.38,2.0,4.38,2.25,4.75,1.88,0.0,0.0,0.0,0.62,2.88,2.5,3.62,4.0,0.0,0.0,0.0,1.75,4.75,4.12,1.88,4.0,2.75,0.38,4.0,0.0,3.62,4.88,4.75,4.38,3.0,0.12,4.75,0.25,0.38,0.12,3.12,0.0,0.12,3.38,3.5,2.75,0.0,0.0,0.12,2.25,1.12,3.0,3.75,1.0,4.88,4.75,2.14,2.25,2.67,2.43,1.84,2.47,0.52,0.72,1.5,2.51,2.21,3.0,1.29,0.49,1.74,1.54,1.28,0.88,0.97,1.27,1.49,3.78,4.3,4.0,4.35,2.83,2.26,3.48,4.5,3.38,2.38,2.88,2.25,4.0,4.62,2.0,2.5,3.12,3.0,2.12,4.0,3.12,3.12,3.38,3.62,2.62,3.0,3.25,3.88,4.0,3.75,3.25,3.0
17-2041.00,Chemical Engineers,0.3461538461538461,4,21.6,2.6,1.1,55.52546045503792,False,0.1635969664138678,0.4745395449620802,0.319068255687974,5,0,0.0,True,Nicht hoch GPT-exponiert,0.88,2.62,5.0,0.75,5.0,2.12,0.0,0.0,0.0,0.0,3.62,1.25,3.62,4.0,0.0,0.0,0.0,2.12,4.88,4.38,0.12,4.0,2.75,0.0,3.88,0.0,4.0,5.0,4.38,4.0,3.62,0.0,4.62,0.5,0.75,0.0,3.25,0.0,0.0,3.12,3.75,3.0,0.0,0.0,0.0,2.12,1.25,3.38,3.75,0.88,5.0,4.0,2.14,1.83,2.67,2.62,1.2,2.59,0.08,0.1,1.44,2.42,2.1,2.37,1.21,0.24,1.61,1.57,1.31,0.62,0.47,1.7,1.43,3.96,4.83,4.04,4.04,2.74,1.86,3.57,4.38,3.62,0.0,2.12,0.0,3.0,4.62,2.62,2.75,3.38,2.88,1.88,4.62,3.75,3.0,2.75,3.88,0.0,3.0,3.25,4.12,4.12,2.88,3.75,3.62
17-2051.00,Civil Engineers,0.375,4,368.9,5.0,23.6,61.159263271939324,False,0.7838569880823402,0.7345612134344529,0.7592091007583965,5,0,0.0,True,Nicht hoch GPT-exponiert,0.0,2.62,4.12,1.12,4.88,2.62,0.0,0.0,0.0,0.0,3.62,1.62,3.75,4.0,0.12,0.0,0.0,2.5,4.0,4.0,0.0,4.75,2.88,0.5,4.12,0.0,4.0,5.0,5.0,4.0,3.75,0.0,4.75,0.0,0.0,0.0,3.12,0.0,1.5,3.75,4.0,3.62,0.0,0.0,0.0,2.75,0.75,2.62,4.12,0.5,5.0,4.0,2.08,1.86,2.57,2.39,1.44,2.65,0.41,0.42,1.59,1.97,2.21,2.16,2.01,0.61,1.77,1.76,1.31,0.78,0.86,1.43,1.33,4.19,4.76,3.9,4.38,2.76,2.3,4.0,4.12,3.75,0.88,0.25,0.0,3.0,4.0,3.38,3.0,3.5,3.0,0.5,4.5,2.12,3.25,1.88,2.5,1.62,3.0,3.5,4.12,4.0,2.5,4.0,0.62
17-2051.01,Transportation Engineers,0.4886363636363636,4,368.9,5.0,23.6,77.84398699891658,False,0.7838569880823402,0.7345612134344529,0.7592091007583965,5,2,0.4,True,Nicht hoch GPT-exponiert,0.38,2.12,4.0,0.88,4.75,2.0,0.0,0.0,0.0,0.0,3.25,1.25,3.25,4.0,0.0,0.0,0.0,1.75,4.38,4.25,0.5,4.25,2.75,0.38,4.12,0.0,4.0,4.75,4.75,3.75,3.0,0.0,4.62,0.0,0.0,0.0,3.0,0.0,0.75,3.75,4.0,3.12,0.0,0.0,0.0,2.25,1.12,2.25,4.12,0.88,4.75,4.12,1.95,1.54,2.67,2.35,1.31,2.59,0.35,0.4,1.29,1.86,2.1,1.97,1.06,0.32,1.74,1.47,1.16,0.62,0.72,1.4,1.01,4.27,4.73,3.95,4.27,2.95,2.41,3.73,4.38,3.75,0.0,0.0,0.0,3.0,4.25,3.75,3.0,3.88,3.12,1.25,3.88,2.0,3.62,2.12,2.62,0.0,3.0,3.0,3.75,3.88,2.75,3.88,2.0
17-2061.00,Computer Hardware Engineers,0.3181818181818182,4,76.8,7.3,4.7,52.00433369447454,False,0.447453954496208,0.8553629469122427,0.6514084507042254,5,0,0.0,True,Nicht hoch GPT-exponiert,2.25,2.0,4.12,1.62,4.25,1.38,0.0,0.0,0.0,0.38,2.62,2.62,3.12,3.88,0.0,0.0,0.0,1.5,4.12,4.12,1.88,3.38,2.88,0.0,3.62,0.0,3.25,4.75,4.12,4.0,3.0,0.0,4.0,0.0,0.0,0.0,3.0,0.12,0.0,3.12,3.0,2.25,0.0,0.0,0.0,1.88,1.0,2.75,3.88,0.75,4.5,4.12,2.14,2.0,2.67,1.79,0.98,2.36,0.25,0.03,1.47,2.51,1.76,2.33,1.03,0.18,1.64,1.41,0.7,0.5,0.47,1.16,1.49,3.97,4.46,4.24,4.41,2.78,2.38,3.66,4.12,3.12,2.12,2.75,1.12,3.5,3.88,1.25,1.5,2.62,2.12,0.75,4.0,3.0,2.75,2.75,3.0,2.12,2.75,2.75,3.5,4.0,2.75,3.0,3.12
17-2071.00,Electrical Engineers,0.40625,4,192.0,7.2,11.7,65.7638136511376,False,0.6365113759479957,0.852112676056338,0.7443120260021668,5,0,0.0,True,Nicht hoch GPT-exponiert,2.0,2.12,4.0,2.0,4.25,2.0,0.0,0.62,0.0,0.38,3.12,2.12,3.0,4.0,0.0,0.0,0.0,2.12,4.12,4.25,2.12,4.12,2.62,0.0,3.75,0.0,3.75,4.5,4.62,3.5,3.12,0.12,4.38,0.0,0.12,0.0,3.12,0.25,0.12,3.12,3.38,2.12,0.0,0.0,0.0,2.88,1.25,3.0,3.5,0.88,4.75,4.38,2.11,1.54,2.74,2.28,1.17,2.59,0.39,0.37,1.44,2.3,1.96,2.2,1.29,0.38,1.67,1.6,1.14,0.65,0.86,1.16,1.1,4.34,4.7,4.47,4.54,3.21,2.71,3.92,4.0,3.25,1.75,2.12,0.0,3.0,3.38,2.62,2.5,3.0,2.88,0.38,3.25,3.12,3.0,1.38,3.12,2.0,2.75,3.0,3.38,3.62,2.0,3.12,2.75
17-2072.00,"Electronics Engineers, Except Computer",0.5147058823529411,4,95.9,6.2,5.7,81.69014084507043,True,0.5,0.8104008667388949,0.6552004333694474,5,2,0.4,True,Hoch GPT-exponiert mit guten Wechseloptionen,3.12,1.75,4.12,2.88,4.25,1.75,0.0,0.25,0.0,1.12,2.88,3.25,3.38,3.88,0.0,0.0,0.12,2.62,4.25,4.12,2.88,4.12,2.88,1.12,4.12,0.0,3.38,4.38,4.25,4.0,3.0,0.0,4.12,1.0,1.5,1.0,3.0,0.0,0.0,3.12,3.12,3.0,0.0,0.25,0.5,2.5,1.38,3.25,4.12,1.75,4.38,4.12,2.04,1.54,2.7,2.28,0.9,2.41,0.21,0.29,1.21,2.45,2.1,2.33,1.0,0.16,1.67,1.57,0.97,0.57,0.59,1.16,1.29,3.72,4.5,4.55,4.15,3.04,1.67,3.06,4.12,3.12,3.0,3.12,0.75,3.25,3.88,2.25,2.75,2.88,3.0,3.0,3.5,3.38,3.0,2.88,3.88,3.0,2.88,3.0,3.88,4.0,3.25,2.88,3.12
17-2072.01,Radio Frequency Identification Device Specialists,0.3809523809523809,4,95.9,6.2,5.7,61.91765980498375,False,0.5,0.8104008667388949,0.6552004333694474,5,0,0.0,True,Nicht hoch GPT-exponiert,2.5,2.12,3.62,2.62,4.25,1.38,0.0,0.0,0.0,1.25,2.75,2.38,2.88,3.38,0.0,0.0,0.0,2.0,3.75,3.75,2.0,3.12,2.12,0.62,4.0,0.0,3.25,4.12,3.88,3.12,2.5,0.0,3.5,0.88,1.0,0.0,2.88,0.0,0.25,3.38,3.5,2.12,0.12,0.0,0.25,2.12,2.0,2.25,3.12,1.62,4.0,3.75,2.01,1.83,2.53,1.93,0.75,2.22,0.05,0.32,1.59,2.24,1.76,2.2,0.66,0.04,1.67,1.41,0.59,0.27,0.45,1.02,1.43,4.34,4.66,4.33,4.32,2.8,2.33,3.99,3.62,3.38,2.25,2.62,2.25,3.5,3.38,1.62,1.88,2.75,2.75,2.25,3.0,2.88,3.38,2.62,3.0,2.25,2.88,3.12,3.5,3.5,3.12,2.88,3.0
17-2081.00,Environmental Engineers,0.5,4,39.4,3.9,3.0,79.68580715059588,True,0.35482123510292524,0.6218851570964247,0.488353196099675,5,1,0.2,True,Hoch GPT-exponiert mit begrenzten Wechseloptionen,0.0,1.38,3.75,0.0,4.12,1.0,0.0,0.0,0.0,0.0,3.0,0.38,3.25,4.12,0.0,0.0,0.0,1.12,4.5,4.12,0.0,3.88,3.0,0.0,3.88,0.0,3.5,4.88,4.38,4.0,3.0,0.0,4.25,0.0,0.0,0.0,3.0,0.0,0.25,3.88,3.88,3.0,0.0,0.0,0.0,2.5,1.12,2.5,3.12,0.88,4.75,4.88,2.04,1.83,2.63,2.43,1.84,2.5,0.6,0.64,1.66,2.3,2.21,2.24,1.48,0.59,1.77,1.7,1.25,1.11,1.38,1.35,1.49,4.05,4.42,3.81,4.05,2.95,1.95,3.81,4.12,3.88,0.0,0.0,0.0,3.0,4.12,2.38,2.12,3.0,3.0,1.75,2.5,2.88,3.25,0.88,2.62,0.0,2.88,3.0,3.88,4.12,0.75,3.75,1.0
17-2111.00,"Health and Safety Engineers, Except Mining Safety Engineers and Inspectors",0.52,4,23.8,4.4,1.5,82.82773564463706,True,0.21451787648970747,0.676056338028169,0.4452871072589382,5,2,0.4,True,Hoch GPT-exponiert mit guten Wechseloptionen,1.0,2.5,3.75,1.0,3.75,1.88,0.12,0.62,0.62,0.88,3.12,0.25,3.38,3.5,1.38,0.88,1.5,2.5,3.75,3.5,0.0,2.62,2.5,1.12,3.75,1.12,2.88,4.25,4.12,3.25,3.25,1.0,3.75,1.12,1.5,1.0,3.38,1.12,1.5,3.62,3.38,3.0,0.25,0.75,1.12,2.62,1.75,2.88,3.12,1.62,4.12,3.75,2.04,1.86,2.67,2.74,1.84,2.62,0.88,0.72,1.79,1.6,2.36,2.2,1.56,0.74,1.97,1.76,1.77,1.39,1.15,1.99,1.35,4.26,4.71,4.25,4.27,2.98,2.11,3.91,3.75,3.38,0.0,0.0,0.0,3.62,3.62,1.62,1.5,2.88,3.0,2.38,1.38,2.62,3.5,1.38,2.88,0.0,3.12,3.5,3.38,3.5,2.0,3.25,1.75
17-2111.02,Fire-Prevention and Protection Engineers,0.6153846153846154,4,23.8,4.4,1.5,93.39111592632719,True,0.21451787648970747,0.676056338028169,0.4452871072589382,5,2,0.4,True,Hoch GPT-exponiert mit guten Wechseloptionen,0.0,2.38,4.12,0.62,4.62,2.0,0.0,0.0,0.0,0.38,3.62,1.25,4.0,3.75,0.0,0.12,0.12,1.88,4.25,4.0,0.0,3.25,2.5,0.38,4.0,0.0,3.25,4.25,4.25,3.75,3.0,0.0,4.38,0.0,0.0,0.0,2.88,0.0,1.38,3.75,4.0,3.25,0.0,0.12,0.0,2.12,1.38,3.25,3.62,0.88,4.12,4.0,2.01,1.83,2.77,2.74,1.63,2.65,0.35,0.53,1.69,2.09,2.36,2.2,1.7,0.07,1.97,1.73,1.53,1.16,0.97,1.58,1.37,4.23,4.32,4.04,3.85,2.73,1.62,3.54,4.0,3.12,0.0,1.75,0.0,3.25,4.12,2.75,2.88,3.0,3.0,1.38,4.0,2.88,3.5,0.88,3.38,0.0,3.0,3.0,4.0,4.12,3.0,3.5,2.75
17-2112.00,Industrial Engineers,0.6052631578947368,4,351.1,11.0,25.2,92.74106175514626,True,0.7968580715059588,0.9284940411700975,0.8626760563380281,5,4,0.8,True,Hoch GPT-exponiert mit guten Wechseloptionen,2.0,2.75,3.88,2.0,4.12,2.0,0.0,0.12,0.12,0.25,3.0,1.5,3.12,3.62,0.0,0.25,0.12,2.5,4.25,4.0,0.12,3.5,2.25,1.75,3.88,0.12,3.38,4.25,4.38,3.5,2.75,0.0,4.0,1.5,1.88,1.0,3.0,0.0,0.5,3.25,3.25,2.12,0.0,0.38,0.5,2.75,1.38,2.75,3.88,1.0,4.38,4.25,2.11,1.75,2.63,1.89,1.41,2.36,0.43,0.45,1.66,2.15,1.96,2.2,1.45,0.49,1.7,1.66,1.19,0.72,1.09,1.19,1.31,4.53,4.88,4.29,4.25,3.01,1.87,3.79,4.12,3.12,0.0,0.38,0.0,3.0,4.0,2.0,2.62,2.88,2.38,2.25,2.5,2.75,2.62,1.12,2.38,0.0,2.75,3.0,3.75,3.88,1.88,3.0,1.75
17-2112.01,Human Factors Engineers and Ergonomists,0.52,5,351.1,11.0,25.2,82.82773564463706,True,0.7968580715059588,0.9284940411700975,0.8626760563380281,5,0,0.0,True,Hoch GPT-exponiert mit begrenzten Wechseloptionen,0.38,1.75,4.0,0.0,4.75,1.62,0.12,0.38,0.38,0.38,3.12,0.25,3.0,4.25,0.0,0.25,0.25,1.12,4.5,4.25,0.0,3.88,3.0,0.25,3.75,0.12,3.75,4.88,5.0,3.88,3.0,0.12,4.12,0.0,0.0,0.0,2.88,0.0,0.88,3.62,3.62,3.0,0.0,0.38,0.38,2.12,1.25,2.25,3.88,0.62,4.88,4.62,1.95,1.94,2.63,1.79,1.84,2.19,1.54,0.84,1.59,2.36,1.79,2.37,0.98,0.52,1.7,1.41,1.31,1.21,1.15,1.14,1.62,3.95,4.58,4.6,3.74,3.47,2.15,3.55,4.0,3.12,0.0,1.38,0.0,3.75,4.38,1.75,1.75,3.0,3.0,0.75,3.88,2.12,3.0,2.38,3.0,0.0,3.0,3.5,3.88,4.0,3.88,3.12,2.0
17-2112.02,Validation Engineers,0.4761904761904761,4,351.1,11.0,25.2,75.83965330444204,False,0.7968580715059588,0.9284940411700975,0.8626760563380281,5,1,0.2,True,Nicht hoch GPT-exponiert,1.88,2.12,3.88,1.88,4.38,1.75,0.0,0.0,0.0,0.0,2.88,1.38,3.0,3.12,0.0,0.0,0.0,2.12,4.12,4.0,0.25,3.88,2.12,0.75,3.88,0.0,3.5,4.38,4.12,3.12,2.88,0.0,4.12,0.75,0.75,0.75,3.0,0.0,0.0,3.12,3.5,2.38,0.0,0.0,0.0,2.88,1.75,2.38,3.0,1.38,4.38,4.12,2.11,1.44,3.0,2.47,1.5,2.65,0.12,0.64,1.47,1.33,2.13,2.2,1.06,0.26,1.7,1.44,1.19,0.74,0.68,1.22,0.6,4.1,4.68,4.15,4.65,3.35,2.0,4.0,4.0,3.12,0.62,0.12,0.0,3.12,3.62,1.0,2.0,2.88,2.75,2.12,4.0,3.25,2.88,1.0,3.12,0.25,2.88,3.0,3.62,3.38,1.25,3.12,2.25
17-2112.03,Manufacturing Engineers,0.4787234042553191,4,351.1,11.0,25.2,76.59804983748646,False,0.7968580715059588,0.9284940411700975,0.8626760563380281,5,3,0.6,True,Nicht hoch GPT-exponiert,2.5,3.0,4.38,2.5,4.88,2.5,0.0,1.25,0.62,1.75,3.75,2.38,4.0,4.12,0.0,1.38,0.88,2.88,4.38,4.12,2.25,4.62,3.12,2.25,3.88,0.0,4.5,4.88,4.75,4.12,3.75,0.0,4.38,1.38,2.5,1.5,3.75,0.25,1.0,3.62,3.62,3.62,0.25,1.12,1.88,2.5,2.25,3.38,4.0,2.0,4.88,4.38,1.98,2.05,2.53,1.76,1.38,2.36,0.1,0.4,1.82,2.36,1.73,2.16,1.31,0.64,1.9,1.5,1.11,0.63,0.68,1.32,1.16,4.23,4.88,4.0,4.2,3.23,2.19,3.62,4.25,3.62,3.12,3.62,3.0,3.75,4.62,3.62,3.5,3.88,3.12,3.25,3.88,3.88,3.62,2.5,3.88,3.0,2.88,3.5,4.62,4.5,4.0,3.88,3.62
17-2121.00,Marine Engineers and Naval Architects,0.4035087719298245,4,8.5,5.8,0.6,65.33044420368364,False,0.08559046587215602,0.7833152762730228,0.4344528710725894,5,1,0.2,True,Nicht hoch GPT-exponiert,2.25,2.38,4.5,2.5,5.25,2.0,0.12,1.38,1.12,2.5,3.62,2.38,3.62,4.12,1.5,1.75,2.0,2.75,4.38,4.62,2.12,4.12,2.75,2.12,3.75,1.12,3.62,4.5,4.5,3.88,2.75,1.12,4.62,1.25,2.25,2.25,3.12,1.38,2.25,3.5,3.5,3.12,0.12,1.38,1.75,2.75,2.5,3.0,4.0,2.25,4.5,4.5,2.14,1.83,2.7,2.35,1.31,2.65,0.23,0.4,1.56,2.3,2.1,2.2,1.67,0.52,1.77,1.66,1.31,0.72,0.65,1.43,1.39,3.95,4.67,3.78,4.33,3.22,2.61,3.67,4.38,3.88,2.62,2.62,1.0,3.25,4.0,2.88,3.12,3.75,2.88,3.12,2.62,3.62,3.0,1.62,3.62,2.38,2.62,3.25,3.62,3.88,2.5,3.75,3.0
17-2131.00,Materials Engineers,0.3170731707317073,4,23.0,5.7,1.5,51.679306608884076,False,0.21451787648970747,0.7751895991332611,0.4948537378114843,5,0,0.0,True,Nicht hoch GPT-exponiert,2.12,2.12,4.75,2.38,4.75,2.0,0.0,0.0,0.0,0.88,3.12,2.25,3.25,3.88,0.0,0.0,0.0,2.0,4.25,3.88,2.12,4.62,2.25,0.75,3.75,0.0,3.75,4.75,4.75,4.0,3.12,0.0,4.25,1.12,1.88,0.5,3.0,0.0,0.12,3.5,3.12,2.75,0.0,0.0,0.0,2.12,0.62,3.12,3.88,1.38,4.88,4.88,2.11,1.72,2.7,2.28,1.26,2.41,0.13,0.27,1.5,2.48,1.99,2.41,1.37,0.43,1.77,1.47,1.03,0.58,0.61,1.04,1.31,3.86,4.67,4.19,4.1,2.86,1.86,3.52,4.0,3.25,0.88,1.88,0.0,3.88,3.88,2.62,2.75,3.12,3.12,2.0,4.0,3.12,3.12,1.75,3.62,1.0,3.0,3.12,3.75,3.5,2.88,3.12,2.0
17-2141.00,Mechanical Engineers,0.3720930232558139,4,293.1,9.1,18.1,60.5092091007584,False,0.7356446370530878,0.9052004333694474,0.8204225352112676,5,1,0.2,True,Nicht hoch GPT-exponiert,2.0,2.5,4.12,1.25,4.75,1.75,0.0,0.0,0.0,0.38,3.12,2.12,3.38,3.88,0.0,0.0,0.0,2.5,4.25,4.25,1.0,4.5,3.0,0.0,4.0,0.0,4.12,4.75,4.75,4.0,3.25,0.12,4.12,0.38,1.5,0.0,3.25,0.0,0.5,3.25,3.5,2.88,0.0,0.0,0.0,2.75,1.25,2.88,3.88,0.88,4.75,4.0,1.98,1.29,2.74,2.28,1.03,2.47,0.21,0.5,1.44,2.39,1.89,2.2,1.06,0.24,1.67,1.5,1.0,0.58,0.61,1.27,1.24,4.73,4.41,4.25,4.3,2.91,2.37,3.51,4.5,3.38,1.88,2.5,2.12,3.5,4.12,2.62,2.75,3.12,3.12,2.62,4.38,3.62,3.12,2.25,4.0,1.75,2.88,3.0,3.88,3.88,3.5,3.38,3.25
17-2141.01,Fuel Cell Engineers,0.4901960784313725,4,293.1,9.1,18.1,78.22318526543879,False,0.7356446370530878,0.9052004333694474,0.8204225352112676,5,2,0.4,True,Nicht hoch GPT-exponiert,3.0,2.12,4.0,2.88,4.12,2.0,0.0,0.0,0.0,0.38,3.12,2.88,3.62,4.25,0.0,0.0,0.0,2.62,4.12,4.0,2.25,4.12,2.88,1.0,3.88,0.0,3.75,4.88,4.75,4.0,3.62,0.12,4.25,0.75,0.62,1.0,3.25,0.25,0.38,3.12,3.38,3.0,0.0,0.0,0.0,2.75,1.0,2.88,3.88,1.25,4.88,4.5,2.14,1.8,2.7,2.35,1.26,2.47,-0.01,0.29,1.53,2.51,1.99,2.54,1.26,0.18,1.77,1.63,1.0,0.32,0.59,1.16,1.58,3.86,4.64,3.77,3.95,3.05,1.73,3.45,3.88,3.0,2.12,2.75,0.75,3.12,4.0,1.38,2.62,3.0,2.75,2.88,3.12,3.5,2.88,2.38,3.12,2.75,2.62,3.0,4.12,4.12,3.12,2.88,3.0
17-2141.02,Automotive Engineers,0.64,4,293.1,9.1,18.1,95.07042253521126,True,0.7356446370530878,0.9052004333694474,0.8204225352112676,5,4,0.8,True,Hoch GPT-exponiert mit guten Wechseloptionen,1.62,2.12,4.0,2.0,4.88,2.0,0.0,0.0,0.0,0.0,3.12,1.75,3.0,4.0,1.25,0.0,0.0,2.88,4.62,4.5,1.0,4.75,2.62,1.62,4.0,1.25,4.12,4.75,4.38,4.62,2.88,1.12,4.25,1.12,1.62,1.62,3.0,1.5,1.62,3.12,3.38,3.0,0.5,0.0,0.0,2.62,0.75,3.12,4.12,0.62,4.75,4.0,2.14,2.26,2.63,1.89,1.08,2.47,0.07,0.47,1.44,2.51,1.99,2.37,1.48,0.24,1.61,1.54,1.08,0.62,0.59,1.24,1.41,3.86,4.7,4.0,4.43,3.14,1.71,3.86,4.25,3.62,0.0,1.75,0.0,3.62,4.25,2.12,2.0,3.0,3.0,2.12,3.88,3.0,3.25,2.88,3.62,0.0,2.75,3.0,3.88,4.12,3.88,3.25,2.5
17-2151.00,"Mining and Geological Engineers, Including Mining Safety Engineers",0.5,4,7.0,0.7,0.4,79.68580715059588,True,0.05579631635969664,0.30119176598049835,0.17849404117009748,5,2,0.4,True,Hoch GPT-exponiert mit guten Wechseloptionen,0.12,1.88,4.12,0.38,4.88,2.25,0.0,0.0,0.0,0.0,3.75,1.38,3.88,4.0,0.62,0.0,0.0,2.12,4.62,4.12,0.0,4.38,2.75,0.38,3.88,0.12,3.75,5.0,4.62,3.88,3.25,0.0,4.5,0.0,1.62,0.12,3.5,0.12,1.5,3.75,3.88,3.38,0.0,0.0,0.0,2.38,1.25,2.5,4.0,0.88,4.88,4.62,2.04,1.83,2.57,2.62,1.35,2.65,0.37,0.45,1.62,1.83,2.21,2.04,1.95,0.38,2.15,1.73,1.66,0.8,0.56,1.99,1.62,3.95,4.79,4.17,4.08,2.91,2.29,3.57,4.38,3.75,0.0,2.5,0.0,3.5,4.62,3.75,3.25,3.62,3.25,2.0,4.12,3.38,3.38,3.0,3.5,0.0,2.62,3.25,4.0,4.25,2.88,3.88,1.88
17-2161.00,Nuclear Engineers,0.475,4,15.4,-1.1,0.8,75.51462621885156,False,0.11755146262188516,0.223726977248104,0.1706392199349946,5,1,0.2,True,Nicht hoch GPT-exponiert,1.75,2.12,4.0,1.12,4.38,2.0,0.0,0.0,0.0,0.0,3.0,0.75,3.62,4.0,0.0,0.0,0.0,2.0,4.25,4.12,0.5,4.12,2.75,0.0,3.88,0.0,4.0,5.0,5.0,3.88,3.5,0.0,4.75,0.12,0.75,0.0,3.12,0.0,0.0,3.5,3.25,3.0,0.0,0.0,0.0,2.88,0.88,2.62,3.0,0.5,5.0,5.0,2.21,1.48,3.0,2.74,1.44,3.0,0.12,0.64,1.38,1.97,2.93,2.58,1.58,0.13,2.12,1.73,2.5,1.19,0.29,2.39,1.37,3.67,4.4,3.48,4.67,2.75,2.24,3.57,4.25,3.75,0.62,0.88,0.0,3.25,4.12,1.88,2.12,3.0,3.0,2.25,4.38,4.0,3.0,1.12,3.75,0.62,3.0,3.0,4.0,4.0,2.88,3.88,3.12
17-2171.00,Petroleum Engineers,0.4305555555555555,4,19.6,1.3,1.2,69.33911159263272,False,0.17876489707475623,0.3418201516793066,0.26029252437703143,5,0,0.0,True,Nicht hoch GPT-exponiert,0.0,2.0,4.0,1.25,4.0,2.0,0.0,0.0,0.0,0.0,3.0,1.5,3.0,4.0,0.0,0.0,0.0,2.25,4.0,4.0,0.0,3.88,2.0,0.62,3.75,0.0,3.25,4.12,4.62,3.88,3.0,0.0,4.0,0.0,0.25,0.0,3.0,0.0,0.12,3.25,3.25,3.0,0.0,0.0,0.0,2.88,0.62,2.75,3.25,0.25,4.62,4.62,2.14,1.79,2.57,2.5,1.08,2.47,0.13,0.17,1.66,2.18,2.03,2.2,1.42,0.47,2.12,1.73,1.31,0.57,0.75,1.8,1.49,4.54,4.99,3.92,3.82,2.15,2.01,3.67,4.12,3.75,0.25,1.0,0.88,3.0,3.88,2.5,2.88,3.5,3.38,2.0,1.75,3.12,3.12,1.12,2.62,0.0,3.0,3.62,3.88,3.88,2.25,3.75,2.0
17-2199.03,"Energy Engineers, Except Wind and Solar",0.5,4,158.8,2.1,9.3,79.68580715059588,True,0.5937161430119177,0.41765980498374866,0.5056879739978332,5,1,0.2,True,Hoch GPT-exponiert mit begrenzten Wechseloptionen,0.0,2.0,3.75,1.25,4.12,1.75,0.0,0.0,0.0,0.0,3.0,1.25,3.12,3.62,0.0,0.0,0.0,2.12,4.12,4.0,0.0,4.0,2.5,0.5,3.88,0.0,4.0,4.75,4.12,3.62,3.0,0.0,4.12,0.0,0.0,0.0,3.12,0.0,0.0,3.75,3.88,2.5,0.0,0.0,0.0,2.75,0.88,2.88,3.62,0.12,4.62,3.88,2.17,1.79,2.57,2.03,1.23,2.39,0.2,0.53,1.59,2.27,2.06,2.24,1.34,0.49,1.64,1.6,0.9,0.86,0.77,1.11,1.22,4.36,4.45,4.14,3.95,2.64,1.86,3.36,4.0,3.38,0.0,0.25,0.0,3.0,4.0,2.25,2.38,3.0,3.0,1.88,3.88,2.75,3.0,1.25,2.5,0.0,3.0,3.5,4.0,3.75,2.12,3.38,1.62
17-2199.05,Mechatronics Engineers,0.3026315789473684,4,158.8,2.1,9.3,49.512459371614305,False,0.5937161430119177,0.41765980498374866,0.5056879739978332,5,0,0.0,True,Nicht hoch GPT-exponiert,2.25,2.88,3.62,2.25,4.62,2.0,0.0,0.0,0.0,0.75,3.0,2.25,3.0,4.0,0.0,0.0,0.0,2.62,4.0,4.12,1.25,4.0,2.88,0.88,3.88,0.0,3.25,4.75,4.62,4.12,2.88,0.0,4.12,1.25,1.25,0.62,3.12,0.12,0.5,3.12,3.25,2.88,0.0,0.0,0.0,2.75,1.38,3.0,3.75,1.12,4.62,4.62,2.04,1.86,2.63,2.24,0.98,2.39,-0.01,0.37,1.53,2.51,1.92,2.37,1.06,0.2,1.64,1.6,0.7,0.25,0.47,0.97,1.49,3.76,4.72,4.19,4.53,2.81,1.72,3.65,4.25,3.0,0.75,2.5,0.75,3.12,4.12,1.88,1.88,2.88,2.88,3.0,3.62,3.5,3.0,2.38,3.75,0.75,2.88,2.88,4.0,4.0,3.62,3.38,2.5
17-2199.06,Microsystems Engineers,0.5256410256410257,5,158.8,2.1,9.3,83.74864572047672,True,0.5937161430119177,0.41765980498374866,0.5056879739978332,5,3,0.6,True,Hoch GPT-exponiert mit guten Wechseloptionen,3.0,2.5,4.0,2.62,4.5,2.25,0.0,0.0,0.88,1.25,2.75,2.88,3.5,4.0,0.0,0.0,0.0,2.75,4.38,4.12,2.75,3.75,3.25,1.25,3.88,0.0,3.88,4.75,4.5,4.0,3.38,0.0,4.25,1.25,1.12,0.25,3.38,0.0,0.5,3.62,3.62,3.0,0.0,0.25,1.12,3.25,1.88,3.25,3.62,1.5,4.62,4.5,2.14,1.86,3.0,2.28,0.95,2.39,-0.02,0.24,1.18,2.51,1.92,2.37,0.81,0.15,1.67,1.35,0.61,0.3,0.5,1.09,1.56,3.91,4.73,4.43,4.19,2.76,2.47,3.27,4.25,3.12,1.62,2.38,0.62,3.5,3.75,2.25,2.38,2.88,3.25,2.75,3.0,3.38,3.0,2.5,3.5,1.75,3.0,3.38,4.0,3.88,2.62,3.62,2.38
17-2199.07,Photonics Engineers,0.2888888888888889,4,158.8,2.1,9.3,48.15817984832069,False,0.5937161430119177,0.41765980498374866,0.5056879739978332,5,0,0.0,True,Nicht hoch GPT-exponiert,3.0,1.62,4.62,3.12,5.12,2.62,0.0,0.0,0.0,0.12,3.5,3.0,3.62,4.25,1.38,0.0,0.0,2.25,4.5,4.38,2.5,4.88,2.75,1.12,4.12,0.0,4.25,4.88,4.88,4.62,3.12,0.0,4.12,0.75,1.0,1.12,3.0,0.0,0.0,3.62,3.5,3.0,0.0,0.0,0.38,2.25,1.0,3.0,4.12,0.75,5.0,4.62,2.14,1.98,2.77,2.14,0.85,2.25,-0.03,0.24,1.44,2.45,1.76,2.45,0.73,0.32,1.61,1.35,0.61,0.47,0.47,1.0,1.7,4.35,4.83,4.0,4.39,2.87,1.87,3.26,4.0,3.12,2.25,3.5,0.25,3.5,4.0,1.38,2.0,2.5,2.62,3.0,3.88,3.5,2.75,2.75,4.0,3.0,2.62,2.75,4.0,3.75,3.88,3.0,3.25
17-2199.08,Robotics Engineers,0.4772727272727273,4,158.8,2.1,9.3,76.1646803900325,False,0.5937161430119177,0.41765980498374866,0.5056879739978332,5,3,0.6,True,Nicht hoch GPT-exponiert,3.0,2.62,3.88,3.25,4.75,2.62,0.0,0.0,0.5,1.88,3.5,3.62,3.88,4.12,0.75,0.0,0.0,2.88,4.5,4.5,3.0,4.75,3.0,2.38,3.88,0.38,4.0,4.88,4.62,4.62,3.75,0.38,4.5,2.62,3.0,1.38,3.12,0.5,1.0,3.0,3.38,3.38,0.5,0.0,0.62,2.88,2.0,3.5,4.62,1.88,5.0,4.62,2.08,2.05,2.74,2.28,0.87,2.41,0.02,0.03,1.38,2.55,1.92,2.37,1.16,0.22,1.9,1.41,0.66,0.18,0.11,1.02,1.53,3.97,4.8,4.24,4.53,3.2,2.0,3.9,4.12,3.75,3.75,4.12,3.25,3.5,4.12,2.62,2.25,3.62,2.88,3.38,4.0,3.75,3.38,3.88,4.25,3.75,2.25,3.5,4.0,4.12,4.12,4.0,3.88
17-2199.09,Nanosystems Engineers,0.4886363636363636,5,158.8,2.1,9.3,77.84398699891658,False,0.5937161430119177,0.41765980498374866,0.5056879739978332,5,0,0.0,True,Nicht hoch GPT-exponiert,3.12,2.12,4.75,3.0,5.0,1.88,0.0,0.0,0.75,1.88,3.12,2.88,3.88,4.12,0.0,0.0,0.0,1.88,4.88,4.25,2.62,4.62,3.0,1.75,4.62,0.0,4.12,5.38,4.88,4.38,3.0,0.0,4.38,1.0,1.25,0.0,3.25,0.0,0.0,3.75,3.75,3.0,0.0,0.0,1.0,2.25,1.62,2.88,3.88,2.0,5.38,5.0,2.24,2.3,3.0,2.35,1.08,2.41,0.23,0.5,1.86,2.77,2.03,3.0,1.45,0.47,2.08,1.57,1.0,0.58,0.84,1.07,1.93,3.9,4.62,4.33,4.52,3.24,1.76,3.29,4.12,3.38,2.25,3.38,0.0,3.38,4.0,2.25,2.25,3.12,3.0,2.0,4.0,3.0,3.38,2.88,3.75,2.12,3.0,3.25,3.75,3.75,3.88,3.62,2.62
17-3011.00,Architectural and Civil Drafters,0.52,3,110.5,4.1,10.0,82.82773564463706,True,0.613759479956663,0.6392199349945829,0.6264897074756229,5,0,0.0,True,Hoch GPT-exponiert mit begrenzten Wechseloptionen,2.25,2.0,3.38,2.0,3.62,1.75,0.38,1.0,0.38,0.38,3.38,2.12,3.25,3.25,0.0,0.38,0.38,2.12,3.25,3.5,1.88,3.25,2.62,0.38,3.75,0.25,3.12,3.88,3.75,3.12,2.38,0.5,3.38,0.38,0.38,0.38,3.25,0.0,0.75,3.12,3.25,3.12,0.38,0.38,0.38,2.38,2.25,3.38,4.0,2.12,3.75,3.5,1.6,1.02,2.77,1.99,0.71,2.25,-0.02,0.03,0.63,1.1,1.34,1.23,0.23,0.06,1.18,1.02,0.61,0.17,0.07,0.86,0.22,4.0,4.86,3.69,4.63,2.91,3.41,4.38,3.75,3.12,0.38,0.75,0.38,3.38,3.12,1.75,1.38,3.0,2.62,0.62,2.25,2.0,2.75,1.75,2.25,0.38,2.88,2.88,3.5,3.12,2.12,3.12,1.62
17-3012.00,Electrical and Electronics Drafters,0.4893617021276595,3,21.6,-5.6,1.7,78.00650054171182,False,0.23672806067172264,0.10834236186348863,0.17253521126760563,5,0,0.0,True,Nicht hoch GPT-exponiert,2.25,1.88,3.25,1.88,3.75,1.62,0.12,0.75,0.12,0.12,2.75,2.25,3.0,3.12,0.5,0.0,0.0,1.5,3.38,3.62,1.62,2.88,2.62,0.38,4.0,0.5,3.12,4.25,4.0,3.0,2.88,0.12,3.38,0.38,0.38,0.5,2.88,0.12,0.62,3.0,3.12,2.88,0.12,0.12,0.12,2.38,1.5,2.62,3.88,1.75,4.0,3.75,1.52,0.83,2.67,2.14,1.17,2.3,0.02,-0.01,0.17,0.75,1.4,1.23,-0.4,-0.07,1.02,0.87,0.55,0.22,0.25,0.86,-0.38,4.15,4.62,3.69,4.44,2.97,3.17,4.18,3.25,3.0,0.38,0.75,0.38,3.25,3.12,1.25,1.25,2.75,2.88,0.75,2.38,2.0,2.88,1.62,2.75,0.25,2.62,3.0,3.0,2.75,1.75,3.12,1.88
17-3013.00,Mechanical Drafters,0.4655172413793103,3,42.9,-6.5,3.3,73.88949079089923,False,0.37486457204767065,0.09154929577464789,0.23320693391115926,5,0,0.0,True,Nicht hoch GPT-exponiert,2.38,2.0,3.5,2.75,3.62,1.88,0.0,0.5,0.0,0.0,3.0,3.25,3.62,3.25,0.0,0.0,0.0,2.0,3.5,3.75,1.88,3.62,1.75,0.12,4.0,0.0,3.38,3.88,3.88,3.38,3.0,0.0,3.5,0.0,0.0,0.0,3.25,0.0,0.12,3.0,3.0,2.75,0.0,0.0,0.0,2.25,0.75,3.0,4.0,0.75,3.75,3.25,1.55,0.97,3.0,1.82,0.85,2.16,-0.03,-0.01,0.49,1.1,0.91,1.26,0.1,-0.09,1.12,0.97,0.39,0.14,0.2,0.58,-0.19,3.7,4.63,4.45,4.7,2.98,3.57,3.75,3.12,3.0,0.0,0.38,0.0,3.12,3.0,1.12,1.25,2.38,2.25,0.5,3.12,2.25,2.25,2.25,3.12,0.0,2.38,3.0,2.88,3.0,2.75,3.0,1.88
17-3021.00,Aerospace Engineering and Operations Technologists and Technicians,0.225,3,9.3,8.1,0.9,39.436619718309856,False,0.13488624052004333,0.8672806067172264,0.5010834236186349,5,0,0.0,True,Nicht hoch GPT-exponiert,3.0,2.88,3.62,3.0,4.0,2.25,0.0,1.25,0.5,2.0,3.0,3.0,3.38,3.12,0.75,0.38,0.75,2.75,4.0,3.88,3.0,3.12,2.88,2.25,3.75,0.0,3.0,4.5,4.0,3.0,3.38,0.0,4.12,1.25,1.62,1.0,3.25,0.12,0.12,3.0,3.12,2.75,0.0,0.25,1.38,2.75,1.88,2.88,3.75,1.5,4.0,4.0,0.4,1.68,2.77,2.58,1.28,2.65,-0.05,0.32,0.92,1.25,2.1,1.86,0.14,0.18,1.8,1.15,1.56,0.55,0.31,1.55,0.64,4.02,4.69,4.06,4.96,3.09,2.61,4.47,3.38,2.88,3.38,2.38,1.88,3.0,3.25,1.62,1.62,2.75,2.62,2.88,2.75,3.5,2.88,1.62,3.62,3.0,2.75,3.0,3.12,3.12,1.38,3.25,3.12
17-3022.00,Civil Engineering Technologists and Technicians,0.4772727272727273,3,64.9,2.1,5.5,76.1646803900325,False,0.48808234019501623,0.41765980498374866,0.4528710725893824,5,1,0.2,True,Nicht hoch GPT-exponiert,1.88,2.12,3.5,2.0,4.0,1.88,0.0,0.5,0.0,0.0,3.25,2.38,3.12,3.12,0.5,0.0,0.0,2.12,3.75,3.88,1.88,3.75,2.5,1.25,3.88,0.62,3.38,4.12,4.0,2.88,2.88,0.38,3.88,0.62,1.12,0.75,3.0,0.38,1.12,3.12,3.25,2.88,0.0,0.0,0.0,2.62,1.12,2.38,4.0,0.88,4.0,4.0,1.63,0.94,2.67,1.93,1.26,2.39,0.01,0.29,0.8,0.82,1.76,1.38,0.34,0.09,1.43,0.99,0.61,0.53,0.41,1.07,0.41,4.54,4.95,3.92,3.99,3.26,3.7,3.39,3.25,3.0,0.0,0.25,0.0,2.38,3.12,1.62,2.0,2.25,2.75,2.0,3.0,2.38,2.38,1.0,2.0,0.0,2.62,2.88,3.0,2.75,0.75,2.88,0.88
17-3023.00,Electrical and Electronic Engineering Technologists and Technicians,0.330188679245283,3,93.7,0.6,8.4,53.304442036836406,False,0.5644637053087758,0.29360780065005415,0.429035752979415,5,0,0.0,True,Nicht hoch GPT-exponiert,3.0,2.5,3.38,2.62,3.75,2.38,0.25,1.38,0.75,2.38,3.0,3.25,3.25,3.12,0.38,1.0,1.0,2.12,3.62,3.75,2.62,2.88,2.62,1.75,3.88,0.0,2.75,4.12,4.0,3.25,3.12,0.62,3.25,1.0,1.62,0.38,2.75,1.25,0.75,3.0,3.0,2.62,0.0,0.88,1.12,2.38,2.0,3.5,3.88,1.62,4.12,3.62,1.66,1.38,2.77,2.06,1.2,2.47,-0.01,0.12,1.02,1.52,1.7,1.89,0.23,0.34,1.7,1.02,1.08,0.44,0.36,1.07,0.85,4.03,4.71,4.43,4.39,3.13,2.53,3.56,3.25,2.88,2.88,2.62,1.88,2.88,3.12,1.88,1.88,2.38,2.25,2.5,1.25,3.25,2.25,1.25,3.0,3.5,2.88,2.62,2.88,2.88,1.62,2.75,3.5
17-3024.00,Electro-Mechanical and Mechatronics Technologists and Technicians,0.2317073170731707,3,15.0,1.1,1.3,40.30335861321777,False,0.19393282773564463,0.319068255687974,0.2565005417118093,5,1,0.2,True,Nicht hoch GPT-exponiert,3.88,3.25,3.12,4.12,3.88,2.62,0.0,1.12,0.88,1.75,3.5,3.88,3.25,3.12,1.75,2.0,1.12,3.12,3.88,3.88,3.38,3.0,2.88,3.12,4.0,0.75,3.0,3.88,3.88,3.12,3.62,1.12,3.62,2.25,3.62,2.5,3.25,1.25,1.75,3.0,3.0,2.88,1.25,1.62,2.75,2.88,2.62,3.62,4.0,2.0,3.75,3.25,1.66,1.51,2.67,2.03,0.68,2.47,-0.12,0.12,0.92,1.25,1.57,1.93,-0.22,0.07,1.61,1.05,0.85,0.18,-0.23,1.29,0.54,4.31,4.74,3.55,4.62,3.4,2.78,4.35,3.12,3.0,3.62,3.12,3.38,3.12,3.12,1.0,1.62,2.88,1.75,4.0,2.25,4.0,1.88,2.62,3.75,3.88,2.25,2.88,3.12,3.12,1.5,3.0,4.0
17-3024.01,Robotics Technicians,0.2105263157894736,3,15.0,1.1,1.3,38.29902491874323,False,0.19393282773564463,0.319068255687974,0.2565005417118093,5,0,0.0,True,Nicht hoch GPT-exponiert,3.88,2.62,3.62,4.0,4.12,2.88,0.25,1.88,0.88,2.38,3.0,4.12,3.38,3.12,1.88,1.88,1.75,2.5,4.0,4.0,3.88,3.0,3.12,2.88,4.12,1.38,3.0,4.0,4.0,3.25,3.25,1.62,4.0,2.75,3.0,2.62,3.25,1.88,1.75,3.12,3.38,3.12,1.62,1.88,2.62,2.75,2.38,3.62,3.88,2.5,4.25,3.88,1.69,1.68,2.57,1.99,0.95,2.39,-0.06,-0.08,1.05,1.49,1.57,1.82,0.23,0.34,1.67,1.13,0.92,0.37,0.07,1.16,1.01,3.91,4.73,4.23,4.59,3.14,2.36,3.68,3.62,3.12,3.88,3.25,3.25,3.12,3.12,1.0,1.25,2.38,2.25,3.62,2.25,3.88,2.62,2.75,3.88,4.0,3.0,2.75,3.12,3.25,2.88,2.88,4.0
17-3025.00,Environmental Engineering Technologists and Technicians,0.4342105263157894,4,12.9,1.2,1.1,70.09750812567714,False,0.1635969664138678,0.33098591549295775,0.24729144095341277,5,0,0.0,True,Nicht hoch GPT-exponiert,3.0,2.0,4.0,3.0,3.88,2.12,0.0,1.88,0.5,2.12,3.12,2.88,3.12,3.12,1.75,1.75,1.75,2.0,4.0,4.0,2.75,3.5,2.88,2.62,4.0,1.12,3.5,4.5,4.0,3.0,3.0,1.25,4.12,1.88,2.75,2.0,3.12,1.25,1.88,3.12,3.38,2.88,1.12,1.88,2.25,2.88,2.12,3.12,3.25,1.88,4.75,4.0,1.6,1.26,2.67,2.17,1.47,2.5,0.04,0.45,0.9,1.1,1.99,1.82,0.12,0.24,1.64,0.94,1.28,0.63,0.18,1.35,1.1,4.42,4.72,3.57,3.93,2.86,2.97,3.5,3.38,3.0,2.0,2.25,0.0,2.88,3.62,2.12,2.75,3.0,2.75,2.75,3.0,3.12,2.88,2.0,3.38,2.25,2.88,3.0,3.0,3.0,1.88,3.12,2.62
17-3026.00,Industrial Engineering Technologists and Technicians,0.375,3,74.6,1.7,6.3,61.159263271939324,False,0.5124593716143012,0.37378114842903576,0.4431202600216685,5,0,0.0,True,Nicht hoch GPT-exponiert,2.38,2.12,3.75,2.12,4.0,2.0,0.38,0.38,0.0,0.38,3.12,2.38,3.0,3.75,0.5,0.88,0.5,2.12,4.0,3.75,1.88,3.62,2.62,1.75,3.88,0.38,3.38,4.0,4.0,3.62,3.0,0.38,3.88,1.38,2.0,1.38,3.0,0.5,0.62,3.12,3.25,2.75,1.12,1.12,0.62,2.75,1.75,2.62,3.75,1.75,4.0,3.88,1.69,1.22,2.67,1.76,1.08,2.19,0.08,0.32,0.95,1.15,1.54,1.41,0.32,0.16,1.43,0.8,0.92,0.5,0.45,1.02,0.43,4.51,4.73,4.32,4.26,3.06,2.79,3.91,3.88,3.25,2.0,1.62,0.0,3.12,4.0,1.5,2.12,2.75,2.88,0.88,3.25,2.5,3.25,1.62,3.0,3.0,2.75,3.12,3.75,3.75,3.12,3.38,1.25
17-3026.01,Nanotechnology Engineering Technologists and Technicians,0.3617021276595744,4,74.6,1.7,6.3,58.0715059588299,False,0.5124593716143012,0.37378114842903576,0.4431202600216685,5,0,0.0,True,Nicht hoch GPT-exponiert,3.62,2.25,4.5,3.12,4.12,2.0,0.0,1.12,1.25,2.12,3.12,3.38,3.25,3.62,1.12,1.25,0.88,2.25,3.88,4.38,2.38,3.38,2.75,2.0,4.38,1.12,3.62,4.88,4.88,3.38,3.25,1.62,4.12,2.25,2.5,1.88,3.5,1.62,1.38,3.25,3.12,3.0,0.0,1.0,1.38,2.75,2.12,3.12,3.25,1.75,4.88,4.5,1.95,2.05,3.0,2.62,1.26,2.65,-0.05,0.56,0.95,1.72,2.1,2.12,0.12,0.32,1.64,0.92,1.28,0.57,-0.07,1.14,1.31,4.3,4.65,4.1,4.55,3.55,2.3,3.35,3.62,3.25,3.25,2.75,0.0,3.25,3.25,1.25,2.12,2.0,2.12,3.12,1.62,3.38,2.5,1.88,3.5,3.25,2.25,2.62,3.5,2.88,2.0,2.88,3.5
17-3027.00,Mechanical Engineering Technologists and Technicians,0.4081632653061224,3,38.3,0.0,3.2,66.35969664138678,False,0.36836403033586135,0.2681473456121343,0.31825568797399784,5,1,0.2,True,Nicht hoch GPT-exponiert,3.0,2.75,4.25,3.0,4.12,2.0,0.0,1.88,1.62,2.62,3.0,3.12,3.38,3.12,1.38,2.0,1.38,2.75,4.0,4.12,2.88,3.5,2.88,2.88,4.0,1.25,3.88,4.0,4.0,3.25,3.25,1.0,4.0,2.25,3.12,2.5,3.25,1.25,1.62,3.12,3.62,2.62,1.0,1.75,2.12,2.62,2.62,3.25,3.88,2.12,4.25,3.88,1.69,1.35,2.67,1.96,1.23,2.47,-0.01,0.19,1.05,1.94,1.7,1.93,0.27,0.34,1.67,1.13,0.97,0.57,0.5,1.02,1.06,4.56,4.71,4.04,4.17,3.73,2.59,4.08,3.5,3.12,2.88,2.75,0.5,3.0,3.38,1.25,1.25,2.75,2.5,3.0,3.0,3.25,3.0,1.38,3.25,2.88,2.75,3.12,3.25,3.25,2.38,3.12,3.25
17-3027.01,Automotive Engineering Technicians,0.2222222222222222,3,38.3,0.0,3.2,38.894907908992415,False,0.36836403033586135,0.2681473456121343,0.31825568797399784,5,0,0.0,True,Nicht hoch GPT-exponiert,3.0,2.5,3.5,3.12,3.75,2.38,0.0,1.5,2.0,2.62,3.0,3.12,3.38,3.5,1.62,1.75,1.25,2.5,3.5,3.5,2.62,3.0,2.38,3.0,3.5,1.62,2.62,4.0,3.75,3.25,3.25,1.75,3.75,2.0,2.62,2.62,3.25,1.88,2.12,3.12,3.0,2.75,0.0,1.25,2.12,2.75,2.5,2.88,3.25,2.25,4.0,3.38,1.6,1.65,2.57,1.93,0.87,2.47,-0.05,0.1,1.07,1.77,1.7,1.86,0.02,0.09,1.67,0.92,0.61,0.41,0.16,1.09,1.06,4.19,4.89,3.56,4.41,3.52,2.46,3.81,3.25,3.0,3.0,2.88,2.38,2.62,3.25,1.5,2.0,2.25,2.25,2.88,2.25,3.0,2.62,1.88,3.25,3.12,2.12,2.5,2.88,2.88,1.75,2.62,3.12
17-3029.01,Non-Destructive Testing Specialists,0.2758620689655172,2,67.3,1.5,5.7,45.937161430119176,False,0.5,0.3531960996749729,0.42659804983748645,5,0,0.0,True,Nicht hoch GPT-exponiert,3.0,2.75,3.25,3.12,4.0,2.75,0.0,2.0,0.88,2.62,3.62,2.88,3.62,2.88,2.0,2.0,2.12,2.12,4.12,3.5,3.0,3.0,2.88,3.0,4.0,0.88,3.0,4.0,3.88,2.88,3.12,1.25,4.25,2.0,2.75,2.0,3.0,1.75,1.88,3.0,3.0,3.12,0.88,2.0,2.12,3.0,2.62,3.0,3.12,2.0,3.75,3.75,1.71,1.22,3.0,2.62,0.9,2.65,-0.36,0.24,0.74,0.37,2.32,1.35,0.61,-0.18,1.58,1.15,1.25,0.65,-0.16,1.58,0.52,3.95,4.67,4.09,4.55,3.52,3.23,4.32,3.0,2.88,2.75,2.38,0.0,3.0,3.0,0.5,1.12,3.0,2.25,3.0,0.88,3.12,2.5,0.62,4.0,2.0,2.5,3.0,3.12,3.0,0.88,2.88,2.88
17-3029.08,Photonics Technicians,0.2444444444444444,3,67.3,1.5,5.7,42.03683640303358,False,0.5,0.3531960996749729,0.42659804983748645,5,0,0.0,True,Nicht hoch GPT-exponiert,3.12,2.38,3.12,3.38,3.12,2.62,0.0,0.88,0.75,1.12,3.0,3.75,2.75,3.0,0.38,0.5,0.5,2.75,3.0,3.38,3.0,2.88,2.38,3.0,3.88,0.0,2.88,4.0,3.75,2.88,3.0,0.0,3.5,2.0,2.62,1.88,3.0,0.0,0.25,3.0,3.0,2.62,0.0,0.62,2.0,2.5,2.12,3.0,3.12,2.0,3.88,3.38,1.52,1.29,2.67,2.03,1.23,2.53,-0.16,0.22,0.8,1.04,1.63,1.89,0.02,0.15,1.58,0.87,0.95,0.28,-0.09,1.04,0.47,3.9,4.5,3.76,4.23,3.18,3.0,3.77,3.25,3.0,3.0,3.0,3.25,2.75,3.12,1.5,1.75,2.38,2.0,3.0,1.75,3.12,2.0,2.0,3.5,3.0,2.5,2.75,3.0,3.12,2.0,3.0,3.62
17-3031.00,Surveying and Mapping Technicians,0.5106382978723404,3,59.4,4.5,7.6,81.14842903575298,True,0.5433369447453954,0.6923076923076923,0.6178223185265439,5,2,0.4,True,Hoch GPT-exponiert mit guten Wechseloptionen,2.62,1.88,3.12,2.5,3.25,1.88,0.38,1.75,1.5,1.38,3.38,2.38,3.38,3.12,1.5,1.75,1.5,2.0,3.12,3.5,2.5,2.75,2.38,2.25,3.75,0.75,2.75,3.75,3.62,2.5,2.62,0.75,3.12,1.38,2.38,1.62,2.62,0.62,2.12,3.0,3.0,2.12,0.5,1.5,2.0,2.5,2.5,3.0,3.0,1.62,3.5,3.38,1.42,0.76,2.74,1.69,0.87,2.27,-0.13,-0.08,0.65,0.65,1.57,1.38,-0.38,-0.1,1.07,0.87,0.55,0.1,0.04,0.76,0.35,4.02,4.57,4.3,4.61,3.13,3.67,3.7,3.12,3.12,0.0,0.62,0.0,2.88,2.75,0.88,1.25,2.25,2.38,2.5,1.75,2.12,2.62,1.25,2.0,0.12,2.88,2.88,2.5,2.62,1.0,2.88,1.0
19-1011.00,Animal Scientists,0.84375,5,2.8,5.8,0.2,99.94582881906825,True,0.02275189599133261,0.7833152762730228,0.4030335861321777,5,3,0.6,True,Hoch GPT-exponiert mit guten Wechseloptionen,1.25,2.38,4.0,1.75,4.38,2.0,0.0,0.25,0.38,0.38,3.12,1.0,3.0,3.88,1.0,0.75,0.38,1.75,4.75,4.0,0.12,3.38,2.88,2.0,3.88,0.62,3.62,5.0,4.75,3.88,2.88,0.62,4.38,0.5,0.88,1.0,3.0,0.38,1.25,4.0,4.0,2.5,0.0,0.5,1.12,2.75,2.25,2.75,3.0,1.12,5.0,4.88,2.11,1.29,2.31,1.44,1.14,2.27,0.34,0.7,1.56,2.33,1.76,2.54,0.98,0.34,1.7,1.41,0.61,0.82,0.81,0.9,1.35,4.22,4.45,4.39,4.26,2.91,2.09,3.65,4.12,3.12,0.12,0.25,0.0,3.25,4.5,1.62,2.0,3.12,3.0,1.88,2.75,2.75,3.12,1.12,2.75,0.0,3.0,3.25,3.75,3.88,1.12,3.25,1.0
19-1012.00,Food Scientists and Technologists,0.5,4,15.2,6.5,1.2,79.68580715059588,True,0.17876489707475623,0.8293607800650055,0.5040628385698809,5,3,0.6,True,Hoch GPT-exponiert mit guten Wechseloptionen,2.12,2.12,4.12,2.0,4.38,1.38,0.0,0.88,0.62,1.12,3.0,2.5,3.62,4.12,0.0,0.88,0.62,2.12,4.25,4.12,2.0,3.62,2.75,1.88,4.25,0.0,3.5,4.75,4.5,4.0,3.12,0.0,4.75,1.25,2.0,0.62,3.0,0.12,0.0,3.5,3.38,3.12,0.0,1.12,1.12,2.5,2.12,3.38,2.75,1.75,4.75,4.25,2.04,1.86,2.7,2.28,1.38,2.41,0.12,0.53,1.5,2.39,2.17,2.58,1.03,0.3,1.58,1.41,0.97,0.67,0.95,1.11,1.26,3.91,4.9,3.95,4.36,3.35,2.36,3.86,3.88,3.12,0.0,1.12,0.0,3.25,3.88,1.38,1.5,2.75,3.0,2.12,2.5,3.12,3.38,0.62,3.88,0.0,3.0,3.12,3.75,3.75,1.12,3.5,1.75
19-1013.00,Soil and Plant Scientists,0.6304347826086957,5,20.7,5.4,1.7,94.2578548212351,True,0.23672806067172264,0.7589382448537378,0.4978331527627302,5,1,0.2,True,Hoch GPT-exponiert mit begrenzten Wechseloptionen,2.12,2.0,4.12,2.0,4.88,2.12,0.12,1.12,0.25,1.75,3.0,2.62,3.5,4.12,0.88,0.88,0.62,1.75,5.0,4.12,1.88,3.62,2.88,2.0,3.88,0.88,3.12,5.12,5.0,4.0,3.0,0.88,4.38,0.62,0.75,1.0,3.0,0.62,1.12,3.88,3.62,3.0,0.5,1.62,1.88,2.75,2.25,2.88,2.88,1.12,5.12,4.75,1.6,1.79,2.57,1.59,0.53,1.83,0.05,0.7,1.07,2.48,1.7,2.67,1.0,0.09,1.67,1.24,0.68,0.8,1.04,0.95,1.45,3.95,4.48,4.38,3.9,2.43,2.14,3.33,4.25,3.0,0.0,0.0,0.0,3.12,4.25,1.62,2.0,2.62,2.75,2.25,3.75,2.88,3.12,2.0,3.0,0.0,2.88,3.0,3.88,3.88,1.5,2.88,1.0
19-1021.00,Biochemists and Biophysicists,0.4431818181818182,5,35.6,5.8,2.9,70.85590465872156,False,0.34994582881906827,0.7833152762730228,0.5666305525460456,5,0,0.0,True,Nicht hoch GPT-exponiert,2.88,1.75,5.12,2.0,5.0,1.75,0.0,0.12,0.0,0.62,3.12,2.75,3.88,4.75,0.0,0.0,0.0,1.75,5.25,4.25,2.12,4.75,3.12,1.12,4.12,0.0,4.12,5.88,5.5,4.62,3.12,0.0,4.62,0.62,0.75,0.62,3.0,0.0,0.0,5.0,3.25,3.12,0.0,0.0,0.88,2.0,1.75,2.88,3.38,1.75,5.25,5.38,2.14,1.79,3.0,1.82,1.2,2.36,0.27,0.72,1.82,2.61,2.21,3.0,1.24,0.56,1.58,1.24,0.59,0.84,0.7,1.32,1.26,3.75,4.44,4.3,4.75,3.16,2.7,3.3,4.25,3.12,1.12,2.38,0.12,4.38,4.25,1.62,2.0,3.0,2.25,2.12,3.62,2.75,3.0,2.75,3.25,1.12,2.62,3.12,4.0,4.0,2.88,3.5,1.38
19-1022.00,Microbiologists,0.3125,4,20.7,4.1,1.7,51.02925243770314,False,0.23672806067172264,0.6392199349945829,0.4379739978331527,5,1,0.2,True,Nicht hoch GPT-exponiert,3.5,2.0,4.75,3.0,5.0,2.0,0.0,0.5,0.38,0.5,3.25,3.38,4.0,4.12,0.0,0.38,0.38,2.0,5.12,4.12,2.5,3.88,2.75,2.0,4.62,0.0,3.75,5.0,5.0,4.38,3.38,0.0,5.0,1.5,1.88,1.0,3.62,0.0,0.0,3.12,3.88,3.12,0.0,0.5,1.25,2.25,2.0,3.12,3.38,1.75,5.0,5.0,2.14,1.35,3.0,2.39,1.17,2.65,-0.01,0.75,1.41,2.27,2.1,3.0,1.08,0.22,1.67,1.29,0.77,0.6,0.16,1.4,1.35,3.77,4.74,4.0,4.59,3.18,3.32,4.14,4.0,3.5,0.0,0.88,0.0,3.62,3.88,2.12,2.12,3.5,2.88,2.62,2.75,2.75,2.88,1.88,2.88,0.0,3.12,3.12,3.62,3.62,1.38,3.88,1.62
19-1023.00,Zoologists and Wildlife Biologists,0.5238095238095237,4,18.2,1.6,1.4,83.53196099674973,True,0.2047670639219935,0.3607800650054171,0.2827735644637053,5,0,0.0,True,Hoch GPT-exponiert mit begrenzten Wechseloptionen,2.12,2.25,3.88,2.12,4.0,2.12,0.0,1.38,1.12,2.0,3.12,2.25,3.38,3.25,1.5,1.5,1.0,2.88,4.0,3.88,2.0,3.0,2.12,2.0,3.75,1.88,3.12,4.88,4.88,3.12,2.75,1.38,3.88,2.0,1.88,2.0,3.25,1.5,1.88,3.88,3.12,2.75,0.25,1.5,2.0,3.0,2.12,2.88,2.88,1.75,5.0,5.0,1.92,1.79,2.19,1.5,1.84,2.3,0.79,1.06,1.75,2.15,2.1,2.63,1.24,0.71,1.94,1.26,1.31,1.09,1.43,1.29,1.66,4.36,4.52,4.12,4.14,3.25,2.62,3.3,3.88,3.25,0.0,0.0,0.0,3.12,4.12,2.12,2.0,3.0,3.12,2.12,1.5,2.62,3.25,1.12,2.0,0.0,3.0,3.38,3.62,3.12,1.25,3.75,0.88
19-1029.01,Bioinformatics Scientists,0.5454545454545454,5,63.7,1.2,4.8,86.5655471289274,True,0.45449620801733476,0.33098591549295775,0.3927410617551462,5,0,0.0,True,Hoch GPT-exponiert mit begrenzten Wechseloptionen,1.25,2.12,4.12,1.75,4.75,2.12,0.0,0.0,0.0,0.0,3.12,2.75,3.62,4.12,0.0,0.0,0.0,2.62,4.62,4.25,1.38,4.38,3.25,0.0,4.0,0.0,4.25,4.75,4.75,4.25,3.5,0.0,4.62,0.0,0.0,0.0,3.62,0.0,0.25,4.0,3.75,3.38,0.0,0.0,0.0,2.62,0.38,2.62,3.5,0.0,4.88,4.88,2.14,2.3,2.77,1.47,0.98,2.19,0.16,0.58,1.69,2.61,1.96,3.0,0.81,0.24,1.94,1.26,0.42,0.47,0.54,1.11,1.93,3.71,4.87,4.81,4.45,2.37,2.73,3.44,4.25,3.5,0.0,0.62,0.0,3.25,4.25,1.75,2.0,3.12,3.0,0.62,2.12,2.5,3.5,1.75,2.38,0.0,3.0,3.5,3.62,3.75,2.12,3.25,1.88
19-1029.02,Molecular and Cellular Biologists,0.4390243902439024,5,63.7,1.2,4.8,70.47670639219935,False,0.45449620801733476,0.33098591549295775,0.3927410617551462,5,0,0.0,True,Nicht hoch GPT-exponiert,2.75,1.62,4.75,2.5,5.0,1.88,0.0,0.38,0.38,1.0,3.38,2.88,3.75,4.12,0.0,0.0,0.0,1.88,5.38,4.5,2.0,4.5,2.75,1.62,4.5,0.0,4.12,5.75,5.62,4.5,3.0,0.0,4.62,1.0,1.0,0.62,3.25,0.0,0.0,4.25,3.88,3.25,0.0,0.12,0.88,2.5,1.88,2.88,3.0,1.38,5.5,5.38,2.14,1.94,3.0,2.28,1.17,2.59,0.15,0.72,1.75,2.36,2.1,3.0,1.58,0.59,1.97,1.47,0.95,0.76,0.65,1.49,1.62,3.69,4.62,3.92,4.35,2.96,2.85,3.31,4.12,3.62,0.0,1.5,0.0,4.12,4.62,2.62,3.0,3.25,3.0,2.5,3.25,2.88,3.0,2.5,2.88,0.0,2.25,3.38,3.75,3.88,2.0,3.88,1.5
19-1029.03,Geneticists,0.4767441860465116,5,63.7,1.2,4.8,75.94799566630553,False,0.45449620801733476,0.33098591549295775,0.3927410617551462,5,0,0.0,True,Nicht hoch GPT-exponiert,1.88,2.0,4.12,1.88,4.75,1.88,0.0,0.12,0.0,0.0,3.12,2.25,3.5,4.12,0.0,0.0,0.0,2.12,4.88,4.0,1.88,4.0,2.62,0.75,4.12,0.0,3.75,5.0,5.0,4.0,2.88,0.0,4.75,0.0,0.62,0.25,2.88,0.0,0.0,3.88,3.38,2.75,0.0,0.0,0.12,2.62,1.75,2.88,2.88,1.5,5.12,5.0,2.24,1.94,3.0,2.14,1.7,2.36,0.39,0.72,1.79,2.51,2.32,3.0,1.45,0.45,1.94,1.41,1.14,0.88,1.09,1.29,1.89,3.68,4.6,4.64,4.64,2.92,2.72,2.92,4.0,3.25,0.0,0.12,0.0,3.75,4.0,2.12,2.12,3.12,3.0,0.88,1.5,2.75,3.12,1.12,2.62,0.0,2.88,3.75,3.62,3.12,1.12,3.5,1.12
19-1029.04,Biologists,0.3823529411764705,5,63.7,1.2,4.8,62.13434452871073,False,0.45449620801733476,0.33098591549295775,0.3927410617551462,5,1,0.2,True,Nicht hoch GPT-exponiert,2.75,2.0,5.0,1.75,4.88,1.88,0.0,0.62,0.12,0.88,3.75,2.62,4.0,4.0,0.5,1.0,0.88,1.75,5.0,4.0,2.0,4.25,3.0,1.88,4.12,0.25,3.25,5.0,5.12,3.88,3.0,0.62,4.12,0.5,0.62,0.12,3.0,0.62,0.38,4.12,4.12,3.0,0.0,0.75,1.12,2.12,1.75,3.0,3.0,0.88,5.12,5.0,1.95,1.29,2.53,1.5,1.7,2.08,0.43,0.75,1.41,2.3,2.03,3.0,1.29,0.43,1.58,1.24,0.75,0.92,1.29,0.95,1.41,4.0,4.37,4.42,3.53,3.19,3.01,3.29,4.0,3.0,0.0,0.0,0.0,3.88,4.0,2.0,1.88,3.12,2.5,0.88,1.38,1.62,3.0,3.75,2.75,0.0,2.75,3.0,3.0,3.0,0.62,3.62,0.62
19-1031.00,Conservation Scientists,0.5508474576271186,4,28.5,3.4,2.5,86.78223185265439,True,0.3120260021668472,0.5579631635969664,0.43499458288190684,5,0,0.0,True,Hoch GPT-exponiert mit begrenzten Wechseloptionen,2.38,2.12,3.62,2.25,3.88,2.12,0.62,1.88,1.88,1.75,3.0,2.12,3.5,3.62,1.38,1.88,1.62,1.88,3.62,3.75,2.12,3.12,2.75,2.12,3.5,1.62,3.12,4.12,3.88,3.62,2.62,1.62,3.62,1.5,1.75,1.5,2.75,1.0,1.75,3.25,3.25,3.25,0.5,2.0,2.12,2.75,2.5,2.62,3.0,2.12,4.5,4.12,1.63,1.75,2.25,2.1,1.77,2.27,0.64,1.03,1.56,2.09,2.24,2.08,1.64,0.79,1.94,1.44,1.53,1.46,1.24,1.27,1.26,3.91,4.43,4.09,3.7,2.91,1.96,3.3,3.75,3.38,0.25,0.5,0.25,3.12,3.5,2.12,2.5,2.88,2.75,1.75,2.12,2.0,3.12,1.25,1.62,0.25,3.0,3.25,3.12,3.25,1.12,3.25,1.62
19-1031.02,Range Managers,0.4032258064516129,4,28.5,3.4,2.5,65.22210184182016,False,0.3120260021668472,0.5579631635969664,0.43499458288190684,5,0,0.0,True,Nicht hoch GPT-exponiert,2.0,2.0,3.62,2.38,4.12,2.75,0.0,1.75,0.0,1.75,3.25,2.0,3.0,3.75,2.0,1.62,0.75,2.12,4.12,3.38,2.0,3.12,2.0,2.75,3.25,0.88,3.12,4.12,4.38,3.62,2.25,1.38,4.12,1.62,1.5,2.0,2.88,0.88,2.25,3.12,3.12,2.0,0.62,1.62,2.0,2.12,2.12,3.0,3.0,1.12,4.12,4.12,1.74,1.72,1.94,1.76,1.77,2.3,0.79,0.84,1.79,1.52,2.13,1.89,1.84,0.74,1.83,1.6,1.5,1.11,1.06,1.14,1.39,4.6,4.9,4.28,3.43,2.85,2.58,3.31,4.12,3.62,0.5,0.62,0.0,3.0,3.88,1.75,2.25,3.0,3.62,2.62,3.12,2.38,3.0,0.62,2.62,0.62,3.38,3.0,3.62,3.38,0.88,3.0,1.25
19-1031.03,Park Naturalists,0.4848484848484848,4,28.5,3.4,2.5,77.24810400866738,False,0.3120260021668472,0.5579631635969664,0.43499458288190684,5,2,0.4,True,Nicht hoch GPT-exponiert,2.12,2.38,3.12,2.0,3.38,2.12,0.0,1.75,1.25,1.88,3.12,1.88,3.0,3.25,1.75,1.75,1.12,2.12,3.12,3.25,1.88,2.0,2.75,2.0,3.12,1.62,2.12,4.12,4.38,3.25,3.0,1.5,3.38,1.38,1.38,1.62,3.0,1.25,2.0,4.12,3.75,2.38,0.0,1.88,2.12,3.0,2.25,2.88,3.0,1.25,4.12,4.12,1.52,0.6,1.44,0.08,1.63,2.47,0.86,1.12,1.75,1.55,1.73,2.01,0.83,1.86,0.57,0.75,1.7,0.96,2.31,1.24,0.49,4.43,4.53,3.69,2.73,3.48,2.5,2.9,3.25,3.12,0.5,0.25,0.0,3.25,3.25,1.5,2.0,3.0,2.62,2.0,2.88,2.0,2.88,0.5,2.0,0.12,3.38,3.5,2.25,2.5,1.25,2.88,1.62
19-1032.00,Foresters,0.3676470588235294,4,13.8,1.2,1.1,59.154929577464785,False,0.1635969664138678,0.33098591549295775,0.24729144095341277,5,0,0.0,True,Nicht hoch GPT-exponiert,2.88,2.62,4.0,2.75,4.0,2.75,0.0,2.25,1.38,2.25,3.5,2.0,3.88,3.62,2.0,2.0,2.0,2.25,4.0,4.0,2.0,3.25,2.75,3.0,3.88,2.0,3.12,4.12,4.12,3.62,2.75,2.0,4.0,1.88,2.25,2.12,2.88,1.25,2.62,3.0,3.12,2.88,0.88,2.12,2.75,3.0,3.0,2.75,3.25,1.38,4.12,4.0,1.8,1.72,2.02,2.03,1.74,2.36,0.45,0.5,1.69,1.41,2.1,1.68,2.16,0.64,1.9,1.5,1.25,0.98,0.95,1.32,1.24,4.44,4.4,4.64,3.94,2.98,2.22,3.11,4.12,3.88,1.0,1.62,0.0,3.0,4.12,2.5,2.88,3.5,3.75,3.0,2.88,3.0,3.38,0.75,2.25,0.88,3.12,3.25,4.0,3.75,1.88,3.75,1.5
19-1041.00,Epidemiologists,0.5576923076923077,5,12.3,16.2,0.8,87.32394366197182,True,0.11755146262188516,0.9696641386782232,0.5436078006500542,5,2,0.4,True,Hoch GPT-exponiert mit guten Wechseloptionen,0.0,1.25,4.5,0.0,5.0,0.5,0.0,0.0,0.0,0.0,3.12,1.38,3.75,4.12,0.0,0.12,0.0,0.75,5.0,4.12,0.12,4.0,2.88,0.0,3.88,0.0,3.75,5.25,5.12,4.12,3.0,0.0,4.75,0.0,0.0,0.0,3.0,0.0,0.0,4.0,3.88,3.25,0.0,0.0,0.0,2.5,1.12,2.5,3.12,0.62,5.25,5.0,2.14,2.21,2.7,2.28,2.14,2.59,1.3,1.09,1.79,1.8,2.47,2.67,1.5,0.59,1.9,1.5,1.8,1.6,1.45,1.8,1.95,4.21,4.67,4.58,4.68,2.74,2.21,3.58,4.5,4.12,0.0,0.25,0.0,3.88,4.38,1.88,1.75,3.5,2.88,0.0,3.5,0.62,3.62,0.75,0.62,0.0,3.62,4.12,4.12,4.12,0.38,3.75,0.0
19-1042.00,"Medical Scientists, Except Epidemiologists",0.5681818181818182,5,165.3,8.7,9.6,88.29902491874323,True,0.6056338028169014,0.8965330444203684,0.7510834236186349,5,2,0.4,True,Hoch GPT-exponiert mit guten Wechseloptionen,2.38,1.75,4.25,2.25,4.88,1.38,0.0,0.38,0.0,0.12,3.0,2.88,3.75,4.0,0.0,0.0,0.0,1.75,5.25,4.25,2.12,4.0,3.0,0.25,3.88,0.0,3.75,5.12,5.12,4.0,3.0,0.0,5.0,0.0,0.0,0.0,3.12,0.0,0.0,4.25,3.75,3.0,0.0,0.0,0.0,2.88,0.88,3.0,2.88,0.75,5.12,5.0,2.24,1.79,3.0,2.54,1.26,2.65,0.6,0.72,1.79,2.36,2.36,3.0,1.26,0.64,2.12,1.38,1.56,1.23,0.75,1.73,1.58,4.67,4.84,4.41,4.57,3.1,3.0,3.69,4.62,3.0,0.0,0.75,0.0,4.0,4.25,1.5,1.75,3.25,2.88,1.12,3.62,2.62,3.0,1.62,2.75,0.0,3.0,3.25,4.0,4.12,0.75,3.62,0.75
19-2011.00,Astronomers,0.421875,5,1.8,2.2,0.1,67.82231852654388,False,0.011375947995666305,0.43066088840736727,0.2210184182015168,5,0,0.0,True,Nicht hoch GPT-exponiert,0.5,1.5,4.12,0.25,4.75,1.88,0.0,0.0,0.0,0.0,4.0,0.75,4.38,4.25,0.0,0.0,0.0,1.5,4.88,4.25,0.25,4.88,2.62,0.0,4.12,0.75,4.38,5.12,5.0,4.12,3.12,0.0,4.0,0.0,0.0,0.0,3.38,0.0,0.62,3.88,3.5,2.62,0.0,0.0,0.0,2.62,1.25,3.0,3.12,0.5,5.0,5.0,2.21,1.65,2.5,1.38,1.47,2.14,0.52,0.7,1.75,2.55,2.06,3.0,1.26,0.64,2.15,1.83,1.0,0.88,1.27,1.14,1.99,3.57,4.14,4.83,4.26,2.7,1.52,2.91,4.0,3.12,0.38,0.75,0.0,3.62,3.88,2.5,2.0,3.0,2.62,1.0,3.12,2.0,3.12,2.0,1.0,0.12,3.0,3.12,3.0,3.0,2.0,3.0,0.38
19-2012.00,Physicists,0.6363636363636364,5,24.6,4.0,1.7,94.8537378114843,True,0.23672806067172264,0.628385698808234,0.43255687973997836,5,1,0.2,True,Hoch GPT-exponiert mit begrenzten Wechseloptionen,0.0,2.25,5.12,0.0,5.5,2.12,0.0,0.0,0.0,0.0,3.62,2.0,3.88,5.12,0.0,0.0,0.0,2.12,5.5,5.0,0.0,5.88,3.38,0.0,4.0,0.0,5.5,5.88,5.75,5.25,3.25,0.0,4.88,0.0,0.0,0.0,4.0,0.0,0.25,5.0,4.0,3.88,0.0,0.0,0.0,2.88,1.0,2.88,4.25,0.25,5.5,5.62,2.17,1.35,2.53,1.5,0.68,2.14,0.04,0.24,1.53,2.61,2.1,3.0,0.64,0.13,1.87,1.6,0.57,0.53,0.45,0.95,1.91,3.39,4.36,4.42,3.78,2.53,2.0,3.05,4.88,3.38,0.0,1.5,0.12,4.62,4.5,2.12,2.25,3.12,2.75,0.62,3.62,2.38,3.5,3.88,3.25,0.0,3.0,3.12,4.0,3.88,3.38,3.62,2.0
19-2021.00,Atmospheric and Space Scientists,0.6086956521739131,4,9.4,0.7,0.7,92.84940411700975,True,0.10184182015167931,0.30119176598049835,0.20151679306608883,5,0,0.0,True,Hoch GPT-exponiert mit begrenzten Wechseloptionen,0.38,1.75,3.88,0.0,4.25,0.62,0.0,0.38,0.0,0.0,3.0,0.38,3.88,3.5,0.0,0.0,0.0,1.62,4.25,4.0,0.25,4.0,2.88,0.0,4.0,0.0,3.38,5.0,5.0,3.12,3.0,0.0,4.0,0.0,0.0,0.0,2.88,0.0,0.0,4.0,3.5,2.88,0.0,0.0,0.0,2.88,1.12,2.88,2.5,0.62,5.0,4.75,2.14,1.98,2.67,1.79,0.87,2.47,0.16,0.32,1.1,1.97,1.92,2.45,0.73,0.28,1.74,1.5,1.22,0.7,0.63,1.52,2.01,3.9,4.6,3.95,3.95,2.6,2.8,3.95,4.0,3.12,0.0,0.0,0.0,3.5,3.88,1.25,1.25,2.88,2.75,0.12,2.75,1.88,2.88,1.75,0.75,0.0,2.88,3.25,3.62,3.0,1.38,3.0,0.0
19-2031.00,Chemists,0.4,4,86.8,4.9,6.3,64.68039003250271,False,0.5124593716143012,0.723726977248104,0.6180931744312026,5,1,0.2,True,Nicht hoch GPT-exponiert,3.0,2.25,4.38,2.88,4.88,2.0,0.0,0.38,0.25,0.88,2.88,3.25,3.5,3.62,0.0,0.5,0.75,2.25,4.88,4.25,2.62,4.12,2.88,2.12,4.0,0.0,4.12,4.88,5.0,3.38,3.0,0.0,4.12,0.62,1.38,1.38,3.0,0.0,0.12,3.62,3.5,2.88,0.0,0.62,1.38,2.38,2.25,3.5,3.5,1.12,4.88,4.88,2.14,1.51,3.0,2.35,1.08,2.53,-0.02,0.29,1.41,2.39,2.1,3.0,0.73,0.34,1.61,1.07,0.95,0.52,0.16,1.22,1.43,3.82,4.74,4.44,4.67,3.09,2.34,3.79,4.12,3.0,2.5,2.5,0.0,3.5,3.5,1.5,2.25,3.0,2.0,2.12,2.88,2.88,2.38,1.88,3.38,2.0,2.38,2.75,3.25,3.38,1.0,3.12,2.62
19-2032.00,Materials Scientists,0.5172413793103449,4,8.7,4.9,0.6,82.06933911159263,True,0.08559046587215602,0.723726977248104,0.40465872156013,5,0,0.0,True,Hoch GPT-exponiert mit begrenzten Wechseloptionen,1.88,2.0,4.38,1.5,4.88,1.75,0.0,0.0,0.0,0.0,3.0,1.38,3.62,3.88,0.0,0.0,0.0,1.88,4.75,4.0,1.12,3.88,2.5,0.25,4.0,0.0,3.38,4.88,5.0,4.12,3.0,0.0,4.0,0.88,0.88,0.25,3.0,0.0,0.0,3.0,3.0,2.75,0.0,0.0,0.0,2.5,0.88,2.75,3.5,1.12,4.88,4.88,2.14,1.65,2.67,1.99,1.03,2.19,-0.02,0.5,1.5,2.48,1.86,3.0,0.83,0.4,1.77,1.41,0.57,0.6,0.41,1.09,1.6,3.81,4.48,3.76,4.1,3.0,1.65,3.38,4.12,3.0,0.5,0.62,0.0,3.12,3.88,1.75,2.12,3.0,2.62,1.88,3.88,2.75,3.12,1.0,3.0,0.38,2.75,3.0,3.12,3.25,1.62,3.12,1.75
19-2041.00,"Environmental Scientists and Specialists, Including Health",0.7258064516129032,4,90.3,4.4,8.5,98.59154929577466,True,0.570964247020585,0.676056338028169,0.623510292524377,5,2,0.4,True,Hoch GPT-exponiert mit guten Wechseloptionen,1.38,2.0,4.0,1.5,4.12,2.0,0.0,0.5,0.12,0.5,3.25,1.5,3.75,3.62,0.88,0.5,0.5,2.0,4.62,4.0,0.88,3.62,2.75,1.5,3.5,0.75,3.62,5.0,4.88,3.62,2.88,0.62,4.62,0.5,0.75,0.5,3.12,0.5,1.38,3.75,3.75,3.0,0.38,0.25,0.38,2.62,0.88,2.62,2.75,0.25,5.0,4.5,2.01,1.94,2.67,2.1,1.74,2.47,0.82,0.58,1.59,2.03,2.43,2.41,1.34,0.59,1.67,1.44,1.34,1.33,1.38,1.32,1.56,4.05,4.62,3.71,3.9,2.77,2.51,3.79,4.0,3.5,0.0,0.0,0.0,3.75,3.75,2.25,2.12,3.12,3.0,2.0,2.88,3.0,3.0,2.38,2.62,0.0,3.12,3.5,3.62,3.5,1.5,3.75,2.0
19-2042.00,"Geoscientists, Except Hydrologists and Geographers",0.4777777777777778,5,25.1,3.2,2.0,76.38136511375949,False,0.2638136511375948,0.5330444203683641,0.39842903575297944,5,0,0.0,True,Nicht hoch GPT-exponiert,1.75,1.75,4.25,2.0,4.38,2.0,0.0,0.88,0.12,0.75,3.38,1.5,3.5,3.88,0.75,0.88,0.75,1.38,4.5,4.12,1.0,4.25,2.38,2.0,4.0,0.75,3.5,5.12,5.0,3.38,3.0,0.88,4.25,0.88,1.0,1.12,2.88,0.62,1.25,4.12,3.38,2.88,0.38,0.88,1.0,2.0,1.38,2.88,3.25,1.25,5.0,4.38,2.04,1.51,2.63,1.69,0.75,2.16,-0.02,0.56,1.41,2.27,1.79,2.72,0.9,0.26,1.67,1.6,0.73,0.62,0.36,1.16,1.83,3.75,4.53,4.22,3.77,2.56,2.13,3.44,4.12,3.25,0.0,1.12,0.0,3.0,4.0,1.12,0.75,2.62,2.62,1.75,3.12,1.88,2.88,1.62,2.0,0.0,2.5,3.12,3.5,3.38,0.75,2.88,0.62
19-2043.00,Hydrologists,0.53125,5,6.3,-0.1,0.5,84.77789815817984,True,0.06988082340195016,0.2611050920910076,0.16549295774647887,5,1,0.2,True,Hoch GPT-exponiert mit begrenzten Wechseloptionen,2.0,2.0,4.0,2.12,4.5,2.12,0.0,1.12,0.75,1.38,3.25,2.25,3.75,4.12,0.25,1.12,1.12,1.88,4.62,3.88,1.62,4.38,2.75,2.0,3.88,0.25,4.0,5.0,4.88,4.12,3.12,0.38,4.25,0.25,0.38,0.5,2.88,0.38,1.5,3.5,3.38,2.88,0.12,1.38,1.62,2.25,1.88,2.62,3.62,1.12,5.0,4.62,1.98,1.48,2.63,1.99,1.31,2.39,0.2,0.45,1.44,2.03,2.1,2.58,1.11,0.26,1.64,1.41,0.92,0.74,0.43,0.97,1.6,3.91,4.55,4.14,4.18,2.57,2.04,3.35,4.12,3.12,2.0,1.62,1.88,3.12,3.75,1.5,1.75,2.88,3.0,1.88,2.62,2.38,3.25,2.62,2.88,1.38,2.88,3.0,3.75,3.62,1.0,3.25,2.0
19-2099.01,Remote Sensing Scientists and Technologists,0.4456521739130434,4,31.9,0.6,2.0,71.397616468039,False,0.2638136511375948,0.29360780065005415,0.2787107258938245,5,0,0.0,True,Nicht hoch GPT-exponiert,1.88,1.75,4.12,2.12,4.62,1.88,0.0,0.12,0.0,0.12,2.88,1.88,3.38,3.88,0.0,0.12,0.0,2.0,4.5,4.12,1.62,4.25,2.62,0.0,3.88,0.0,4.0,4.75,4.75,3.88,3.0,0.0,4.12,0.25,0.5,0.0,3.0,0.0,0.5,3.62,3.25,2.38,0.0,0.0,0.12,2.38,1.38,2.62,3.25,0.5,4.88,4.62,2.01,1.9,2.67,1.76,1.11,2.25,-0.03,0.34,1.59,2.51,1.96,2.41,1.0,0.24,1.61,1.07,0.77,0.49,0.31,1.16,1.89,3.64,4.21,4.12,4.76,2.79,2.72,3.44,4.12,3.0,0.0,0.5,0.0,3.38,4.12,1.38,1.75,3.0,2.62,1.62,3.62,2.5,2.88,2.75,1.75,0.0,2.88,3.0,3.88,3.88,2.38,3.12,0.75
19-3011.00,Economists,0.4583333333333333,5,17.6,1.2,0.9,73.02275189599133,False,0.13488624052004333,0.33098591549295775,0.23293607800650054,5,0,0.0,True,Nicht hoch GPT-exponiert,0.0,0.75,3.25,0.0,4.5,0.5,0.0,0.0,0.0,0.0,2.5,0.38,2.75,4.0,0.0,0.0,0.0,1.0,4.38,3.75,0.0,4.38,2.88,0.0,3.75,0.0,4.12,4.88,4.88,3.5,2.12,0.0,4.0,0.0,0.0,0.0,2.75,0.0,0.0,4.25,3.75,2.12,0.0,0.0,0.0,2.0,1.0,1.25,2.12,0.38,5.0,5.0,2.17,1.44,2.53,1.76,0.87,2.14,0.35,-0.23,1.53,1.89,2.13,3.0,1.24,0.22,1.58,1.7,1.19,0.53,0.59,1.35,1.89,3.5,4.43,4.61,4.08,2.5,1.46,3.62,4.12,3.0,0.0,0.0,0.0,3.12,4.12,1.0,0.75,2.38,2.5,0.0,2.75,0.62,3.5,1.88,0.25,0.0,3.0,3.0,3.88,3.62,0.38,3.0,0.0
19-3022.00,Survey Researchers,0.84375,5,8.8,-5.2,0.7,99.94582881906825,True,0.10184182015167931,0.1180931744312026,0.10996749729144095,5,1,0.2,True,Hoch GPT-exponiert mit begrenzten Wechseloptionen,0.12,1.12,4.0,0.12,4.5,0.38,0.0,0.0,0.0,0.0,3.0,0.5,3.12,3.75,0.0,0.0,0.0,1.0,4.62,4.12,0.25,4.25,2.62,0.0,4.25,0.0,4.12,4.38,4.5,3.25,2.5,0.0,3.62,0.0,0.0,0.0,2.88,0.0,0.12,4.0,4.0,2.88,0.0,0.0,0.0,2.0,0.88,1.25,2.12,0.62,4.5,4.75,1.8,1.38,2.63,1.32,1.84,2.39,0.88,0.58,1.53,1.66,1.89,2.28,1.29,0.59,1.43,1.18,1.0,0.9,1.38,1.07,1.58,3.92,4.38,4.08,4.58,2.46,2.19,4.0,3.88,3.25,0.0,0.0,0.0,3.12,3.88,1.0,1.12,3.0,2.75,0.0,2.75,1.0,3.0,2.88,1.62,0.0,3.12,3.38,3.25,3.5,1.12,3.62,0.0
19-3032.00,Industrial-Organizational Psychologists,0.5888888888888889,5,5.6,6.3,0.4,90.84507042253522,True,0.05579631635969664,0.8158179848320694,0.435807150595883,5,3,0.6,True,Hoch GPT-exponiert mit guten Wechseloptionen,0.0,0.75,4.0,0.0,4.62,0.5,0.0,0.0,0.0,0.0,3.38,0.75,3.0,4.25,0.0,0.0,0.0,1.25,4.12,4.0,0.0,3.88,3.0,0.0,3.88,0.0,3.62,4.75,4.88,4.0,2.75,0.0,4.25,0.0,0.0,0.0,2.75,0.0,0.0,4.25,4.12,3.0,0.0,0.0,0.0,2.5,0.5,1.75,2.38,0.0,4.88,4.88,2.45,2.3,2.6,1.38,2.18,2.3,1.89,1.12,2.03,2.39,2.36,2.67,1.81,0.93,1.77,2.05,1.87,1.63,1.92,1.46,1.97,4.23,4.76,4.42,4.23,2.77,2.3,3.73,4.12,4.0,0.0,0.0,0.0,3.88,4.0,2.38,2.12,4.0,3.25,0.0,3.5,1.75,3.88,2.88,2.0,0.0,3.5,4.12,4.25,4.5,1.12,3.75,0.0
19-3033.00,Clinical and Counseling Psychologists,0.5092592592592592,5,76.3,11.2,4.8,81.04008667388949,True,0.45449620801733476,0.9349945828819068,0.6947453954496208,5,4,0.8,True,Hoch GPT-exponiert mit guten Wechseloptionen,0.0,2.12,3.88,0.0,4.0,0.25,0.0,0.0,0.0,0.0,2.88,0.0,3.12,4.0,0.0,0.0,0.0,1.62,4.12,3.75,0.0,2.25,2.75,0.0,3.75,0.0,2.12,5.0,5.0,3.88,2.12,0.0,4.25,0.0,0.0,0.0,2.75,0.0,0.12,4.12,4.12,2.62,0.0,0.0,0.0,2.12,1.5,2.0,2.0,0.5,4.5,4.38,2.04,1.98,2.6,1.99,2.55,2.5,3.0,1.49,1.5,1.4,2.68,2.41,0.98,1.56,1.97,1.66,2.55,2.89,2.36,2.47,1.85,4.52,4.8,4.64,3.56,3.44,1.68,3.56,3.75,3.12,0.0,0.0,0.0,3.75,3.75,0.88,0.88,3.0,3.12,0.0,0.75,0.88,3.75,0.75,0.0,0.0,3.88,5.0,3.12,3.25,0.62,3.25,0.0
19-3034.00,School Psychologists,0.5810810810810811,5,67.2,0.7,3.8,90.03250270855905,True,0.3916576381365114,0.30119176598049835,0.34642470205850484,5,3,0.6,True,Hoch GPT-exponiert mit guten Wechseloptionen,0.0,1.62,3.38,0.0,4.12,0.0,0.0,0.0,0.0,0.0,2.75,1.75,3.12,3.38,0.0,0.0,0.0,1.5,4.38,3.5,0.0,3.12,2.62,0.0,3.62,0.0,3.0,4.88,4.75,3.5,2.88,0.0,4.25,0.0,0.0,0.0,2.88,0.0,0.25,4.0,4.0,2.38,0.0,0.0,0.0,2.88,1.38,1.38,2.25,0.5,4.88,4.75,2.04,2.13,2.57,1.82,2.69,2.65,2.97,1.35,1.79,1.36,2.47,2.2,1.26,2.18,1.97,1.66,2.26,2.53,2.33,2.24,1.6,4.38,4.84,4.62,4.1,3.23,1.67,4.1,4.0,3.62,0.0,0.0,0.0,3.5,4.0,0.0,0.0,2.88,3.38,0.0,1.12,0.88,3.5,0.75,0.38,0.0,3.88,5.0,3.38,3.5,0.62,3.62,0.0
19-3039.02,Neuropsychologists,0.2857142857142857,5,55.3,4.3,3.9,47.77898158179848,False,0.4014084507042254,0.6619718309859155,0.5316901408450705,5,0,0.0,True,Nicht hoch GPT-exponiert,1.62,2.25,4.12,1.25,4.88,1.25,0.0,0.0,0.0,0.0,3.38,1.38,3.25,3.75,0.0,0.0,0.0,1.75,5.38,3.88,1.38,3.25,3.0,0.0,4.0,0.0,2.88,5.38,5.25,3.62,3.0,0.0,5.0,0.0,0.0,0.12,3.12,0.0,0.12,4.38,4.12,3.12,0.0,0.0,0.0,2.62,1.75,1.88,2.5,1.62,5.0,5.25,2.14,1.58,3.0,2.28,2.1,2.25,2.27,1.19,1.5,1.25,2.51,3.0,0.83,0.52,1.94,1.38,1.34,2.03,1.54,2.03,1.74,3.92,4.48,4.72,4.64,3.75,2.09,3.92,4.62,3.38,0.0,0.0,0.0,3.88,4.38,1.5,1.38,2.88,2.88,0.12,1.25,1.75,3.5,1.38,2.0,0.0,4.0,4.88,3.38,3.75,0.62,3.25,1.12
19-3039.03,Clinical Neuropsychologists,0.2777777777777778,5,55.3,4.3,3.9,46.37053087757313,False,0.4014084507042254,0.6619718309859155,0.5316901408450705,5,0,0.0,True,Nicht hoch GPT-exponiert,1.38,1.88,4.25,1.38,4.5,0.62,0.25,0.25,0.25,0.25,3.25,1.62,3.75,3.88,0.0,0.25,0.25,1.88,4.75,4.0,1.38,2.88,3.12,0.25,3.75,0.0,2.88,4.88,4.75,3.62,2.88,0.0,5.0,0.25,0.25,0.25,3.12,0.0,0.38,4.0,4.25,3.0,0.25,0.25,0.38,2.75,1.88,2.0,2.25,1.75,4.75,4.62,2.14,1.72,3.0,2.5,2.38,2.5,2.47,1.19,1.47,1.28,2.55,3.0,0.78,0.74,2.04,1.57,2.1,2.17,1.99,2.24,1.76,4.29,4.91,4.83,4.62,3.58,2.38,4.33,4.12,4.0,0.0,0.0,0.0,3.88,4.25,1.38,1.38,3.25,3.5,0.0,0.75,1.25,3.88,1.0,0.38,0.0,4.0,4.88,2.75,2.5,0.75,3.5,0.0
19-3041.00,Sociologists,0.6153846153846154,5,3.4,3.6,0.3,93.39111592632719,True,0.03791982665222102,0.5828819068255688,0.31040086673889494,5,0,0.0,True,Hoch GPT-exponiert mit begrenzten Wechseloptionen,0.0,0.88,3.88,0.0,4.12,0.38,0.0,0.0,0.0,0.0,2.5,0.12,2.88,3.88,0.0,0.0,0.0,0.75,4.12,3.75,0.0,3.5,2.75,0.0,3.62,0.0,2.62,5.0,5.0,3.88,2.12,0.0,3.62,0.0,0.0,0.0,2.88,0.0,0.0,4.75,3.88,2.12,0.0,0.0,0.0,2.0,1.25,1.38,1.88,0.5,4.75,4.75,2.04,1.75,1.71,0.87,1.84,1.98,1.65,1.12,1.56,2.15,2.03,2.9,0.9,0.47,1.64,1.32,1.14,1.44,1.65,0.93,1.93,3.65,4.5,4.7,4.0,2.95,2.21,3.3,3.88,3.12,0.0,0.0,0.0,3.75,3.75,0.75,1.38,3.0,2.88,0.0,2.5,0.38,3.0,0.75,0.12,0.0,3.0,4.38,3.5,3.12,0.62,2.88,0.0
19-3051.00,Urban and Regional Planners,0.5795454545454546,5,44.7,3.4,3.4,89.92416034669556,True,0.3781148429035753,0.5579631635969664,0.4680390032502708,5,3,0.6,True,Hoch GPT-exponiert mit guten Wechseloptionen,0.0,1.62,3.88,1.0,4.12,1.5,0.0,0.0,0.0,0.0,3.5,1.75,3.12,4.12,0.0,0.0,0.0,1.38,4.0,3.88,0.0,3.38,2.5,0.62,4.12,0.0,3.25,4.5,4.62,4.0,2.75,0.0,4.12,0.0,0.0,0.0,2.88,0.0,1.0,4.0,3.88,2.75,0.0,0.0,0.0,2.75,0.88,2.75,3.75,0.88,4.25,4.38,2.01,2.05,2.16,1.79,2.18,2.47,1.22,0.96,1.75,2.0,2.17,2.16,1.67,0.98,1.77,1.66,1.73,1.23,1.92,1.49,1.78,4.04,4.88,3.79,3.28,2.8,1.6,3.52,4.12,3.75,0.0,0.0,0.0,2.88,4.25,2.75,2.25,3.12,3.38,0.5,3.75,1.12,3.75,1.38,1.25,0.0,3.0,3.75,4.12,4.0,1.12,3.75,0.0
19-3091.00,Anthropologists and Archeologists,0.5172413793103449,5,8.8,3.7,0.8,82.06933911159263,True,0.11755146262188516,0.5964247020585048,0.356988082340195,5,0,0.0,True,Hoch GPT-exponiert mit begrenzten Wechseloptionen,1.38,1.88,4.12,0.88,4.62,0.5,0.12,0.5,0.25,1.5,3.25,1.5,3.88,4.0,0.25,0.75,0.5,1.25,4.75,4.0,1.38,2.88,2.88,0.75,3.88,0.0,2.62,5.0,5.12,3.25,2.88,0.12,3.5,0.0,0.0,0.12,3.12,0.0,1.0,4.25,3.75,3.0,0.0,0.5,0.88,2.75,1.75,2.75,3.38,1.38,5.0,5.12,2.04,2.09,2.14,1.32,1.84,1.98,1.54,1.22,1.69,2.33,1.92,3.0,1.03,0.79,1.67,1.29,1.19,1.39,1.7,1.02,1.99,4.0,4.29,4.45,4.05,3.05,2.45,3.7,3.88,3.25,0.0,0.12,0.0,3.62,3.62,1.75,2.0,3.0,2.75,0.5,0.88,1.0,3.0,0.75,0.88,0.0,2.38,3.38,3.0,3.0,0.62,3.0,0.0
19-3092.00,Geographers,0.375,4,1.5,-3.1,0.1,61.159263271939324,False,0.011375947995666305,0.16143011917659805,0.08640303358613217,5,0,0.0,True,Nicht hoch GPT-exponiert,0.12,1.5,4.12,0.25,4.12,0.5,0.0,0.5,0.0,0.12,3.25,0.38,3.5,3.5,0.12,0.0,0.0,1.38,4.25,4.0,0.25,3.25,2.88,0.0,4.0,0.0,3.25,4.75,5.0,3.38,3.12,0.0,3.75,0.0,0.0,0.0,2.88,0.0,0.5,4.38,3.75,2.62,0.0,0.0,0.0,2.38,1.25,2.75,3.12,0.38,4.75,4.88,1.74,1.75,2.28,1.14,0.8,2.06,0.18,0.37,1.41,2.24,1.48,2.45,0.54,0.26,1.64,1.15,0.57,0.65,0.52,0.68,1.72,3.4,4.3,4.4,3.75,2.7,2.9,3.5,3.62,3.0,0.12,0.0,0.0,3.5,3.62,1.12,1.5,2.5,2.75,0.12,2.75,0.75,2.75,1.12,0.38,0.0,2.88,3.0,3.62,3.12,0.75,3.12,0.0
19-3093.00,Historians,0.5,5,3.4,2.2,0.3,79.68580715059588,True,0.03791982665222102,0.43066088840736727,0.23429035752979416,5,0,0.0,True,Hoch GPT-exponiert mit begrenzten Wechseloptionen,0.12,1.75,3.38,0.25,3.88,0.88,0.0,0.0,0.0,0.12,2.88,0.25,2.75,3.62,0.0,0.0,0.0,0.5,4.0,3.38,0.25,1.62,2.25,0.0,4.12,0.0,1.38,4.75,4.88,3.0,2.12,0.0,3.5,0.0,0.0,0.0,2.62,0.0,0.0,3.75,3.38,2.12,0.0,0.12,0.0,1.88,1.62,1.62,1.75,0.75,5.0,4.88,1.95,0.73,2.53,1.41,0.92,2.06,0.48,0.5,1.29,1.25,2.1,3.0,0.29,0.24,1.7,0.99,0.63,0.84,0.61,0.49,1.89,4.04,4.39,4.0,4.06,2.48,1.97,3.21,3.25,3.0,0.0,0.0,0.0,3.25,3.25,0.75,0.88,2.5,2.38,0.0,1.62,0.38,2.88,0.5,0.62,0.0,2.25,3.12,2.0,2.0,0.5,2.62,0.0
19-3094.00,Political Scientists,0.5416666666666666,5,6.5,-3.1,0.5,86.34886240520044,True,0.06988082340195016,0.16143011917659805,0.11565547128927411,5,0,0.0,True,Hoch GPT-exponiert mit begrenzten Wechseloptionen,0.0,1.5,3.38,0.0,4.0,0.38,0.0,0.0,0.0,0.0,2.62,0.5,2.88,3.75,0.0,0.0,0.0,0.62,4.12,3.38,0.0,3.12,2.88,0.0,3.62,0.0,2.25,4.88,4.88,3.5,2.12,0.0,3.75,0.0,0.0,0.0,2.88,0.0,0.0,4.88,3.88,2.38,0.0,0.0,0.0,2.25,1.25,0.88,2.0,0.38,4.88,4.88,2.14,1.86,2.19,0.79,0.71,1.93,0.6,0.03,1.53,1.89,2.32,3.0,0.98,0.28,1.58,1.66,1.14,0.92,1.15,1.02,2.03,3.92,4.5,4.85,3.8,2.32,1.85,3.27,3.75,3.0,0.0,0.0,0.0,3.5,3.88,0.62,0.75,2.0,3.0,0.0,2.38,0.38,3.0,0.75,0.5,0.0,2.88,3.75,3.5,3.38,0.62,2.88,0.0
19-3099.01,Transportation Planners,0.6627906976744186,4,40.8,-1.7,3.2,96.20801733477789,True,0.36836403033586135,0.20151679306608883,0.28494041170097506,5,3,0.6,True,Hoch GPT-exponiert mit guten Wechseloptionen,0.12,1.75,3.88,0.38,4.38,1.5,0.0,0.0,0.0,0.0,3.12,0.88,3.38,4.0,0.0,0.0,0.0,1.62,4.12,4.12,0.12,3.62,2.88,0.38,3.88,0.0,3.25,4.12,4.12,4.0,3.0,0.0,4.12,0.0,0.0,0.0,3.12,0.0,0.75,3.88,3.88,2.88,0.0,0.0,0.0,2.75,1.25,2.38,4.0,0.62,4.12,4.12,1.92,1.68,2.6,1.72,1.84,2.3,0.91,0.61,1.5,1.83,1.73,2.04,1.29,0.52,1.49,1.21,1.31,1.02,1.4,0.97,1.64,3.95,4.78,3.85,3.45,2.55,1.9,3.1,4.12,3.75,0.0,0.5,0.0,2.88,4.12,2.0,2.25,2.75,3.0,0.88,3.5,1.75,3.38,2.12,0.62,0.0,3.0,3.0,4.0,4.12,1.0,3.5,0.0
19-4012.00,Agricultural Technicians,0.1666666666666666,3,18.6,4.3,2.9,33.91115926327194,False,0.34994582881906827,0.6619718309859155,0.5059588299024919,5,0,0.0,True,Nicht hoch GPT-exponiert,3.0,2.12,3.25,3.38,3.38,2.75,0.5,1.25,0.88,2.0,3.0,2.88,3.0,3.0,2.0,1.75,1.88,2.12,3.62,3.38,2.88,3.0,2.12,2.88,3.88,0.88,3.0,4.0,4.0,3.0,2.88,1.5,3.62,2.12,2.38,2.25,2.88,1.38,2.12,3.0,3.0,2.0,0.88,2.12,2.62,2.88,2.75,3.0,2.75,1.88,3.88,3.75,1.6,1.11,2.02,1.32,1.26,2.3,0.1,0.64,1.18,1.07,1.66,1.17,0.71,0.82,1.7,0.94,0.97,0.63,0.13,1.0,0.97,3.95,4.6,3.84,4.03,3.16,3.23,3.21,3.0,3.0,1.62,1.5,0.0,3.0,3.0,1.62,1.62,3.0,2.38,2.88,0.25,3.0,2.5,0.5,1.25,1.88,2.75,2.88,2.75,2.5,0.5,3.0,2.12
19-4012.01,Precision Agriculture Technicians,0.5,3,18.6,4.3,2.9,79.68580715059588,True,0.34994582881906827,0.6619718309859155,0.5059588299024919,5,1,0.2,True,Hoch GPT-exponiert mit begrenzten Wechseloptionen,2.75,2.12,3.62,3.12,4.0,2.12,0.0,0.88,0.25,1.75,3.0,2.88,3.62,3.12,1.25,1.38,0.75,2.0,4.12,3.75,2.62,3.25,2.88,2.88,3.75,0.75,3.25,4.0,4.0,3.0,3.0,1.0,3.75,1.75,1.88,2.0,3.0,0.62,2.25,3.25,3.0,3.0,0.25,1.62,2.0,2.75,2.12,2.75,3.5,1.75,3.88,3.88,1.83,1.79,2.67,1.96,0.92,2.19,0.01,0.17,1.56,2.27,1.82,2.16,0.32,0.28,1.67,1.21,0.53,0.53,0.27,0.88,1.22,4.35,4.48,4.17,4.0,3.35,2.17,3.39,3.25,3.0,2.38,2.12,1.38,2.88,3.5,0.75,1.0,2.12,2.62,3.0,2.88,3.0,3.0,1.88,2.88,2.12,3.12,3.0,3.25,3.25,0.75,2.88,2.38
19-4013.00,Food Science Technicians,0.2857142857142857,3,20.4,4.8,3.2,47.77898158179848,False,0.36836403033586135,0.7150595882990249,0.5417118093174431,5,1,0.2,True,Nicht hoch GPT-exponiert,2.5,2.12,3.12,2.25,3.5,1.38,0.0,0.5,0.12,0.38,2.62,2.62,3.0,2.88,0.25,0.88,1.0,1.62,3.5,3.0,2.12,3.0,2.12,1.38,3.75,0.0,3.0,4.12,4.0,2.38,3.12,0.12,3.12,1.25,1.75,0.62,3.0,0.25,0.0,3.0,3.0,2.0,0.38,1.0,0.62,2.5,2.12,3.12,2.75,1.12,3.75,3.75,1.35,1.11,2.77,2.06,1.26,2.47,0.05,0.7,0.78,0.56,1.82,1.17,0.64,0.28,1.18,0.67,0.9,0.6,0.11,0.93,0.02,4.56,4.93,4.15,4.55,3.47,2.74,4.37,3.0,3.12,1.62,1.12,0.0,3.0,3.0,0.5,1.62,2.62,2.0,2.0,0.38,2.88,1.75,0.38,3.0,1.38,2.12,2.88,2.12,2.25,0.38,3.0,1.62
19-4021.00,Biological Technicians,0.2666666666666666,4,82.7,3.5,9.1,45.016251354279525,False,0.5872156013001083,0.570964247020585,0.5790899241603467,5,2,0.4,True,Nicht hoch GPT-exponiert,3.0,2.12,3.88,2.75,4.0,1.88,0.0,1.25,0.38,1.38,3.25,3.0,3.75,3.25,0.12,0.75,0.75,2.12,4.12,3.88,2.75,3.5,2.12,2.5,4.12,0.12,3.12,4.62,4.0,3.12,3.12,0.0,4.0,0.75,1.62,1.75,3.5,0.12,0.12,3.12,3.25,2.75,0.12,1.12,1.88,2.12,2.0,3.0,3.12,2.12,4.12,3.88,1.58,1.19,2.74,2.1,1.81,2.56,0.01,0.47,0.97,1.04,1.89,1.93,-0.26,0.22,1.52,0.82,1.03,0.55,0.13,1.11,1.01,4.15,4.82,3.85,4.39,3.02,2.88,3.33,3.5,2.62,1.75,1.5,0.0,2.5,3.5,1.0,2.0,2.12,1.38,2.75,1.62,3.0,2.12,1.75,3.12,0.88,2.12,2.75,3.0,2.88,1.38,2.88,2.62
19-4031.00,Chemical Technicians,0.3928571428571428,3,57.0,3.7,6.7,63.38028169014085,False,0.5254604550379198,0.5964247020585048,0.5609425785482123,5,0,0.0,True,Nicht hoch GPT-exponiert,3.0,2.12,4.0,3.0,4.0,1.75,0.0,1.88,0.25,1.88,3.0,3.25,3.12,3.12,0.0,1.88,0.88,2.0,4.0,3.88,3.0,3.12,2.88,3.0,4.0,0.0,3.12,4.12,4.12,3.12,3.25,0.0,4.0,2.12,2.12,1.75,3.12,0.0,0.5,3.12,3.0,3.0,1.5,1.75,1.88,2.5,2.12,3.0,3.12,2.0,4.12,4.0,1.74,1.22,2.74,2.43,1.41,2.65,0.05,0.61,1.02,0.94,1.89,1.68,-0.05,0.32,1.61,0.92,1.14,0.58,0.27,1.09,0.99,3.9,4.99,3.84,4.87,3.02,2.81,4.35,3.12,3.0,3.0,2.75,0.0,3.12,3.25,1.0,1.88,2.5,2.62,3.0,2.62,3.25,2.25,0.62,3.38,2.75,2.75,2.88,3.0,3.12,1.62,3.0,3.0
19-4042.00,"Environmental Science and Protection Technicians, Including Health",0.4222222222222222,4,40.4,4.0,5.6,68.03900325027085,False,0.49512459371614304,0.628385698808234,0.5617551462621886,5,0,0.0,True,Nicht hoch GPT-exponiert,2.88,2.5,3.75,2.88,4.0,2.25,0.0,1.62,0.62,1.75,3.12,2.88,3.12,3.12,1.62,1.5,1.0,2.0,3.88,3.75,2.75,3.12,2.75,2.5,4.0,1.62,3.12,4.12,4.12,3.12,3.0,1.75,4.0,1.75,2.25,1.88,2.88,1.25,1.75,3.12,3.12,2.88,0.25,1.62,1.88,2.88,2.12,2.88,3.12,2.0,4.12,4.0,1.6,1.68,2.7,2.28,1.44,2.59,0.56,0.53,1.07,1.04,2.1,1.86,0.36,0.32,1.61,0.92,1.43,1.07,0.81,1.67,1.12,3.91,4.36,3.77,4.14,3.05,1.91,4.27,3.5,3.0,1.25,1.38,0.0,3.12,3.25,1.38,1.75,3.0,2.88,3.0,2.75,2.88,3.0,1.12,2.88,1.25,3.0,3.12,3.12,3.12,0.62,3.12,2.25
19-4043.00,"Geological Technicians, Except Hydrologic Technicians",0.3048780487804878,4,9.8,1.5,1.3,49.729144095341276,False,0.19393282773564463,0.3531960996749729,0.27356446370530874,5,0,0.0,True,Nicht hoch GPT-exponiert,2.5,2.12,3.5,2.62,3.38,2.0,0.0,1.5,1.12,1.75,3.0,2.38,3.5,3.0,1.12,1.12,1.12,2.0,3.38,3.5,2.12,3.25,2.5,2.0,3.75,1.12,3.25,4.12,3.88,2.75,3.0,1.25,3.25,2.0,2.12,1.62,2.75,1.25,1.62,3.0,3.25,2.5,0.38,1.12,2.0,2.75,2.0,2.88,3.0,2.12,4.0,3.38,1.18,1.22,2.57,1.26,1.06,2.14,-0.1,0.24,0.85,0.44,1.7,1.93,0.08,0.04,1.43,0.62,0.55,0.38,-0.25,0.29,1.01,3.59,4.49,4.17,4.51,2.75,2.68,3.52,3.25,3.0,1.62,2.0,0.0,2.62,3.0,1.25,1.38,2.38,2.38,2.38,0.88,2.62,3.0,1.25,2.38,1.88,2.5,2.62,2.5,2.25,1.12,3.12,2.0
19-4051.00,Nuclear Technicians,0.25,3,6.0,-7.7,0.7,43.12026002166847,False,0.10184182015167931,0.08017334777898158,0.09100758396533044,5,0,0.0,True,Nicht hoch GPT-exponiert,2.88,2.62,3.12,3.0,3.62,2.0,0.38,1.12,1.62,2.38,3.25,2.62,3.62,2.62,1.12,1.5,1.62,2.5,3.38,3.5,2.88,2.88,2.5,2.5,3.75,1.0,2.75,4.25,4.0,2.62,3.75,1.25,3.75,2.12,3.38,1.88,3.5,1.0,1.62,3.25,3.25,2.75,0.38,1.5,1.75,3.25,2.38,3.12,2.62,2.62,4.0,3.62,1.83,1.14,3.0,2.86,2.07,2.93,0.08,0.67,0.51,0.04,2.55,1.93,0.06,-0.16,2.15,1.21,2.63,1.26,-0.05,2.47,-0.21,4.33,5.0,3.15,4.78,3.89,2.37,3.54,3.12,3.12,3.12,2.5,0.62,3.12,3.25,1.0,1.25,2.62,2.62,3.5,1.25,4.12,2.88,1.62,3.62,3.0,2.75,3.25,2.88,3.12,1.12,3.12,3.25
19-4051.02,Nuclear Monitoring Technicians,0.3181818181818182,3,6.0,-7.7,0.7,52.00433369447454,False,0.10184182015167931,0.08017334777898158,0.09100758396533044,5,0,0.0,True,Nicht hoch GPT-exponiert,3.0,2.88,3.62,2.75,4.0,2.0,0.0,1.5,0.0,1.88,3.12,3.0,3.12,3.0,1.12,1.62,1.88,2.25,4.0,3.88,2.38,3.0,2.88,2.0,4.0,0.0,3.0,4.0,4.0,3.0,3.38,0.0,4.25,1.75,2.5,2.0,3.88,0.0,0.25,3.12,3.25,2.75,1.25,1.62,2.0,2.88,2.0,3.25,2.88,1.75,4.0,3.88,1.63,1.11,3.0,2.86,1.99,2.93,0.25,0.78,0.72,-0.34,2.55,1.61,0.41,-0.2,1.67,1.29,2.42,1.78,0.47,2.6,-0.23,4.4,4.98,3.67,4.59,3.8,2.3,3.52,3.12,3.0,1.25,0.5,0.0,3.0,3.38,1.12,1.12,2.75,2.75,2.88,0.25,3.62,2.75,0.62,3.12,0.75,2.75,2.88,3.0,2.88,0.62,3.12,2.75
19-4061.00,Social Science Research Assistants,0.6212121212121212,4,40.6,4.4,5.2,93.82448537378116,True,0.47183098591549294,0.676056338028169,0.573943661971831,5,1,0.2,True,Hoch GPT-exponiert mit begrenzten Wechseloptionen,0.0,1.5,3.12,0.0,3.75,1.5,0.0,0.38,0.0,0.0,2.88,2.38,3.12,3.0,0.0,0.0,0.0,1.5,3.5,3.38,0.25,3.12,2.75,0.0,3.75,0.0,3.12,4.12,4.25,3.0,2.62,0.0,3.5,0.0,0.25,0.0,3.12,0.0,0.0,3.5,3.0,2.5,0.0,0.0,0.0,2.0,1.38,1.75,2.75,0.5,4.25,3.88,1.77,1.26,2.57,1.63,1.5,2.3,0.37,0.56,1.15,1.25,1.96,2.2,-0.05,0.32,1.64,0.85,0.61,0.63,0.61,1.0,1.2,3.67,4.28,3.89,3.99,2.87,2.53,2.85,3.12,3.0,0.0,0.5,0.0,2.88,3.12,1.5,2.0,2.38,2.38,0.62,2.0,1.88,2.5,2.75,2.88,0.0,2.5,2.88,2.88,3.0,1.25,2.88,1.38
19-4071.00,Forest and Conservation Technicians,0.3269230769230769,3,33.8,-3.2,3.9,52.87107258938245,False,0.4014084507042254,0.15872156013001085,0.2800650054171181,5,0,0.0,True,Nicht hoch GPT-exponiert,3.12,2.5,3.12,3.0,3.75,2.88,0.5,2.0,0.88,2.88,3.75,3.0,3.38,2.88,2.38,2.38,2.25,2.12,3.25,3.5,3.0,2.88,2.62,3.0,3.75,1.38,2.75,3.88,3.88,2.88,2.88,1.75,3.75,2.38,2.88,2.5,3.12,1.38,2.62,3.25,3.25,2.62,1.75,2.75,3.0,2.88,3.0,3.0,3.62,1.88,3.62,3.25,1.32,1.54,1.76,1.59,1.81,2.39,0.62,0.5,1.32,0.89,1.79,0.87,1.56,0.79,1.77,1.02,1.25,0.78,0.86,1.46,0.95,4.41,4.98,4.14,3.98,3.7,3.38,3.86,3.0,3.25,1.88,1.88,0.25,3.0,3.38,1.38,1.75,3.12,2.38,2.88,1.12,2.88,3.12,1.62,2.75,1.88,2.88,3.12,3.0,3.0,1.12,3.25,2.0
19-4092.00,Forensic Science Technicians,0.1935483870967742,3,20.7,12.8,2.9,36.83640303358614,False,0.34994582881906827,0.9507042253521126,0.6503250270855905,5,1,0.2,True,Nicht hoch GPT-exponiert,3.12,2.5,4.12,2.88,4.25,2.25,0.0,1.62,0.88,2.25,4.0,2.88,4.12,3.75,1.88,1.62,1.12,2.12,4.12,4.0,2.88,2.88,2.75,2.88,4.38,1.25,2.88,4.75,4.62,3.12,3.5,1.38,3.88,1.62,1.62,1.88,3.0,0.88,1.88,3.88,3.62,3.75,1.25,1.62,2.12,2.5,2.38,3.5,3.5,1.75,4.38,4.12,1.69,1.58,3.0,2.62,1.17,2.65,0.25,0.47,1.15,1.02,2.93,2.16,0.45,0.15,1.97,1.47,2.3,1.49,0.38,2.21,1.49,4.2,4.79,3.89,4.67,3.94,2.67,3.92,3.62,3.12,1.0,1.88,0.0,3.38,3.62,0.38,0.62,3.0,2.25,2.5,1.12,2.62,2.75,0.75,2.5,0.88,3.0,3.25,3.0,2.88,0.38,3.0,1.75
19-4099.01,Quality Control Analysts,0.4787234042553191,3,83.2,3.5,10.6,76.59804983748646,False,0.6240520043336945,0.570964247020585,0.5975081256771397,5,1,0.2,True,Nicht hoch GPT-exponiert,3.0,2.0,3.12,2.62,4.0,1.75,0.0,1.12,0.38,1.62,3.25,3.0,3.25,2.88,0.0,1.75,0.75,2.12,3.38,3.25,3.0,3.12,2.75,2.12,4.0,0.0,3.0,4.0,4.0,3.12,3.25,0.0,3.75,1.25,1.25,0.75,3.12,0.0,0.0,3.0,3.12,2.62,0.62,1.75,2.0,2.5,2.12,2.88,2.88,1.5,4.0,3.88,1.74,1.08,3.0,2.58,1.28,2.65,-0.06,0.64,0.9,0.63,2.17,1.57,0.21,0.07,1.58,1.02,1.37,0.84,0.09,1.11,0.1,3.98,4.48,4.05,4.85,3.4,2.94,3.81,3.25,2.75,1.62,1.12,0.5,3.0,3.12,0.75,1.38,2.0,2.62,3.0,1.88,3.25,2.5,0.75,4.0,1.38,2.88,3.0,3.0,3.0,1.12,3.0,3.0
19-4099.03,Remote Sensing Technicians,0.4677419354838709,4,83.2,3.5,10.6,74.37703141928495,False,0.6240520043336945,0.570964247020585,0.5975081256771397,5,0,0.0,True,Nicht hoch GPT-exponiert,2.38,2.38,3.88,2.75,3.88,2.12,0.0,0.0,0.0,0.0,3.38,2.88,4.12,3.75,0.12,0.0,0.0,2.38,3.75,3.88,2.0,4.12,2.62,2.0,3.62,0.25,3.75,4.5,4.5,3.38,3.0,0.12,3.75,1.25,1.0,1.62,3.38,0.0,1.38,3.0,3.0,3.0,0.0,0.0,0.0,2.75,0.5,3.0,3.62,1.0,4.25,4.12,1.58,1.75,2.67,1.56,0.92,2.25,-0.08,0.15,0.9,1.41,1.76,1.93,0.21,0.2,1.28,1.05,0.61,0.41,0.11,1.0,1.47,4.04,4.51,4.07,4.63,2.92,3.45,3.85,3.38,3.38,2.0,2.38,0.12,3.25,3.62,1.38,1.88,2.5,2.5,2.25,1.88,3.12,2.88,3.25,2.88,1.5,2.62,2.75,3.12,3.0,1.62,2.75,2.38
19-5011.00,Occupational Health and Safety Specialists,0.3571428571428571,4,131.9,12.5,14.9,57.52979414951246,False,0.7063921993499458,0.9474539544962081,0.8269230769230769,5,0,0.0,True,Nicht hoch GPT-exponiert,1.5,2.75,3.75,1.88,4.12,2.0,0.0,0.5,0.62,1.12,3.5,2.5,3.88,3.12,0.88,0.5,1.0,2.62,4.12,3.88,1.5,3.0,2.88,1.75,4.0,0.38,3.0,4.12,4.5,3.0,3.0,0.5,4.88,0.75,1.75,0.5,3.0,1.25,1.25,3.75,3.62,3.0,0.0,0.88,1.25,3.0,2.0,3.0,3.0,0.5,4.0,4.0,1.86,1.75,2.67,2.74,1.88,2.65,1.27,0.78,1.59,1.07,2.43,2.12,1.5,0.66,1.97,1.66,1.77,1.39,1.13,1.99,1.37,4.26,4.59,4.04,4.04,3.87,2.05,3.57,3.62,3.12,0.5,1.12,0.0,3.38,3.75,1.75,1.88,3.0,2.88,2.0,3.0,3.5,3.62,1.12,3.38,0.38,3.0,3.75,3.62,3.75,1.0,3.0,2.12
19-5012.00,Occupational Health and Safety Technicians,0.4166666666666666,3,31.9,8.5,3.4,67.28060671722643,False,0.3781148429035753,0.886240520043337,0.6321776814734561,5,0,0.0,True,Nicht hoch GPT-exponiert,1.75,2.0,3.25,1.38,4.0,2.0,0.0,1.0,1.0,1.88,3.25,2.38,3.38,3.0,1.25,1.62,1.75,2.12,4.0,3.25,1.38,2.75,2.25,1.88,3.88,0.62,2.62,4.0,4.0,3.0,3.0,0.75,4.12,0.88,1.75,1.0,3.0,1.0,1.38,3.5,3.0,3.0,0.25,1.38,1.25,2.62,2.25,2.88,2.25,1.12,4.0,3.75,1.63,1.0,2.63,2.66,1.88,2.65,1.12,0.7,1.5,0.84,2.43,1.57,1.21,0.61,1.77,1.5,1.77,1.58,1.13,1.99,1.19,4.43,4.63,4.19,3.9,3.6,2.3,3.76,3.25,3.0,0.0,0.0,0.0,3.0,3.25,1.38,1.75,2.12,3.0,2.25,2.5,3.0,3.12,1.0,2.88,0.25,3.0,3.12,3.0,3.0,1.0,3.0,1.62
21-1011.00,Substance Abuse and Behavioral Disorder Counselors,0.2888888888888889,5,483.5,16.8,48.3,48.15817984832069,False,0.8770314192849404,0.9750812567713976,0.926056338028169,5,0,0.0,True,Nicht hoch GPT-exponiert,1.0,2.0,3.25,0.88,4.0,1.25,0.0,0.75,1.75,0.88,3.0,0.75,3.0,3.38,0.75,1.25,1.25,2.0,4.0,3.62,0.25,2.12,2.75,1.0,3.12,0.75,2.0,4.62,4.75,3.12,2.75,0.75,4.25,1.0,1.75,1.75,3.0,0.5,0.62,4.0,4.0,2.38,0.38,1.12,1.75,3.0,1.75,1.88,2.62,0.5,4.25,4.0,1.58,2.09,2.11,1.38,2.3,2.65,3.0,1.56,1.75,1.1,2.36,1.05,0.88,2.27,1.97,1.57,2.26,2.89,2.33,2.21,1.24,4.93,4.81,3.63,3.78,3.27,1.81,4.46,3.5,3.88,0.0,0.0,0.0,3.25,3.88,1.0,1.0,3.0,3.25,0.88,1.5,1.75,3.75,1.0,1.25,0.0,4.0,5.0,3.25,3.25,1.0,3.12,0.5
21-1012.00,"Educational, Guidance, and Career Counselors and Advisors",0.3245614035087719,5,376.3,3.5,31.0,52.65438786565547,False,0.8201516793066089,0.570964247020585,0.695557963163597,5,0,0.0,True,Nicht hoch GPT-exponiert,0.0,1.88,3.25,0.0,4.25,0.38,0.0,0.0,0.0,0.0,2.62,0.0,2.62,3.88,0.0,0.0,0.0,1.38,4.12,3.12,0.25,2.5,2.75,0.0,3.38,0.0,2.12,4.5,4.38,3.5,2.12,0.0,4.25,0.0,0.25,0.12,2.88,0.0,0.0,4.0,3.5,2.5,0.0,0.12,0.0,2.62,1.12,1.62,2.25,0.5,4.38,4.25,1.69,1.83,1.92,1.11,2.64,2.56,3.0,1.42,1.56,1.3,2.24,1.64,1.24,2.49,1.9,1.66,2.14,2.27,2.42,1.99,1.49,4.87,4.98,4.01,3.99,3.42,2.32,3.76,3.75,3.75,0.0,0.0,0.0,3.62,3.88,0.5,0.62,3.0,3.12,0.0,0.5,0.62,3.75,0.62,0.75,0.0,4.0,4.88,3.0,3.25,0.5,3.38,0.25
21-1013.00,Marriage and Family Therapists,0.2777777777777778,5,77.8,12.6,7.7,46.37053087757313,False,0.5455037919826652,0.9490790899241603,0.7472914409534128,5,0,0.0,True,Nicht hoch GPT-exponiert,0.0,1.88,3.5,0.0,4.12,0.0,0.0,0.0,0.38,0.12,2.75,1.0,3.0,4.12,0.0,0.38,0.38,1.5,4.38,3.75,0.12,1.88,2.88,0.12,3.62,0.0,1.88,4.5,4.88,3.5,2.5,0.0,4.5,0.0,0.38,0.12,3.12,0.0,0.0,4.12,4.0,3.5,0.12,0.12,0.38,2.88,1.0,1.5,2.12,0.62,4.38,4.12,1.45,2.05,1.57,1.32,2.73,2.53,3.0,1.7,1.29,1.36,2.72,1.97,0.54,1.82,1.9,1.47,2.46,2.89,2.4,2.13,1.72,4.66,4.96,4.4,3.22,2.88,1.39,4.58,4.12,3.5,0.0,0.0,0.0,3.62,4.25,0.38,0.25,3.0,3.75,0.12,3.0,0.5,3.75,0.25,0.25,0.0,4.25,5.75,3.75,3.88,0.5,3.12,0.0
21-1014.00,Mental Health Counselors,0.2647058823529412,5,483.5,16.8,48.3,44.7453954496208,False,0.8770314192849404,0.9750812567713976,0.926056338028169,5,0,0.0,True,Nicht hoch GPT-exponiert,0.0,2.0,4.0,0.0,4.88,0.0,0.0,0.25,0.62,0.25,2.75,0.88,3.12,4.0,0.0,0.62,0.62,0.88,5.0,4.0,0.5,2.12,2.88,0.25,3.62,0.0,2.0,5.0,5.0,4.0,2.5,0.0,5.0,0.12,0.62,0.62,3.5,0.0,0.12,4.62,4.5,2.88,0.25,0.5,0.62,2.0,0.88,1.0,2.0,0.5,4.38,4.25,1.42,2.05,2.14,1.79,2.96,2.71,3.0,1.7,1.53,1.3,2.17,1.82,0.64,2.27,1.77,1.57,2.46,2.89,2.38,2.55,1.83,4.79,4.88,4.64,3.46,3.07,1.89,3.86,4.0,3.5,0.0,0.0,0.0,3.12,4.0,0.62,0.5,3.0,3.75,0.0,2.62,0.62,3.88,0.62,0.5,0.0,4.0,5.75,3.5,3.88,0.5,3.12,0.0
21-1015.00,Rehabilitation Counselors,0.4677419354838709,4,91.9,1.4,10.0,74.37703141928495,False,0.613759479956663,0.3466955579631636,0.48022751895991334,5,3,0.6,True,Nicht hoch GPT-exponiert,0.38,1.75,3.12,0.0,4.0,0.0,0.0,0.25,0.62,0.75,2.88,1.25,2.75,3.38,0.0,0.62,0.75,1.38,3.88,3.12,0.12,2.12,2.5,0.12,3.5,0.0,2.0,4.12,4.12,3.38,2.12,0.0,4.12,0.0,0.5,0.88,2.38,0.0,0.0,3.88,3.88,2.5,0.25,0.75,0.75,2.62,1.38,1.5,1.88,0.12,4.0,4.0,1.98,1.22,2.08,1.26,2.6,2.59,3.0,1.49,1.79,1.3,2.17,0.56,1.21,2.44,1.94,1.66,1.5,2.42,2.33,1.67,1.18,4.56,4.79,4.09,3.9,2.89,2.5,4.16,3.62,3.75,0.0,0.0,0.0,3.0,3.62,0.62,0.5,3.0,3.12,0.12,3.0,0.75,3.75,0.5,0.25,0.0,4.0,4.88,3.62,3.5,0.62,3.12,0.0
21-1021.00,"Child, Family, and School Social Workers",0.3,4,399.9,3.4,35.1,49.24160346695558,False,0.847237269772481,0.5579631635969664,0.7026002166847237,5,0,0.0,True,Nicht hoch GPT-exponiert,1.12,2.12,3.25,1.0,3.88,1.12,0.0,1.12,0.88,0.62,2.88,1.25,2.88,3.38,0.62,1.12,0.75,1.88,3.88,3.38,0.12,2.38,2.62,1.75,3.62,0.62,2.0,4.12,4.12,3.38,2.62,0.62,4.38,0.62,1.25,1.12,3.0,0.5,0.75,3.88,4.0,2.75,0.12,1.25,1.5,2.75,2.0,2.0,2.0,0.62,4.12,4.0,1.42,2.13,1.92,1.35,3.0,2.83,3.0,1.49,1.89,1.3,2.47,1.11,1.0,2.31,1.83,1.54,2.22,2.89,2.38,2.32,1.56,4.95,4.95,4.44,4.26,3.23,3.34,4.33,3.5,3.88,0.0,0.0,0.0,3.25,4.0,0.38,0.38,3.0,4.0,1.62,3.0,2.0,3.88,0.5,1.0,0.0,4.12,4.62,3.0,3.12,0.62,3.88,0.62
21-1022.00,Healthcare Social Workers,0.421875,5,193.2,7.7,18.4,67.82231852654388,False,0.7388949079089924,0.8613217768147345,0.8001083423618635,5,4,0.8,True,Nicht hoch GPT-exponiert,0.0,2.0,3.5,0.25,4.12,0.38,0.0,0.25,1.0,0.38,3.0,1.62,2.88,4.12,0.0,0.88,0.88,1.25,4.0,3.62,0.5,2.0,2.75,0.62,3.5,0.0,2.0,4.88,4.62,3.62,2.88,0.0,4.38,0.0,1.62,1.38,3.0,0.0,0.0,4.0,4.0,2.88,0.25,1.0,0.88,2.88,2.0,1.12,1.75,0.75,4.25,4.12,1.89,2.21,2.11,1.72,3.0,2.65,3.0,1.49,1.89,1.41,2.32,1.64,1.61,2.31,1.87,1.6,2.22,2.89,2.47,2.36,1.64,4.81,4.96,4.3,2.89,3.92,2.04,4.0,3.88,4.0,0.0,0.0,0.0,3.0,3.88,0.75,0.88,3.12,3.25,0.88,3.0,0.88,3.75,0.75,0.88,0.0,4.38,5.12,2.5,3.62,0.75,3.25,0.0
21-1023.00,Mental Health and Substance Abuse Social Workers,0.3541666666666666,5,136.8,9.7,13.5,56.82556879739978,False,0.6738894907908992,0.9176598049837487,0.795774647887324,5,2,0.4,True,Nicht hoch GPT-exponiert,0.0,2.5,3.62,0.0,4.38,0.12,0.0,0.12,1.0,0.12,2.75,1.12,3.0,3.88,0.0,0.88,0.88,2.0,4.25,4.0,0.12,2.5,3.0,0.12,3.62,0.0,2.5,4.88,4.75,3.88,3.0,0.0,4.88,0.0,1.0,1.38,3.0,0.0,0.0,4.0,4.0,3.12,0.12,0.62,1.25,2.75,1.88,1.88,2.12,0.38,4.25,4.25,1.6,2.0,2.0,1.35,2.91,2.68,3.0,1.42,1.82,1.23,2.1,1.68,1.24,2.49,1.58,1.38,2.14,2.89,2.58,2.51,1.62,4.79,4.97,4.34,3.67,3.26,2.44,4.39,4.0,4.0,0.0,0.0,0.0,3.75,3.88,1.0,1.0,3.0,3.75,0.62,2.62,2.0,4.0,1.0,1.0,0.0,4.12,5.12,3.25,3.12,1.0,3.88,0.0
21-1091.00,Health Education Specialists,0.5,4,71.8,4.5,7.9,79.68580715059588,True,0.5563380281690141,0.6923076923076923,0.6243228602383533,5,3,0.6,True,Hoch GPT-exponiert mit guten Wechseloptionen,2.0,1.75,3.0,1.62,3.88,0.88,0.0,0.5,0.38,0.62,2.88,1.88,2.25,3.75,0.0,0.25,0.25,1.62,3.75,3.0,1.75,2.38,2.38,1.88,3.88,0.0,2.12,4.12,4.38,3.38,2.0,0.0,3.38,0.25,0.25,0.12,2.88,0.0,0.12,3.88,3.38,2.12,0.0,0.62,1.38,2.62,1.12,2.12,2.12,0.5,4.25,4.25,2.04,2.02,2.05,1.44,2.3,2.47,2.4,1.28,1.93,1.89,2.13,2.08,1.98,2.02,1.77,1.76,1.7,2.2,2.31,1.67,1.39,4.73,4.88,4.42,3.79,3.56,2.97,3.81,3.0,3.25,0.0,0.0,0.0,3.25,3.12,2.12,2.12,3.0,3.12,0.75,3.0,1.62,3.25,0.5,0.38,0.0,3.25,3.88,3.12,3.0,1.0,3.25,0.0
21-1092.00,Probation Officers and Correctional Treatment Specialists,0.4473684210526315,4,92.3,2.6,7.9,71.66847237269772,False,0.5563380281690141,0.4745395449620802,0.5154387865655472,5,2,0.4,True,Nicht hoch GPT-exponiert,1.62,2.25,3.0,1.62,4.0,1.62,0.0,0.62,1.75,0.62,2.38,1.62,2.25,3.12,0.75,2.12,1.38,1.38,3.88,3.0,1.38,1.5,2.0,1.88,3.62,0.62,1.38,4.0,4.12,3.12,2.0,0.62,4.0,0.62,2.12,2.12,2.88,0.5,0.62,3.5,3.75,2.12,1.38,1.88,2.12,2.25,2.12,0.88,2.0,0.5,4.0,4.0,1.45,2.02,2.14,1.93,1.74,2.65,2.1,1.19,1.82,0.51,2.93,0.89,1.61,1.32,1.97,1.63,2.55,1.94,2.2,2.47,1.26,4.96,4.71,4.16,4.37,3.63,2.55,4.4,3.38,3.75,0.0,0.0,0.0,3.0,3.75,1.0,0.88,2.5,3.12,1.38,1.62,1.75,3.75,0.75,1.38,0.0,3.5,4.38,3.0,3.0,0.62,3.38,0.62
21-1093.00,Social and Human Service Assistants,0.375,4,449.6,6.4,50.6,61.159263271939324,False,0.8819068255687974,0.8223185265438786,0.852112676056338,5,3,0.6,True,Nicht hoch GPT-exponiert,0.88,1.88,3.12,1.25,4.0,1.75,0.0,1.12,0.75,0.88,2.75,1.25,3.12,3.5,0.5,0.88,0.75,2.0,3.38,3.0,0.5,2.0,2.88,1.75,3.88,0.38,2.25,4.0,4.0,3.25,2.62,0.5,3.88,0.25,1.0,1.0,3.12,0.0,0.75,3.75,3.62,2.88,0.0,0.88,1.25,3.0,1.88,1.75,2.12,0.5,3.88,3.88,0.93,1.51,1.86,1.38,2.6,2.59,3.0,1.45,1.47,0.84,2.17,0.81,0.61,2.22,1.64,1.18,1.95,2.31,2.33,1.89,1.16,4.88,4.97,3.94,4.08,3.44,2.94,4.12,3.12,3.38,0.0,0.0,0.0,3.12,3.25,1.25,1.38,2.38,3.0,1.62,1.38,1.38,3.38,0.88,1.25,0.0,4.0,4.12,3.12,3.0,0.88,3.12,0.25
21-1094.00,Community Health Workers,0.3472222222222222,4,65.1,11.3,7.8,55.90465872156013,False,0.5509209100758397,0.9360780065005417,0.7434994582881906,5,0,0.0,True,Nicht hoch GPT-exponiert,2.75,1.75,3.12,2.38,3.75,2.38,0.0,1.38,0.0,1.38,2.62,3.0,2.88,3.5,1.0,1.62,1.0,1.88,3.75,3.12,2.75,2.62,2.38,2.25,3.38,1.12,2.5,3.88,3.88,3.0,2.62,1.12,3.75,1.88,1.75,2.0,2.88,1.0,1.12,3.88,3.5,2.12,1.62,1.88,1.75,2.75,2.12,2.5,2.5,1.38,3.75,3.62,1.42,1.61,1.53,1.26,2.6,2.5,3.0,1.49,1.75,1.1,2.1,0.79,1.45,2.49,1.83,1.57,1.91,2.42,2.47,1.52,1.2,4.58,4.76,3.97,3.93,4.03,2.39,3.42,3.5,3.62,0.0,0.0,0.0,3.62,3.38,1.62,1.75,3.0,3.0,1.75,0.75,1.88,3.75,0.75,1.38,0.0,3.88,4.25,3.25,3.25,1.0,3.38,1.12
21-2011.00,Clergy,0.238095238095238,5,262.0,1.0,23.0,41.65763813651138,False,0.7746478873239436,0.3120260021668472,0.5433369447453954,5,0,0.0,True,Nicht hoch GPT-exponiert,0.0,1.88,3.62,0.0,4.0,0.0,0.0,0.0,0.0,0.0,3.0,0.38,3.0,3.88,0.0,0.0,0.0,1.62,3.88,3.62,0.25,1.62,3.38,0.25,3.88,0.0,2.5,4.0,4.5,3.88,2.38,0.0,4.38,0.0,0.0,0.0,3.12,0.0,0.12,5.5,4.5,2.88,0.0,0.0,0.0,2.88,1.75,1.5,2.0,0.75,4.0,4.0,1.58,1.17,1.19,1.2,3.0,2.93,3.0,2.62,1.96,1.12,2.93,1.75,2.28,2.49,2.12,1.98,2.18,2.89,2.54,1.99,1.49,4.59,4.73,4.51,3.53,3.0,2.02,3.87,3.62,3.75,0.0,0.0,0.0,4.0,4.0,2.62,2.62,3.75,3.88,0.38,0.75,0.75,4.0,0.5,0.0,0.0,4.25,5.0,2.88,3.38,0.62,3.88,0.0
21-2021.00,"Directors, Religious Activities and Education",0.4545454545454546,4,138.9,2.1,13.8,72.69772481040087,False,0.6814734561213435,0.41765980498374866,0.5495666305525461,5,4,0.8,True,Nicht hoch GPT-exponiert,0.0,1.88,3.0,0.0,3.75,1.12,0.12,0.25,0.25,0.12,3.0,0.5,2.75,3.62,0.0,0.25,0.12,1.75,3.62,3.12,0.0,2.25,2.88,0.38,3.62,0.0,2.62,4.0,4.12,3.25,2.12,0.0,3.88,0.0,0.0,0.0,2.88,0.0,0.12,4.0,3.75,2.75,0.0,0.25,0.25,2.25,1.88,1.38,2.62,0.62,4.0,4.0,1.95,2.05,1.71,1.2,2.43,2.62,2.68,1.7,1.96,1.49,2.8,1.68,2.4,2.4,1.97,1.87,1.98,2.53,2.49,1.93,1.41,4.09,4.21,4.72,2.32,3.4,1.59,2.61,3.75,3.88,0.0,0.0,0.0,3.25,3.12,3.0,2.75,3.5,3.0,0.12,2.75,1.62,3.75,1.0,1.38,0.0,3.75,4.5,3.0,2.88,1.12,3.5,0.5
23-1011.00,Lawyers,0.475,5,864.8,4.1,31.5,75.51462621885156,False,0.8320693391115926,0.6392199349945829,0.7356446370530878,5,0,0.0,True,Nicht hoch GPT-exponiert,0.12,2.0,4.0,0.12,4.5,0.62,0.0,0.0,0.0,0.0,3.0,1.12,3.0,4.25,0.0,0.0,0.0,1.0,4.25,4.12,0.12,2.5,3.12,0.0,4.62,0.0,2.38,5.0,5.0,4.0,2.62,0.0,4.0,0.0,0.0,0.0,3.12,0.0,0.12,4.75,3.62,2.88,0.0,0.0,0.0,2.62,1.12,1.5,2.5,0.62,5.0,5.0,2.28,1.32,2.63,2.28,1.08,2.59,0.91,-0.4,1.89,1.3,2.93,2.33,1.98,0.82,2.26,2.16,2.18,1.09,1.65,2.28,1.6,4.75,4.44,4.67,4.4,2.61,1.92,4.18,4.25,3.38,0.0,0.0,0.0,3.12,4.38,2.12,2.0,3.0,4.38,0.0,2.25,0.38,5.0,0.5,0.0,0.0,3.5,4.0,3.5,3.25,0.5,4.0,0.0
23-1012.00,Judicial Law Clerks,0.4482758620689655,5,14.5,2.5,1.0,71.83098591549296,False,0.1495124593716143,0.46208017334777896,0.3057963163596966,5,0,0.0,True,Nicht hoch GPT-exponiert,0.25,1.62,3.5,0.38,4.0,0.0,0.0,0.25,0.0,0.0,2.88,1.5,3.0,3.0,0.0,0.0,0.0,1.38,4.0,3.62,0.38,2.88,2.88,0.0,4.25,0.0,2.5,4.75,4.38,2.88,2.38,0.0,3.75,0.0,0.0,0.0,2.88,0.0,0.0,3.88,3.88,2.5,0.0,0.0,0.0,2.0,1.0,2.25,1.88,0.75,4.88,4.5,2.14,1.02,3.0,2.35,1.57,2.65,0.48,0.78,1.26,0.6,2.93,2.37,-0.11,0.3,1.8,1.5,1.87,1.39,0.89,1.58,1.22,4.09,4.63,3.67,4.85,2.49,2.79,4.07,3.62,3.0,0.0,0.0,0.0,2.75,3.62,0.0,0.25,0.88,2.88,0.0,0.38,0.25,3.25,0.62,0.88,0.0,2.88,3.12,2.38,2.38,0.75,3.25,0.0
23-1021.00,"Administrative Law Judges, Adjudicators, and Hearing Officers",0.3461538461538461,5,17.5,-0.7,0.5,55.52546045503792,False,0.06988082340195016,0.23835319609967498,0.15411700975081258,5,0,0.0,True,Nicht hoch GPT-exponiert,0.75,2.0,3.25,0.62,4.75,0.0,0.0,0.25,0.0,0.0,3.0,1.5,2.88,3.12,0.0,0.0,0.0,1.38,4.88,3.75,0.75,2.38,2.75,0.0,4.25,0.0,2.62,5.0,5.0,3.0,2.5,0.0,4.0,0.0,0.0,0.0,3.0,0.0,0.0,4.38,4.0,2.38,0.0,0.0,0.0,2.62,0.62,1.0,1.25,0.38,5.0,5.0,1.95,0.71,2.7,2.39,0.73,2.65,0.79,0.45,0.57,-0.5,2.93,2.08,2.1,0.2,1.77,2.01,2.59,1.44,0.99,1.8,1.29,4.36,4.2,4.53,4.52,2.67,3.67,4.42,4.0,2.88,0.0,0.0,0.0,2.88,4.88,1.0,0.62,2.5,3.5,0.0,1.75,0.5,3.62,0.5,0.12,0.0,2.88,4.0,2.75,2.88,0.88,3.38,0.0
23-1022.00,"Arbitrators, Mediators, and Conciliators",0.3709677419354839,5,9.1,4.3,0.3,60.0216684723727,False,0.03791982665222102,0.6619718309859155,0.34994582881906827,5,0,0.0,True,Nicht hoch GPT-exponiert,0.0,1.25,3.0,0.0,4.12,0.25,0.0,0.0,0.0,0.0,2.75,0.25,3.0,3.5,0.0,0.0,0.0,1.12,4.0,3.25,0.0,2.0,2.0,0.0,4.0,0.0,2.0,5.0,5.0,3.12,1.88,0.0,3.88,0.0,0.0,0.0,2.88,0.0,0.0,4.0,4.0,2.88,0.0,0.0,0.0,2.0,1.12,1.12,2.0,0.5,4.88,4.75,1.27,1.98,2.14,2.21,2.7,2.47,2.4,1.56,1.29,0.94,2.93,1.32,0.86,1.32,1.97,1.9,2.63,2.1,2.29,2.06,1.76,3.65,3.67,4.75,4.65,3.05,1.65,3.8,3.75,3.12,0.0,0.0,0.0,3.0,3.75,0.5,0.25,1.75,4.88,0.25,0.5,0.38,4.25,0.75,0.0,0.0,3.0,3.75,2.62,2.5,0.25,2.75,0.0
23-1023.00,"Judges, Magistrate Judges, and Magistrates",0.25,5,27.3,2.5,0.9,43.12026002166847,False,0.13488624052004333,0.46208017334777896,0.29848320693391117,5,0,0.0,True,Nicht hoch GPT-exponiert,0.0,1.25,3.12,0.0,5.0,0.0,0.0,0.12,0.0,0.0,2.88,0.62,3.12,3.75,0.0,0.5,0.0,1.0,5.0,4.0,0.0,2.62,2.88,0.0,4.5,0.0,2.25,5.0,5.0,3.12,2.62,0.0,4.0,0.0,0.12,0.12,3.0,0.0,0.0,4.38,4.0,3.0,0.0,0.0,0.12,2.75,0.25,1.12,1.88,0.0,5.0,5.0,1.74,0.44,2.91,2.28,0.57,2.93,0.67,0.5,0.65,0.13,2.93,2.33,2.4,0.32,1.97,2.16,2.63,1.39,1.27,2.21,1.1,4.68,4.89,4.99,4.75,3.43,2.68,4.73,5.0,3.25,0.0,0.0,0.0,3.12,4.75,0.75,0.75,3.12,3.88,0.0,2.38,0.25,3.62,0.38,0.0,0.0,2.88,4.0,3.25,3.0,0.75,4.0,0.0
23-2011.00,Paralegals and Legal Assistants,0.45,3,376.2,0.2,39.3,72.10184182015168,False,0.8537378114842904,0.2768147345612134,0.5652762730227519,5,0,0.0,True,Nicht hoch GPT-exponiert,0.5,1.75,3.0,0.38,3.0,0.0,0.0,0.12,0.0,0.0,3.0,1.38,2.88,2.88,0.0,0.0,0.0,0.88,3.0,3.0,1.0,2.0,2.62,0.0,4.62,0.0,2.25,4.0,4.0,2.88,2.88,0.0,3.0,0.0,0.0,0.0,2.88,0.0,0.0,3.25,3.75,2.0,0.0,0.0,0.0,2.12,1.25,1.62,2.0,1.0,4.0,4.0,1.77,0.97,2.77,2.06,1.88,2.65,0.84,0.53,1.32,0.63,2.43,1.93,0.02,0.4,1.8,1.1,1.5,1.0,0.9,1.61,0.58,4.53,4.69,4.12,4.79,2.75,3.66,4.36,3.0,3.0,0.0,0.0,0.0,2.25,3.0,0.0,0.0,1.88,2.62,0.0,0.5,0.75,2.88,0.88,0.0,0.0,3.0,3.0,2.0,2.0,0.62,2.88,0.0
23-2093.00,"Title Examiners, Abstractors, and Searchers",0.5535714285714285,2,57.4,2.0,5.4,86.99891657638136,True,0.4799566630552546,0.40303358613217766,0.4414951245937161,5,1,0.2,True,Hoch GPT-exponiert mit begrenzten Wechseloptionen,0.62,1.38,3.12,0.75,3.38,0.38,0.0,0.5,0.0,0.0,2.38,1.38,2.75,2.0,0.0,0.0,0.0,0.88,3.12,3.0,0.75,2.0,2.0,0.0,4.0,0.0,2.12,4.0,4.0,1.88,2.38,0.0,2.88,0.0,0.0,0.0,2.75,0.0,0.0,3.12,3.12,1.62,0.0,0.0,0.0,1.88,1.25,0.88,1.75,0.62,4.0,3.75,1.01,-0.28,3.0,2.43,0.92,2.56,-0.17,0.27,0.35,-0.47,2.17,0.81,-0.41,-0.16,1.1,0.89,0.8,0.5,-0.12,0.97,-0.05,3.65,4.73,4.64,5.0,2.99,3.53,4.41,3.0,3.0,0.0,0.0,0.0,2.0,2.75,0.62,0.62,2.5,2.25,0.0,1.0,0.75,2.38,0.25,0.25,0.0,2.88,2.75,2.12,1.62,0.0,3.25,0.0
25-1011.00,"Business Teachers, Postsecondary",0.4204545454545454,5,103.1,5.7,8.1,67.6056338028169,False,0.5601300108342362,0.7751895991332611,0.6676598049837487,5,0,0.0,True,Nicht hoch GPT-exponiert,0.0,1.38,3.25,0.0,4.25,0.0,0.0,0.0,0.0,0.0,2.75,1.0,2.62,3.12,0.0,0.0,0.0,0.75,4.0,3.62,0.0,3.62,3.0,0.0,3.88,0.0,3.25,5.0,5.25,3.38,2.25,0.0,3.25,0.0,0.0,0.0,2.88,0.0,0.0,5.12,3.62,2.75,0.0,0.0,0.0,2.0,1.62,0.88,2.12,0.75,4.88,5.12,2.14,1.48,1.84,0.72,2.03,2.39,1.48,0.81,1.75,1.72,2.06,2.54,1.7,1.42,1.61,1.66,1.56,1.39,2.26,1.29,1.47,4.11,4.14,4.74,3.25,2.92,1.41,3.68,3.75,3.0,0.0,0.0,0.0,4.62,4.0,0.75,0.88,2.5,2.75,0.12,2.12,0.5,2.88,1.25,0.62,0.0,3.0,3.38,3.25,3.25,0.62,3.5,0.0
25-1021.00,"Computer Science Teachers, Postsecondary",0.369047619047619,5,44.8,5.3,3.5,59.69664138678223,False,0.38136511375947996,0.7535211267605634,0.5674431202600216,5,0,0.0,True,Nicht hoch GPT-exponiert,0.75,0.88,3.75,0.5,3.88,0.88,0.0,0.0,0.0,0.0,2.75,1.62,3.0,3.5,0.0,0.0,0.0,1.25,3.88,3.88,0.38,3.88,2.88,0.0,4.0,0.0,3.0,5.0,5.25,3.62,2.0,0.0,3.5,0.0,0.0,0.0,2.88,0.0,0.0,4.62,3.75,2.25,0.0,0.0,0.0,2.12,1.75,1.5,2.75,0.12,4.88,5.0,2.08,1.75,2.08,0.9,1.99,2.41,1.32,0.7,1.56,2.33,2.06,2.63,1.24,0.95,1.64,1.32,1.63,1.28,1.97,1.27,1.47,4.46,4.63,4.7,3.89,2.94,2.42,4.02,4.0,3.12,0.38,0.5,0.0,4.75,3.88,1.0,1.62,3.0,2.88,0.75,2.62,1.25,3.0,3.12,1.62,0.0,3.25,3.75,3.62,3.38,1.88,3.62,0.38
25-1022.00,"Mathematical Science Teachers, Postsecondary",0.4324324324324324,5,58.9,2.3,4.4,69.77248104008667,False,0.43824485373781147,0.4409534127843987,0.4395991332611051,5,1,0.2,True,Nicht hoch GPT-exponiert,0.0,1.0,3.25,0.0,4.12,0.38,0.0,0.0,0.0,0.0,2.12,0.62,2.5,3.38,0.0,0.0,0.0,0.5,4.12,3.5,0.0,4.75,3.0,0.0,3.88,0.0,4.62,5.0,4.88,3.5,2.12,0.0,3.25,0.0,0.0,0.0,2.75,0.0,0.0,4.88,3.25,2.25,0.0,0.0,0.0,2.62,1.38,0.88,2.12,0.62,4.38,4.5,2.14,1.22,2.31,1.17,1.77,2.62,1.22,0.4,1.35,1.55,1.82,2.67,1.39,0.84,1.55,1.41,1.37,1.11,1.86,1.4,1.22,4.31,4.59,4.34,3.95,3.31,2.21,3.6,3.62,3.0,0.0,0.0,0.0,4.25,3.38,0.62,0.75,2.12,2.62,0.0,1.75,0.25,2.75,0.88,0.5,0.0,3.0,3.25,2.88,3.12,0.62,3.25,0.0
25-1031.00,"Architecture Teachers, Postsecondary",0.426829268292683,5,11.6,2.0,0.9,69.01408450704226,False,0.13488624052004333,0.40303358613217766,0.26895991332611047,5,0,0.0,True,Nicht hoch GPT-exponiert,0.75,1.75,4.0,0.38,4.12,1.38,0.0,0.0,0.0,0.0,3.25,1.5,3.0,3.88,0.0,0.0,0.0,0.88,4.12,4.12,0.0,3.25,2.88,0.0,4.0,0.0,3.25,5.12,5.25,4.12,2.12,0.0,4.12,0.12,0.25,0.0,2.75,0.0,0.62,5.12,3.62,2.25,0.0,0.0,0.0,2.5,1.88,2.25,4.12,0.62,5.0,5.0,2.04,1.54,1.92,0.79,2.03,2.36,1.54,0.53,1.56,2.36,1.7,2.58,1.48,1.23,1.64,1.57,1.34,1.33,2.11,1.32,1.51,4.29,4.55,4.67,3.66,4.05,2.12,3.47,4.25,3.12,0.0,0.38,0.0,4.88,4.12,1.12,2.0,3.0,3.0,0.5,3.12,1.25,3.0,1.0,1.25,0.0,3.25,3.62,3.25,3.5,0.88,3.5,0.38
25-1032.00,"Engineering Teachers, Postsecondary",0.4166666666666666,5,50.3,8.1,4.1,67.28060671722643,False,0.4219934994582882,0.8672806067172264,0.6446370530877573,5,0,0.0,True,Nicht hoch GPT-exponiert,0.62,1.75,4.12,0.12,4.25,1.25,0.0,0.0,0.0,0.0,3.12,1.25,3.0,3.88,0.0,0.0,0.0,2.12,4.25,4.12,0.0,4.25,2.88,0.0,3.88,0.0,4.25,5.12,5.38,3.88,2.12,0.0,3.75,0.12,0.12,0.0,3.12,0.0,0.0,4.75,4.0,2.75,0.0,0.0,0.0,2.38,1.0,2.5,3.38,0.5,5.12,5.0,2.14,1.68,2.02,1.32,1.74,2.3,1.17,0.56,1.72,2.48,2.21,2.72,1.39,0.95,1.64,1.7,1.47,1.23,1.95,1.43,1.53,4.25,4.8,4.58,3.53,2.31,2.13,3.55,3.38,3.0,0.0,0.38,0.0,4.62,4.0,1.25,1.25,2.75,3.0,0.62,2.88,1.88,2.88,1.62,1.5,0.0,2.88,3.5,3.38,3.38,1.88,3.0,0.5
25-1041.00,"Agricultural Sciences Teachers, Postsecondary",0.5888888888888889,5,10.7,4.1,0.8,90.84507042253522,True,0.11755146262188516,0.6392199349945829,0.37838569880823403,5,1,0.2,True,Hoch GPT-exponiert mit begrenzten Wechseloptionen,1.12,1.5,3.12,1.75,4.25,1.0,0.0,0.88,0.38,1.0,3.12,2.0,2.38,3.75,0.0,0.75,0.5,1.12,4.25,3.88,1.12,3.25,3.0,1.25,3.38,0.0,3.12,5.0,5.62,3.75,2.12,0.0,3.75,0.75,0.75,0.5,2.25,0.0,0.12,5.0,4.0,2.12,0.0,0.88,1.0,2.0,2.0,1.25,2.0,1.0,4.88,4.88,2.14,1.79,1.97,1.0,2.1,2.27,1.46,0.67,1.56,2.15,2.03,2.72,1.64,1.16,1.61,1.57,1.25,1.28,2.22,1.38,1.39,4.16,4.89,4.7,4.16,2.58,1.89,3.58,3.88,3.25,0.0,0.0,0.0,4.75,4.0,1.25,1.75,2.88,2.62,1.12,1.5,1.38,2.88,0.88,1.88,0.0,3.0,3.38,3.25,3.38,0.75,3.5,0.88
25-1042.00,"Biological Science Teachers, Postsecondary",0.3979591836734693,5,66.0,7.3,5.4,64.13867822318527,False,0.4799566630552546,0.8553629469122427,0.6676598049837487,5,0,0.0,True,Nicht hoch GPT-exponiert,1.12,1.5,4.0,1.12,4.12,0.88,0.0,0.0,0.0,0.0,3.0,1.5,2.38,3.62,0.0,0.0,0.0,0.88,4.25,4.0,1.0,3.12,2.88,0.0,4.0,0.0,2.75,5.12,5.5,3.75,2.25,0.0,3.62,0.0,0.0,0.0,2.75,0.0,0.0,4.88,4.0,2.25,0.0,0.0,0.0,2.25,1.62,2.0,2.12,0.12,5.0,5.0,2.14,1.65,2.05,0.84,1.88,2.36,1.71,0.78,1.75,2.12,2.17,2.72,1.53,1.39,1.58,1.47,1.56,1.16,2.13,1.43,1.33,4.41,4.87,4.95,4.22,2.86,1.95,4.05,3.75,2.88,0.62,0.38,0.0,4.38,4.12,1.5,1.75,2.75,2.88,0.12,2.38,1.0,2.88,0.5,1.38,0.88,3.12,3.38,3.25,3.25,0.38,3.5,0.88
25-1043.00,"Forestry and Conservation Science Teachers, Postsecondary",0.4239130434782608,5,1.6,4.0,0.1,68.20151679306609,False,0.011375947995666305,0.628385698808234,0.3198808234019502,5,0,0.0,True,Nicht hoch GPT-exponiert,0.62,1.5,3.25,1.25,4.12,1.88,0.0,0.38,0.38,0.38,3.0,1.0,2.12,3.75,0.75,0.38,0.38,1.62,4.12,3.25,0.0,3.25,2.88,1.38,3.75,0.62,2.88,4.88,5.0,3.75,2.38,0.62,3.75,0.5,0.88,0.75,2.75,0.62,0.75,4.88,4.0,2.0,0.0,0.38,0.62,2.12,0.88,1.75,2.25,0.38,5.0,4.88,2.04,1.54,1.84,0.72,1.99,2.3,1.32,0.56,1.53,2.09,2.03,2.72,1.5,0.95,1.61,1.24,1.31,1.39,2.06,1.19,1.47,4.49,4.79,4.77,3.7,3.44,2.26,3.85,4.0,3.0,0.0,0.0,0.0,4.88,3.5,1.75,1.75,3.0,2.88,1.38,2.62,1.5,2.88,1.12,1.25,0.0,3.0,3.75,3.0,3.12,1.0,3.25,0.62
25-1051.00,"Atmospheric, Earth, Marine, and Space Sciences Teachers, Postsecondary",0.4,5,14.0,2.6,1.0,64.68039003250271,False,0.1495124593716143,0.4745395449620802,0.3120260021668472,5,0,0.0,True,Nicht hoch GPT-exponiert,0.12,1.75,4.0,0.0,4.25,0.75,0.0,0.12,0.0,0.0,3.0,0.88,2.75,3.88,0.0,0.0,0.0,1.12,4.25,4.0,0.0,4.0,3.0,0.25,4.0,0.0,3.38,5.12,5.25,3.88,2.12,0.0,4.12,0.0,0.0,0.0,2.75,0.0,0.0,5.12,3.75,2.25,0.0,0.0,0.25,2.12,1.38,1.75,2.25,0.5,5.12,5.12,2.14,1.61,1.86,1.14,2.14,2.3,1.25,0.45,1.53,2.09,1.99,2.72,1.56,1.04,1.58,1.41,1.19,1.28,2.04,1.29,1.51,4.29,4.64,4.86,3.84,3.27,2.43,3.68,3.88,3.12,0.0,0.0,0.0,4.25,4.0,1.38,2.12,2.88,3.0,0.0,2.88,1.0,3.0,1.0,0.75,0.0,3.25,3.62,3.62,3.25,0.75,3.62,0.12
25-1052.00,"Chemistry Teachers, Postsecondary",0.4019607843137255,5,25.4,2.2,1.9,65.11375947995667,False,0.2535211267605634,0.43066088840736727,0.3420910075839653,5,0,0.0,True,Nicht hoch GPT-exponiert,0.25,1.75,3.88,0.0,4.5,1.0,0.0,0.0,0.0,0.0,2.88,1.5,3.0,3.38,0.0,0.0,0.0,1.25,4.38,3.75,0.5,3.75,3.12,0.0,3.88,0.0,3.12,5.38,5.5,3.5,2.5,0.0,3.88,0.0,0.0,0.0,3.12,0.0,0.0,4.5,4.0,2.25,0.0,0.0,0.0,2.75,1.75,2.12,2.88,0.25,5.0,5.0,2.14,1.41,2.57,2.32,0.92,2.56,1.35,-0.34,1.56,1.8,2.17,2.72,1.42,1.07,1.4,0.97,0.97,0.62,2.06,1.61,1.39,4.3,4.74,4.71,4.39,2.49,1.91,3.78,4.0,3.0,0.12,0.88,0.0,4.62,3.75,1.75,1.75,3.0,2.38,0.25,3.0,1.88,3.0,1.12,2.12,0.0,3.0,3.38,3.25,3.12,1.25,3.62,1.12
25-1053.00,"Environmental Science Teachers, Postsecondary",0.4239130434782608,5,9.0,2.9,0.7,68.20151679306609,False,0.10184182015167931,0.4891657638136511,0.2955037919826652,5,0,0.0,True,Nicht hoch GPT-exponiert,0.0,1.62,3.25,0.0,4.12,0.75,0.0,0.0,0.0,0.0,3.0,0.62,2.62,3.5,0.0,0.0,0.0,0.75,4.12,3.75,0.0,3.12,2.88,0.0,3.75,0.0,2.5,4.88,5.12,3.5,2.12,0.0,3.38,0.0,0.0,0.0,2.75,0.0,0.0,4.88,3.25,2.12,0.0,0.0,0.0,2.5,1.12,1.62,1.75,0.62,5.0,5.0,2.14,1.72,2.05,0.82,1.92,2.39,1.43,0.58,1.69,2.3,2.06,3.0,1.45,1.19,1.58,1.57,1.25,1.23,2.06,1.43,1.56,4.26,4.64,4.52,4.11,2.95,2.36,3.59,3.88,3.25,0.0,0.0,0.0,4.38,3.88,1.5,2.0,2.88,2.88,0.0,2.88,0.88,3.0,0.38,1.38,0.0,3.12,3.62,3.12,3.12,0.38,3.5,0.5
25-1054.00,"Physics Teachers, Postsecondary",0.3720930232558139,5,17.1,2.5,1.3,60.5092091007584,False,0.19393282773564463,0.46208017334777896,0.32800650054171177,5,0,0.0,True,Nicht hoch GPT-exponiert,1.5,1.5,3.62,0.88,4.38,1.12,0.0,0.0,0.0,0.25,3.0,1.88,2.12,3.75,0.0,0.0,0.0,1.38,4.38,3.88,1.25,4.0,2.88,0.0,3.88,0.0,3.5,5.75,5.62,3.5,2.12,0.0,3.62,0.5,0.5,0.0,2.75,0.0,0.0,4.88,3.5,2.12,0.0,0.0,0.0,2.12,1.62,2.25,2.38,0.62,4.88,5.0,2.14,1.44,2.02,1.06,1.88,2.33,1.22,0.32,1.44,2.06,2.1,2.72,1.29,1.04,1.64,1.6,1.4,1.05,1.81,1.52,1.45,4.41,4.55,4.76,3.55,2.75,1.84,3.69,4.0,3.12,1.25,1.0,0.0,4.38,3.88,1.38,2.0,3.12,2.5,0.62,2.75,1.62,3.0,1.12,2.12,1.38,3.0,3.12,3.12,3.0,1.0,3.12,1.5
25-1061.00,"Anthropology and Archeology Teachers, Postsecondary",0.4081632653061224,5,6.5,2.7,0.5,66.35969664138678,False,0.06988082340195016,0.4810400866738895,0.2754604550379198,5,0,0.0,True,Nicht hoch GPT-exponiert,0.88,1.88,4.0,0.5,4.12,0.12,0.0,0.0,0.0,0.0,3.25,0.88,2.88,3.88,0.0,0.0,0.0,0.88,4.5,3.75,0.88,3.0,3.12,0.0,4.0,0.0,2.5,5.12,5.38,3.75,2.0,0.0,3.62,0.0,0.0,0.0,3.12,0.0,0.12,4.88,3.75,2.38,0.0,0.0,0.0,2.75,1.25,1.5,2.0,0.88,5.0,5.12,2.14,1.61,1.86,0.64,1.88,2.25,1.46,0.84,1.89,2.36,2.06,2.72,1.56,0.84,1.67,1.47,1.34,1.26,2.11,1.27,1.72,4.09,4.55,4.55,3.55,3.55,2.18,3.41,3.75,3.25,0.0,0.0,0.0,4.75,4.0,0.62,1.0,3.25,2.88,0.0,2.12,0.25,3.0,0.62,0.38,0.0,3.12,3.75,3.12,3.38,0.62,3.62,0.0
25-1062.00,"Area, Ethnic, and Cultural Studies Teachers, Postsecondary",0.4444444444444445,5,14.5,2.4,1.1,71.23510292524377,False,0.1635969664138678,0.45016251354279524,0.3068797399783315,5,0,0.0,True,Nicht hoch GPT-exponiert,0.0,1.88,3.0,0.0,3.75,0.38,0.0,0.0,0.0,0.0,2.62,0.75,2.25,3.62,0.0,0.0,0.0,1.25,3.75,3.12,0.0,2.25,2.88,0.0,3.88,0.0,2.12,4.88,5.0,3.75,2.12,0.0,3.25,0.0,0.0,0.0,2.75,0.0,0.0,4.62,3.25,2.12,0.0,0.0,0.0,2.62,1.12,1.25,2.12,0.0,4.88,4.88,2.11,1.72,1.76,0.9,2.1,2.36,2.1,1.06,1.89,2.3,2.06,2.72,1.7,1.39,1.58,1.57,1.66,1.6,2.26,1.32,1.81,4.47,4.69,4.65,3.55,2.71,1.9,4.03,3.62,3.0,0.0,0.0,0.0,3.88,3.62,1.62,1.62,3.12,2.38,0.0,2.75,0.38,3.12,1.0,0.62,0.0,3.0,3.5,3.0,3.0,1.0,3.75,0.0
25-1063.00,"Economics Teachers, Postsecondary",0.4390243902439024,5,15.8,2.1,1.2,70.47670639219935,False,0.17876489707475623,0.41765980498374866,0.2982123510292525,5,0,0.0,True,Nicht hoch GPT-exponiert,0.0,2.0,3.25,0.0,4.12,0.62,0.0,0.0,0.0,0.0,3.0,1.5,2.75,3.25,0.0,0.0,0.0,1.5,4.12,3.25,0.0,3.75,3.0,0.0,3.88,0.0,4.0,5.0,5.0,3.0,2.5,0.0,3.88,0.0,0.0,0.0,2.75,0.0,0.0,4.75,3.88,2.38,0.0,0.0,0.0,2.5,1.25,1.5,2.62,0.5,5.0,5.0,2.14,1.44,1.92,0.72,1.5,2.33,1.3,0.4,1.66,1.74,1.99,2.72,1.53,0.84,1.61,1.66,1.43,1.07,2.06,1.49,1.58,4.24,4.45,4.73,3.87,3.13,2.09,3.38,3.62,3.0,0.0,0.0,0.0,4.25,3.88,1.12,0.88,2.62,2.12,0.0,2.75,1.12,2.5,1.38,0.25,0.0,2.75,3.5,3.12,3.12,0.75,3.0,0.0
25-1064.00,"Geography Teachers, Postsecondary",0.4659090909090909,5,4.0,3.3,0.3,74.10617551462622,False,0.03791982665222102,0.5444203683640303,0.29117009750812567,5,0,0.0,True,Nicht hoch GPT-exponiert,0.0,1.38,3.62,0.0,3.88,0.25,0.0,0.0,0.0,0.0,2.75,0.75,2.5,3.62,0.0,0.0,0.0,1.38,3.88,3.62,0.0,2.88,2.5,0.0,3.38,0.0,2.75,4.88,4.88,3.62,2.12,0.0,3.25,0.0,0.0,0.0,2.75,0.0,0.38,4.62,3.75,2.25,0.0,0.0,0.0,2.12,1.75,1.5,2.38,0.0,5.0,4.88,2.04,1.44,1.86,0.64,1.88,2.27,1.48,0.64,1.72,1.97,1.89,2.72,1.26,1.16,1.58,1.54,1.37,1.21,2.06,1.24,1.49,4.35,4.79,4.93,4.0,2.71,2.4,3.76,3.75,3.38,0.0,0.0,0.0,4.75,3.75,1.38,1.25,3.0,3.0,0.0,2.5,0.5,3.12,1.38,0.38,0.0,3.0,3.25,3.0,3.0,1.12,3.25,0.0
25-1065.00,"Political Science Teachers, Postsecondary",0.4146341463414634,5,21.8,2.0,1.6,67.06392199349945,False,0.2258938244853738,0.40303358613217766,0.3144637053087757,5,0,0.0,True,Nicht hoch GPT-exponiert,0.0,1.0,3.12,0.0,3.88,0.12,0.0,0.25,0.0,0.0,2.75,0.25,2.0,3.25,0.0,0.0,0.0,0.62,3.88,3.12,0.0,2.38,2.88,0.0,3.75,0.0,2.0,5.0,5.0,3.25,2.0,0.0,3.25,0.0,0.0,0.0,2.88,0.0,0.0,4.62,3.38,2.0,0.0,0.0,0.0,2.12,1.12,1.25,1.25,0.12,5.0,5.0,2.11,1.51,1.76,0.59,1.99,2.33,1.68,0.84,1.66,1.89,2.24,3.0,1.61,1.01,1.58,1.7,1.63,1.41,2.24,1.4,1.68,4.13,4.49,4.75,3.78,2.74,2.57,3.57,4.0,3.0,0.0,0.0,0.0,4.25,3.75,0.88,1.0,2.88,2.88,0.0,2.88,0.25,3.12,0.25,0.5,0.0,3.12,3.5,3.0,3.0,0.25,3.12,0.0
25-1066.00,"Psychology Teachers, Postsecondary",0.39,5,52.5,3.6,4.0,63.16359696641387,False,0.4122426868905742,0.5828819068255688,0.4975622968580715,5,0,0.0,True,Nicht hoch GPT-exponiert,0.0,1.0,3.38,0.0,4.12,0.38,0.0,0.0,0.0,0.0,3.0,0.62,2.38,3.5,0.0,0.0,0.0,0.62,4.12,3.38,0.0,3.12,2.88,0.0,3.5,0.0,2.62,4.88,5.0,3.38,2.12,0.0,3.75,0.0,0.0,0.0,2.5,0.0,0.0,5.0,4.0,2.12,0.12,0.0,0.12,2.0,1.38,0.75,2.0,0.5,5.0,5.0,2.14,1.65,1.79,0.69,2.03,2.33,2.23,0.96,1.93,2.06,2.28,3.0,1.78,1.42,1.58,1.66,1.77,1.72,2.26,1.43,1.51,4.37,4.96,4.89,3.61,2.61,2.39,3.39,3.88,3.0,0.0,0.0,0.0,4.25,4.12,0.75,1.0,3.0,2.5,0.0,2.25,0.38,2.88,1.0,0.5,0.0,3.0,4.5,3.12,3.25,0.75,3.5,0.0
25-1067.00,"Sociology Teachers, Postsecondary",0.3977272727272727,5,15.4,2.1,1.1,64.03033586132177,False,0.1635969664138678,0.41765980498374866,0.2906283856988082,5,0,0.0,True,Nicht hoch GPT-exponiert,0.0,0.62,3.12,0.0,4.12,0.0,0.0,0.12,0.0,0.0,3.0,0.62,2.25,3.25,0.0,0.0,0.0,0.5,4.12,3.25,0.0,2.62,3.0,0.0,3.75,0.0,2.25,5.0,5.0,3.12,2.12,0.0,3.5,0.0,0.0,0.0,2.62,0.0,0.0,4.88,3.88,2.12,0.0,0.0,0.0,2.0,1.25,0.88,1.12,0.38,4.88,5.0,2.04,1.51,1.76,0.59,1.88,2.27,2.01,0.9,1.75,2.0,2.03,2.72,1.45,1.39,1.61,1.57,1.77,1.66,2.24,1.46,1.64,4.24,4.62,4.83,3.76,2.82,2.74,3.72,3.75,2.88,0.0,0.0,0.0,4.62,4.0,0.75,0.88,2.62,2.75,0.0,2.5,0.38,2.88,0.5,0.5,0.0,3.0,3.88,3.25,3.25,0.38,3.62,0.0
25-1071.00,"Health Specialties Teachers, Postsecondary",0.3875,5,289.6,17.3,27.4,62.730227518959914,False,0.8071505958829902,0.9794149512459371,0.8932827735644637,5,0,0.0,True,Nicht hoch GPT-exponiert,1.12,1.75,3.5,1.12,3.88,0.75,0.0,0.88,0.5,0.88,2.75,1.62,2.75,3.25,0.0,0.25,0.12,1.25,3.88,3.75,1.0,3.0,2.88,1.12,3.62,0.0,2.88,4.88,5.12,3.75,2.12,0.0,3.75,0.5,0.5,0.0,3.0,0.0,0.0,4.62,3.75,2.75,0.0,0.62,1.12,2.75,1.5,2.25,2.12,0.75,5.0,5.0,2.14,1.83,2.25,1.09,2.03,2.33,2.01,0.78,1.82,1.92,2.17,2.72,1.72,1.36,1.77,1.6,1.84,1.52,2.08,1.52,1.53,4.76,4.92,4.83,3.84,3.14,2.67,3.79,4.0,3.5,0.75,0.62,0.0,4.38,3.88,1.12,1.25,2.88,3.0,0.62,2.75,1.38,3.12,0.5,1.38,0.75,3.0,3.62,2.88,2.88,0.5,3.88,0.75
25-1072.00,"Nursing Instructors and Teachers, Postsecondary",0.3725490196078431,5,91.6,16.8,8.6,60.67172264355363,False,0.5763813651137595,0.9750812567713976,0.7757313109425785,5,0,0.0,True,Nicht hoch GPT-exponiert,2.88,2.12,3.75,1.75,4.0,1.38,0.0,1.12,0.88,1.5,2.88,2.5,3.0,3.75,0.0,1.12,1.25,1.5,4.0,3.88,2.25,3.0,2.88,2.0,4.0,0.0,2.88,5.0,5.0,3.62,2.5,0.0,4.12,0.0,0.5,0.88,3.0,0.0,0.0,4.88,4.0,2.88,0.0,1.5,1.62,3.0,2.12,2.25,2.62,0.88,5.0,4.88,2.14,1.83,2.47,2.28,2.43,2.65,2.33,1.12,1.79,1.44,2.21,2.2,2.07,2.1,1.77,1.66,2.14,2.07,2.33,2.13,1.22,4.65,4.59,4.15,4.68,3.65,2.7,3.8,4.0,4.0,0.0,0.38,0.0,5.0,3.88,1.62,1.75,3.0,3.0,0.62,2.5,2.0,3.12,1.12,1.88,0.0,3.25,4.0,3.25,3.25,1.12,3.75,1.0
25-1081.00,"Education Teachers, Postsecondary",0.4404761904761904,5,74.9,2.1,5.6,70.74756229685806,False,0.49512459371614304,0.41765980498374866,0.45639219934994585,5,1,0.2,True,Nicht hoch GPT-exponiert,0.75,1.12,3.12,0.5,4.25,0.38,0.0,0.12,0.0,0.0,3.12,1.12,2.12,3.25,0.0,0.0,0.0,0.75,4.12,3.38,0.75,2.25,2.75,0.0,4.0,0.0,2.12,5.12,5.12,3.25,2.25,0.0,3.88,0.0,0.0,0.0,2.88,0.0,0.0,5.0,4.0,2.12,0.0,0.0,0.0,2.0,1.75,0.75,1.38,0.5,5.0,5.0,2.14,1.68,1.89,0.74,2.22,2.39,2.01,0.84,1.86,2.3,2.21,2.67,1.56,1.46,1.61,1.66,1.5,1.72,2.26,1.8,1.62,4.53,4.71,4.86,4.3,2.64,3.49,3.52,4.0,3.0,0.0,0.0,0.0,4.25,4.0,1.25,1.88,3.0,2.88,0.0,2.62,0.25,2.88,0.5,0.25,0.0,2.88,3.62,3.25,3.25,0.75,3.5,0.0
25-1082.00,"Library Science Teachers, Postsecondary",0.425531914893617,5,5.1,3.0,0.4,68.36403033586133,False,0.05579631635969664,0.5032502708559047,0.27952329360780065,5,0,0.0,True,Nicht hoch GPT-exponiert,0.0,1.0,3.62,0.0,4.12,0.62,0.0,0.38,0.0,0.0,3.0,0.88,2.88,3.12,0.0,0.0,0.0,0.75,4.0,3.88,0.0,2.38,2.88,0.0,4.0,0.0,2.25,5.0,4.88,3.0,2.25,0.0,3.62,0.0,0.0,0.0,2.88,0.0,0.0,4.75,3.62,2.25,0.0,0.0,0.0,2.38,1.38,0.88,2.0,0.38,5.0,4.88,1.98,1.48,1.97,0.74,2.03,2.3,1.68,0.9,1.59,1.58,1.99,2.72,1.26,1.01,1.61,1.32,1.14,1.31,2.24,1.07,1.33,4.34,4.21,4.86,3.6,2.77,3.36,3.58,3.75,3.25,0.0,0.0,0.0,4.12,3.75,1.25,1.38,2.88,2.62,0.0,1.62,0.5,2.75,0.75,0.75,0.0,2.88,3.62,3.38,3.38,0.75,3.5,0.0
25-1111.00,"Criminal Justice and Law Enforcement Teachers, Postsecondary",0.4375,5,16.2,2.0,1.2,70.26002166847238,False,0.17876489707475623,0.40303358613217766,0.2908992416034669,5,0,0.0,True,Nicht hoch GPT-exponiert,0.0,1.25,3.12,0.0,3.88,0.0,0.0,0.0,0.0,0.0,2.5,0.62,2.25,3.12,0.0,0.0,0.0,0.88,3.88,3.25,0.0,2.38,2.75,0.0,3.62,0.0,2.0,5.0,5.0,3.0,2.0,0.0,3.75,0.0,0.0,0.0,2.75,0.0,0.0,4.5,3.25,2.12,0.0,0.0,0.0,2.5,1.0,1.25,2.0,0.12,5.0,5.0,2.04,1.48,1.94,0.79,2.03,2.41,1.43,0.75,1.5,1.33,2.36,2.37,1.64,0.9,1.4,1.54,1.6,1.46,2.24,1.29,1.49,4.46,4.49,4.64,3.71,3.26,2.41,3.72,3.75,3.0,0.0,0.0,0.0,4.12,3.62,0.5,0.62,2.88,2.75,0.0,2.25,0.5,3.0,0.5,0.12,0.0,3.0,3.75,3.12,2.88,0.38,3.25,0.0
25-1112.00,"Law Teachers, Postsecondary",0.5875,5,29.5,2.2,2.2,90.5742145178765,True,0.2833152762730228,0.43066088840736727,0.356988082340195,5,1,0.2,True,Hoch GPT-exponiert mit begrenzten Wechseloptionen,0.0,1.25,3.62,0.0,4.88,0.0,0.0,0.0,0.0,0.0,2.38,0.88,2.25,3.75,0.0,0.0,0.0,0.75,4.5,3.62,0.0,2.12,3.12,0.0,4.38,0.0,2.12,5.12,5.38,3.75,2.25,0.0,3.62,0.0,0.0,0.0,2.5,0.0,0.0,5.38,3.88,2.38,0.0,0.0,0.0,2.0,1.38,0.75,1.5,0.62,5.0,5.0,2.14,1.51,1.94,1.44,1.99,2.36,1.54,0.42,1.79,1.47,2.32,2.67,1.95,0.95,1.64,1.76,1.7,1.39,2.15,1.58,1.6,4.51,4.45,4.75,4.12,2.62,2.01,3.45,3.75,3.0,0.0,0.0,0.0,4.38,4.12,0.25,0.62,2.75,3.12,0.0,1.25,0.5,3.75,0.75,0.5,0.0,3.0,3.12,3.12,3.5,0.75,3.12,0.0
25-1113.00,"Social Work Teachers, Postsecondary",0.5113636363636364,5,17.1,2.3,1.3,81.36511375947995,True,0.19393282773564463,0.4409534127843987,0.31744312026002164,5,0,0.0,True,Hoch GPT-exponiert mit begrenzten Wechseloptionen,0.0,1.5,3.25,0.0,4.25,0.5,0.0,0.0,0.0,0.0,3.0,0.88,2.38,3.62,0.0,0.0,0.0,0.88,4.0,3.88,0.0,2.38,2.88,0.0,3.62,0.0,2.0,4.88,5.0,3.62,2.0,0.0,3.75,0.0,0.0,0.0,2.5,0.0,0.0,5.12,4.0,2.12,0.0,0.0,0.0,2.25,1.12,1.0,2.0,0.62,4.88,5.0,2.04,1.48,1.62,0.64,2.22,2.36,2.3,1.22,1.86,1.74,2.1,2.28,1.95,1.98,1.58,1.63,1.91,1.97,2.4,1.55,1.45,4.19,4.65,4.73,3.37,2.62,2.14,3.51,3.88,3.75,0.0,0.0,0.0,4.88,4.0,0.88,1.5,2.88,3.0,0.0,2.88,0.5,3.0,1.0,0.5,0.0,3.62,3.88,3.12,3.38,0.88,3.62,0.0
25-1121.00,"Art, Drama, and Music Teachers, Postsecondary",0.59375,5,122.8,1.7,9.0,91.65763813651138,True,0.5845070422535211,0.37378114842903576,0.47914409534127844,5,2,0.4,True,Hoch GPT-exponiert mit guten Wechseloptionen,2.12,2.0,3.75,1.88,3.88,0.75,0.12,0.5,0.25,0.38,3.25,2.12,2.38,4.0,0.0,0.25,0.12,1.88,3.75,3.62,2.12,2.0,3.0,1.0,4.0,0.0,1.88,5.0,5.0,4.0,2.12,0.0,3.12,0.25,0.5,0.25,2.75,0.0,0.25,4.62,3.88,2.12,0.12,0.25,0.75,2.38,1.75,3.0,3.0,0.62,5.0,4.75,1.92,1.61,1.4,-0.26,2.07,2.22,2.07,0.56,1.72,2.51,1.7,2.2,1.5,1.9,1.67,1.66,1.43,1.66,2.26,1.29,1.6,4.72,4.43,4.53,3.47,3.96,2.66,3.41,3.38,3.12,0.0,0.25,0.25,4.75,3.62,1.5,2.0,2.88,2.75,0.25,2.62,0.5,3.0,0.38,0.75,0.5,2.88,3.75,3.0,3.0,0.62,3.75,0.0
25-1122.00,"Communications Teachers, Postsecondary",0.5750000000000001,5,35.8,2.1,2.7,89.1115926327194,True,0.33098591549295775,0.41765980498374866,0.3743228602383532,5,0,0.0,True,Hoch GPT-exponiert mit begrenzten Wechseloptionen,0.12,1.62,3.12,0.0,4.0,0.25,0.0,0.0,0.0,0.0,2.75,0.5,2.38,3.25,0.0,0.0,0.0,1.12,3.88,3.12,0.12,2.25,2.88,0.0,3.75,0.0,2.25,4.88,5.0,3.12,2.12,0.0,3.62,0.0,0.0,0.0,2.75,0.12,0.0,4.62,3.75,2.25,0.0,0.0,0.0,2.12,1.62,1.25,2.12,0.25,4.75,4.88,2.04,1.79,1.67,0.39,2.1,2.3,2.07,0.87,1.56,1.89,2.03,2.45,1.61,1.6,1.64,1.7,1.66,1.6,2.33,1.38,1.43,4.53,4.59,4.85,3.55,3.02,2.47,3.74,3.5,3.0,0.0,0.0,0.0,4.62,3.88,1.5,1.12,3.0,3.0,0.0,2.12,0.75,3.0,0.62,0.38,0.0,3.0,3.62,3.12,3.0,0.75,3.38,0.0
25-1123.00,"English Language and Literature Teachers, Postsecondary",0.5714285714285714,5,72.2,0.0,5.1,88.67822318526544,True,0.46803900325027087,0.2681473456121343,0.3680931744312026,5,0,0.0,True,Hoch GPT-exponiert mit begrenzten Wechseloptionen,0.0,0.88,3.5,0.0,3.88,0.0,0.0,0.0,0.0,0.0,2.5,0.25,2.62,3.88,0.0,0.0,0.0,1.0,3.88,3.5,0.0,1.88,3.0,0.0,3.75,0.0,1.88,5.0,5.0,3.75,1.88,0.0,3.62,0.0,0.0,0.0,2.88,0.0,0.0,4.75,3.88,2.38,0.0,0.0,0.0,2.25,0.88,1.25,2.0,0.0,5.0,5.0,2.04,1.48,1.84,0.64,1.92,2.3,2.04,0.93,1.56,2.12,1.82,2.45,1.21,1.56,1.61,1.6,1.53,1.6,2.2,1.4,1.43,4.42,4.2,4.59,3.7,3.0,1.74,3.78,3.5,3.12,0.0,0.0,0.0,4.38,3.75,0.0,0.5,3.0,3.0,0.0,2.0,0.25,3.0,0.62,0.25,0.0,3.12,3.75,3.0,3.0,0.5,3.25,0.0
25-1124.00,"Foreign Language and Literature Teachers, Postsecondary",0.5666666666666667,5,26.4,-0.2,1.9,87.97399783315277,True,0.2535211267605634,0.2573131094257855,0.25541711809317447,5,1,0.2,True,Hoch GPT-exponiert mit begrenzten Wechseloptionen,0.0,2.0,3.0,0.0,3.62,0.0,0.0,0.0,0.0,0.0,2.75,0.62,2.38,3.38,0.0,0.0,0.0,1.5,3.75,3.0,0.0,1.88,2.88,0.0,3.75,0.0,1.88,4.88,4.88,3.25,2.0,0.0,3.38,0.0,0.0,0.0,2.88,0.0,0.0,4.88,4.5,2.0,0.0,0.0,0.0,2.0,1.75,1.25,2.0,0.0,4.75,4.75,2.04,1.72,2.02,0.57,2.07,2.39,1.95,0.96,1.75,1.69,1.73,2.67,1.26,1.67,1.64,1.63,1.63,1.55,2.29,1.52,1.51,4.0,4.11,4.28,3.27,3.09,1.5,3.27,3.62,3.0,0.0,0.0,0.0,4.12,3.75,0.12,0.62,2.75,2.75,0.0,2.38,0.5,2.75,0.88,0.75,0.0,3.0,3.62,2.88,3.0,0.88,3.25,0.0
25-1125.00,"History Teachers, Postsecondary",0.5888888888888889,5,24.6,-0.2,1.7,90.84507042253522,True,0.23672806067172264,0.2573131094257855,0.24702058504875407,5,0,0.0,True,Hoch GPT-exponiert mit begrenzten Wechseloptionen,0.0,1.12,3.25,0.0,3.88,0.0,0.0,0.25,0.0,0.0,2.88,0.0,2.12,3.38,0.0,0.0,0.0,0.62,3.88,3.5,0.0,2.0,3.0,0.0,3.75,0.0,2.0,4.88,5.0,3.12,2.0,0.0,3.25,0.0,0.0,0.0,3.0,0.0,0.0,4.5,3.25,2.25,0.0,0.0,0.0,2.12,1.0,1.12,1.38,0.12,5.0,5.0,2.01,1.41,1.79,0.57,1.84,2.27,1.48,0.81,1.75,1.55,2.03,2.63,1.26,1.04,1.64,1.5,1.31,1.36,2.11,1.43,1.43,4.08,4.45,4.91,4.27,2.44,2.91,3.78,3.75,3.12,0.0,0.0,0.0,4.25,3.75,0.88,0.75,3.0,2.88,0.0,2.5,0.38,3.0,0.25,0.25,0.0,3.12,3.88,3.0,3.0,0.25,3.75,0.0
25-1126.00,"Philosophy and Religion Teachers, Postsecondary",0.5909090909090909,5,27.3,0.7,2.0,91.27843986998917,True,0.2638136511375948,0.30119176598049835,0.2825027085590466,5,0,0.0,True,Hoch GPT-exponiert mit begrenzten Wechseloptionen,0.0,1.12,3.12,0.0,4.12,0.0,0.0,0.0,0.0,0.0,2.62,0.62,2.12,3.25,0.0,0.0,0.0,0.75,4.25,3.25,0.0,2.12,2.88,0.0,3.62,0.0,2.12,5.0,5.12,3.25,2.25,0.0,3.25,0.0,0.0,0.0,2.5,0.0,0.0,5.0,3.38,2.12,0.0,0.0,0.0,2.0,1.62,0.88,1.75,0.25,5.0,5.0,2.08,1.51,1.62,0.67,2.07,2.22,1.83,0.9,1.56,2.12,2.4,3.0,1.39,0.76,1.58,1.44,1.47,1.84,2.13,1.24,1.83,4.3,4.27,4.62,4.23,2.82,2.37,3.64,3.75,3.0,0.0,0.0,0.0,4.38,3.62,0.25,0.88,2.75,2.5,0.0,1.88,0.5,3.12,0.75,0.38,0.0,3.0,3.38,3.12,3.25,0.62,3.0,0.0
25-1192.00,"Family and Consumer Sciences Teachers, Postsecondary",0.65,5,3.2,3.4,0.2,95.55796316359697,True,0.02275189599133261,0.5579631635969664,0.2903575297941495,5,0,0.0,True,Hoch GPT-exponiert mit begrenzten Wechseloptionen,0.0,1.12,3.12,0.12,4.0,0.75,0.0,0.0,0.0,0.12,3.12,1.38,2.38,3.12,0.0,0.0,0.0,1.0,3.75,3.38,0.12,3.0,2.88,0.0,3.62,0.0,2.38,4.88,4.88,3.38,2.25,0.0,3.25,0.0,0.0,0.0,2.75,0.0,0.0,4.62,3.38,2.0,0.0,0.0,0.0,2.0,1.75,2.0,2.38,0.75,4.75,4.5,2.04,1.68,1.94,0.79,2.26,2.36,2.2,0.99,1.56,1.52,2.03,2.33,1.45,1.63,1.58,1.41,1.63,1.66,2.26,1.46,1.26,4.75,4.26,4.45,3.88,2.86,2.01,4.05,3.25,3.0,0.0,0.0,0.0,4.25,3.62,0.88,1.38,2.62,2.5,0.0,2.25,0.62,2.88,0.75,1.38,0.0,3.0,3.25,3.12,3.25,0.75,3.12,0.38
25-1193.00,"Recreation and Fitness Studies Teachers, Postsecondary",0.6162790697674418,5,15.4,2.4,1.1,93.60780065005417,True,0.1635969664138678,0.45016251354279524,0.3068797399783315,5,1,0.2,True,Hoch GPT-exponiert mit begrenzten Wechseloptionen,0.38,2.0,3.12,0.38,3.88,1.62,0.0,0.38,0.0,0.5,2.88,0.38,2.38,3.12,0.0,0.38,0.5,1.38,3.88,3.62,0.12,2.62,2.88,0.38,3.75,0.0,2.38,4.75,5.0,3.12,2.12,0.0,3.12,0.0,0.0,0.0,2.88,0.0,0.0,4.75,3.38,2.12,0.0,1.0,0.5,2.75,1.38,1.88,2.12,0.12,4.75,4.38,1.98,1.51,1.51,0.59,1.92,2.3,1.74,0.67,1.66,1.58,1.66,2.24,1.67,1.71,1.46,1.66,1.4,1.44,2.24,1.27,1.24,4.76,4.78,4.62,3.63,3.35,2.41,3.58,3.38,3.25,0.0,0.0,0.0,4.25,3.88,1.38,1.25,2.88,3.0,0.0,2.62,1.12,3.12,0.38,1.12,0.0,3.0,3.88,3.12,3.12,1.0,3.38,0.75
25-1194.00,"Career/Technical Education Teachers, Postsecondary",0.4487179487179487,3,122.2,0.7,8.8,71.93932827735645,False,0.5796316359696642,0.30119176598049835,0.44041170097508126,5,0,0.0,True,Nicht hoch GPT-exponiert,2.5,2.12,3.12,2.5,3.75,1.88,0.0,1.12,0.62,1.38,3.0,2.5,2.12,3.0,0.62,1.0,1.0,1.5,3.25,3.25,2.25,2.12,2.88,2.0,3.25,0.62,2.25,4.12,4.88,3.0,2.25,0.62,3.25,1.5,1.5,1.38,2.88,0.75,0.62,4.0,3.25,2.0,0.38,1.25,1.88,2.38,2.12,2.0,2.62,1.12,4.0,4.0,2.01,1.72,2.0,1.44,2.22,2.65,2.04,0.93,1.44,1.39,1.73,1.51,1.53,1.6,1.67,1.6,1.7,1.6,2.15,1.7,0.93,4.65,4.38,4.38,4.07,4.03,2.12,3.52,3.12,3.0,1.38,2.12,0.25,4.0,3.0,1.5,1.88,2.88,3.0,1.88,2.62,2.5,3.0,0.62,2.38,1.25,3.0,3.25,2.62,2.88,1.12,3.0,1.88
25-2011.00,"Preschool Teachers, Except Special Education",0.3106060606060606,3,555.1,4.1,65.5,50.70422535211267,False,0.9035752979414952,0.6392199349945829,0.771397616468039,5,0,0.0,True,Nicht hoch GPT-exponiert,2.0,2.0,3.0,0.75,3.0,1.0,0.0,1.38,0.62,2.5,3.0,2.0,3.0,3.25,0.0,2.0,1.5,2.0,3.0,2.88,2.0,2.0,2.5,2.0,3.12,0.0,2.0,3.88,3.88,3.62,2.0,0.0,3.62,0.0,0.25,0.12,3.0,0.38,0.12,3.25,3.25,2.12,1.0,1.75,2.0,2.75,2.5,2.25,2.5,0.25,3.12,3.0,1.2,1.9,1.49,1.0,2.82,2.65,2.57,1.78,1.44,1.3,2.21,0.87,1.34,2.53,1.58,1.41,2.14,2.35,2.49,1.93,1.2,4.8,4.29,3.55,3.35,4.05,2.53,3.07,3.0,3.62,0.0,0.38,0.0,3.25,3.0,0.62,1.25,2.88,2.88,0.0,1.38,1.0,3.0,0.0,1.75,0.0,3.0,3.62,2.0,2.12,0.62,3.0,0.75
25-2012.00,"Kindergarten Teachers, Except Special Education",0.2945205479452054,4,117.2,-1.6,12.8,48.862405200433365,False,0.6511375947995667,0.20693391115926327,0.429035752979415,5,0,0.0,True,Nicht hoch GPT-exponiert,2.12,2.12,3.12,0.75,3.62,0.5,0.0,1.38,0.75,1.88,2.88,1.88,2.75,3.38,0.0,1.75,1.75,2.0,3.62,3.12,1.12,2.5,2.75,1.75,3.12,0.0,2.38,3.88,3.88,3.38,2.62,0.0,3.62,0.0,0.0,0.0,3.0,0.12,0.0,3.75,3.75,2.38,0.0,1.25,1.88,3.0,2.5,2.0,2.5,0.5,3.88,4.0,1.6,1.79,1.69,1.26,2.69,2.65,2.61,1.35,1.35,1.33,2.28,0.87,1.34,2.77,1.83,1.57,2.14,2.42,2.49,2.03,1.39,4.64,4.58,4.14,3.39,4.42,2.7,3.74,3.12,3.38,0.0,0.0,0.0,3.25,3.12,0.25,0.88,3.0,3.12,0.0,0.88,1.25,3.12,0.5,1.0,0.0,3.12,4.0,3.0,3.0,0.88,3.25,0.62
25-2021.00,"Elementary School Teachers, Except Special Education",0.3108108108108108,4,1422.7,-2.0,91.0,50.812567713976165,False,0.9349945828819068,0.18959913326110509,0.562296858071506,5,0,0.0,True,Nicht hoch GPT-exponiert,0.62,2.12,3.12,0.12,3.88,0.5,0.0,0.38,0.38,0.88,3.0,1.5,3.0,3.88,0.0,0.88,0.5,2.0,3.75,3.38,0.5,2.88,2.88,0.88,3.75,0.0,2.62,4.0,4.0,3.88,2.5,0.0,4.0,0.0,0.0,0.0,3.0,0.12,0.0,4.0,3.88,2.5,0.38,1.5,1.0,2.88,2.0,2.12,2.62,0.88,4.0,4.0,1.98,2.05,1.81,1.26,2.55,2.65,2.54,1.49,1.53,1.36,2.51,1.48,1.67,2.53,2.12,1.76,2.14,2.31,2.49,2.06,1.37,4.89,4.87,3.99,3.36,4.86,2.22,3.76,3.12,3.75,0.0,0.5,0.0,4.0,3.62,0.12,0.88,2.75,3.0,0.25,1.88,1.0,3.0,0.75,1.0,0.0,3.5,4.0,3.0,3.0,1.0,3.38,0.0
25-2022.00,"Middle School Teachers, Except Special and Career/Technical Education",0.3405797101449275,4,633.7,-2.0,40.5,54.71289274106176,False,0.856988082340195,0.18959913326110509,0.52329360780065,5,0,0.0,True,Nicht hoch GPT-exponiert,0.5,2.12,3.0,0.5,3.75,0.75,0.0,0.0,0.0,0.0,3.0,1.5,3.0,3.25,0.0,0.25,0.25,2.0,3.62,3.75,0.38,3.0,2.88,0.0,3.38,0.0,3.0,4.0,4.5,3.25,2.75,0.0,3.75,0.0,0.0,0.0,3.0,0.12,0.0,4.12,3.25,2.88,0.0,0.38,0.0,2.75,2.0,2.0,2.62,0.25,4.0,4.0,1.95,2.05,1.81,1.26,2.3,2.65,2.27,1.19,1.56,1.3,2.36,1.71,1.58,2.22,2.19,1.63,2.18,2.0,2.33,2.1,1.51,4.77,4.8,4.38,3.39,4.28,2.34,3.32,3.25,3.75,0.0,0.0,0.0,4.0,3.0,0.88,1.0,3.0,3.0,0.0,0.25,1.12,3.0,0.25,1.0,0.0,3.25,4.0,3.0,3.0,0.75,3.75,0.0
25-2023.00,"Career/Technical Education Teachers, Middle School",0.3387096774193548,4,14.0,-2.0,0.9,54.2795232936078,False,0.13488624052004333,0.18959913326110509,0.1622426868905742,5,0,0.0,True,Nicht hoch GPT-exponiert,1.62,2.5,3.25,1.75,3.88,1.75,0.0,1.0,0.5,1.0,3.25,1.75,2.75,3.38,0.0,1.25,1.0,2.25,3.5,3.0,1.75,2.38,2.62,1.75,3.62,0.0,2.38,4.12,4.25,3.38,3.0,0.0,4.0,0.75,1.5,0.5,3.12,0.0,0.12,4.12,3.75,2.62,0.38,1.38,1.75,2.88,2.12,2.12,3.0,1.5,4.0,4.0,1.92,1.83,1.71,1.14,2.22,2.56,2.14,1.12,1.5,1.36,2.1,1.54,1.64,2.14,1.77,1.6,2.14,1.94,2.24,2.06,1.51,4.64,4.55,4.4,3.73,4.13,1.82,3.88,3.0,3.12,0.25,0.62,0.0,4.0,3.0,1.12,2.0,2.62,2.75,1.62,2.62,1.75,3.0,0.75,1.88,0.38,3.12,3.88,3.0,3.12,0.88,3.0,1.38
25-2031.00,"Secondary School Teachers, Except Special and Career/Technical Education",0.3412698412698413,4,1094.5,-1.6,66.2,54.82123510292525,False,0.90465872156013,0.20693391115926327,0.5557963163596966,5,0,0.0,True,Nicht hoch GPT-exponiert,0.62,2.0,3.12,0.0,4.0,0.62,0.0,0.12,0.12,0.25,3.5,1.12,2.88,3.25,0.0,0.25,0.12,2.0,3.88,3.12,0.12,3.12,2.88,0.12,4.0,0.0,2.88,4.0,4.88,3.88,2.88,0.0,4.0,0.0,0.0,0.0,3.0,0.0,0.25,4.12,4.0,2.75,0.0,0.38,0.25,2.88,2.0,2.0,2.75,0.25,4.0,4.0,2.01,2.05,1.76,0.9,2.3,2.65,2.27,1.12,1.53,1.3,2.24,1.64,1.61,2.4,2.08,1.66,2.14,2.0,2.33,2.06,1.56,4.78,4.73,4.25,3.14,4.19,1.99,3.28,3.12,3.0,0.0,0.0,0.0,4.0,3.75,0.88,1.75,3.0,2.88,0.0,1.25,0.75,3.0,0.75,1.5,0.0,3.38,4.0,3.0,3.0,0.62,3.12,0.12
25-2032.00,"Career/Technical Education Teachers, Secondary School",0.3333333333333333,4,103.4,-1.8,6.2,53.62946912242686,False,0.5075839653304443,0.19609967497291442,0.3518418201516793,5,0,0.0,True,Nicht hoch GPT-exponiert,2.75,2.75,3.75,2.25,4.25,2.0,0.0,1.0,0.62,1.75,3.5,2.5,3.0,3.5,0.5,1.25,0.88,2.0,3.88,3.88,2.38,2.88,3.0,1.88,3.75,0.38,2.88,4.38,4.38,3.88,2.75,0.5,4.0,1.0,1.62,1.25,3.12,0.62,0.88,4.12,3.5,3.12,0.5,1.25,1.88,3.0,2.38,2.5,2.88,1.62,4.12,4.0,1.95,1.79,1.81,1.26,2.26,2.65,2.14,1.06,1.53,1.55,2.21,1.57,1.75,2.22,1.77,1.66,1.98,1.87,2.26,2.03,1.39,4.53,4.4,4.07,3.62,4.04,2.43,3.95,3.5,3.5,1.12,1.0,0.0,4.25,3.12,1.0,2.0,2.62,3.0,2.0,0.88,2.0,3.5,0.75,1.75,1.12,3.38,3.75,3.0,3.0,0.88,3.5,1.5
25-2051.00,"Special Education Teachers, Preschool",0.3071428571428571,5,29.3,1.4,2.1,50.27085590465872,False,0.27410617551462624,0.3466955579631636,0.3104008667388949,5,0,0.0,True,Nicht hoch GPT-exponiert,2.0,2.5,3.38,1.12,4.12,1.12,0.12,1.62,1.12,1.88,2.88,2.0,2.75,3.38,0.38,1.88,1.5,2.0,4.0,3.5,1.88,1.88,2.62,1.62,3.5,0.0,1.88,4.12,4.0,3.62,2.38,0.12,4.25,0.0,0.0,0.5,3.25,0.5,0.5,3.88,3.5,2.5,0.0,1.5,1.62,2.88,2.25,1.88,2.5,1.38,4.0,4.0,1.58,2.3,2.05,1.82,3.0,2.93,3.0,1.63,1.72,1.58,2.32,1.54,1.21,2.58,2.12,1.57,2.46,2.42,2.4,2.13,1.45,4.98,5.0,4.09,3.14,4.49,3.06,3.09,3.38,3.5,0.0,0.25,0.0,3.25,3.38,0.38,1.12,2.75,2.88,0.0,1.25,1.25,3.12,1.0,1.25,0.0,3.5,4.0,3.25,3.25,0.75,3.0,0.5
25-2056.00,"Special Education Teachers, Elementary School",0.35,4,230.2,-1.8,15.4,56.229685807150595,False,0.7112676056338029,0.19609967497291442,0.4536836403033586,5,0,0.0,True,Nicht hoch GPT-exponiert,0.5,2.38,3.38,0.25,4.12,1.12,0.12,0.88,0.75,1.88,3.38,0.62,3.12,4.12,0.12,1.25,0.88,1.75,3.88,3.38,0.38,2.5,2.5,1.25,3.88,0.0,2.38,4.12,4.25,3.75,2.62,0.12,4.0,0.0,0.12,0.12,3.12,0.38,0.25,3.88,3.88,2.88,0.0,1.12,1.12,2.62,2.5,2.12,2.62,1.38,4.0,3.88,1.95,2.17,2.19,1.38,2.73,2.93,3.0,1.49,1.72,1.36,2.28,1.57,1.39,2.4,2.12,1.7,2.5,2.53,2.26,2.21,1.64,4.78,4.75,3.62,3.16,4.76,2.02,3.5,3.38,3.25,0.0,0.5,0.0,3.62,3.25,0.88,1.38,2.62,2.5,0.75,1.0,1.0,3.0,0.75,2.12,0.0,3.25,4.25,2.38,2.62,1.25,3.0,0.62
25-2057.00,"Special Education Teachers, Middle School",0.3051948051948052,4,94.8,-1.9,6.3,49.83748645720477,False,0.5124593716143012,0.19176598049837487,0.35211267605633806,5,0,0.0,True,Nicht hoch GPT-exponiert,0.25,2.12,3.0,0.0,3.88,0.25,0.0,0.25,0.25,0.25,2.75,0.88,3.0,3.75,0.0,0.38,0.25,1.88,3.88,3.88,0.5,2.75,2.88,0.25,3.12,0.0,2.88,4.0,4.0,3.88,2.25,0.12,4.0,0.12,0.25,0.25,3.0,0.0,0.25,3.88,3.88,2.75,0.25,0.75,0.25,2.75,2.0,2.0,2.62,0.38,4.0,4.0,1.98,2.13,2.41,1.56,2.69,2.65,3.0,1.49,1.53,1.44,2.36,1.61,1.42,2.35,2.15,1.63,2.38,2.31,2.29,2.28,1.56,4.14,4.62,3.86,3.61,4.48,2.4,3.92,3.25,3.88,0.0,0.0,0.0,4.0,3.12,0.12,0.12,2.88,3.0,0.12,0.38,0.38,3.12,0.38,0.25,0.0,3.25,4.0,3.0,3.0,0.62,3.75,0.0
25-2058.00,"Special Education Teachers, Secondary School",0.2948717948717949,4,164.2,-1.6,11.1,48.97074756229686,False,0.6316359696641387,0.20693391115926327,0.419284940411701,5,0,0.0,True,Nicht hoch GPT-exponiert,0.62,2.5,3.5,0.0,3.88,0.88,0.0,0.12,0.62,0.12,3.12,0.88,3.0,3.25,0.0,1.0,0.75,1.88,3.88,3.38,0.25,2.88,2.88,0.88,3.75,0.0,2.88,4.0,4.0,3.75,2.88,0.12,3.88,0.0,0.0,0.0,3.0,0.0,0.25,4.12,4.12,2.88,0.0,0.75,1.12,3.0,2.0,2.0,2.75,0.38,4.0,4.0,1.95,2.21,2.08,1.56,2.82,2.65,2.97,1.63,1.72,1.6,2.28,1.68,1.48,2.35,2.12,1.63,2.34,2.31,2.33,2.21,1.62,4.99,4.94,4.54,3.81,4.32,2.21,3.82,3.25,3.88,0.0,0.0,0.0,4.0,3.75,0.75,1.5,2.38,3.0,0.0,1.75,1.25,3.0,0.5,1.12,0.0,3.88,4.0,3.0,3.0,0.88,3.38,0.0
25-2059.01,Adapted Physical Education Specialists,0.25,5,41.0,1.1,2.9,43.12026002166847,False,0.34994582881906827,0.319068255687974,0.3345070422535211,5,0,0.0,True,Nicht hoch GPT-exponiert,3.0,2.38,3.25,2.5,3.88,1.88,0.38,2.12,2.12,3.0,3.12,2.75,3.0,3.5,0.0,3.0,2.75,2.12,3.38,3.75,3.0,2.0,2.75,3.0,3.75,0.0,2.0,4.25,4.12,3.5,2.88,0.0,3.88,0.0,1.25,2.0,3.0,0.0,0.88,4.0,3.88,2.75,1.62,3.0,3.0,2.88,3.0,2.12,2.62,0.5,4.0,3.75,1.74,2.21,1.76,1.38,2.43,2.65,2.93,1.28,1.26,1.39,2.1,1.11,1.53,2.53,2.08,1.57,2.14,2.24,2.26,1.8,1.39,4.38,4.81,4.55,2.84,4.67,2.55,3.38,3.38,3.88,0.0,0.25,0.0,3.62,3.88,0.5,1.38,2.88,3.12,0.5,2.0,2.0,3.62,0.25,1.75,0.0,3.75,4.12,3.0,3.25,1.12,3.25,0.88
25-3011.00,"Adult Basic Education, Adult Secondary Education, and English as a Second Language Instructors",0.4264705882352941,4,40.9,-13.7,3.9,68.63488624052005,False,0.4014084507042254,0.0314192849404117,0.21641386782231853,5,3,0.6,True,Nicht hoch GPT-exponiert,0.0,1.5,3.0,0.0,3.62,0.0,0.0,0.0,0.0,0.0,2.75,1.38,2.88,3.12,0.0,0.0,0.0,2.0,3.62,3.5,0.0,2.75,2.88,0.0,3.12,0.0,2.75,4.12,4.25,3.12,2.62,0.0,3.5,0.0,0.0,0.0,2.88,0.0,0.0,3.88,3.25,2.62,0.0,0.0,0.0,2.62,1.75,2.0,2.0,0.0,4.0,4.0,1.95,2.09,1.84,0.77,2.34,2.44,2.37,1.22,1.44,1.33,1.79,1.68,1.5,2.49,1.8,1.6,1.95,2.0,2.26,1.58,1.58,4.27,4.41,4.24,3.88,4.18,2.36,3.21,3.0,3.38,0.0,0.0,0.0,4.0,3.0,0.12,0.12,2.88,3.12,0.0,0.62,1.12,3.0,0.62,0.12,0.0,3.12,3.75,2.88,2.88,1.12,3.25,0.0
25-3021.00,Self-Enrichment Teachers,0.38,3,417.5,3.7,51.4,61.64680390032503,False,0.8840736728060672,0.5964247020585048,0.7402491874322861,5,1,0.2,True,Nicht hoch GPT-exponiert,1.75,2.0,3.0,1.25,3.12,0.75,0.0,0.75,0.25,1.5,2.62,1.88,2.25,3.12,0.0,0.62,1.0,1.12,3.0,3.12,1.38,1.88,2.38,1.25,3.0,0.0,1.75,4.0,4.0,3.25,2.0,0.0,3.12,0.25,0.25,0.5,2.38,0.0,0.12,3.75,3.12,2.0,0.0,1.0,1.25,2.0,2.0,1.75,2.25,0.62,3.75,3.5,1.35,1.72,1.34,0.52,2.26,2.06,2.17,1.12,1.53,1.63,1.54,1.54,1.5,2.27,1.61,1.66,1.5,1.72,2.31,0.8,1.24,4.75,4.66,4.79,3.56,4.04,1.89,2.76,2.88,3.0,0.0,0.0,0.0,3.25,3.0,0.25,0.5,2.25,2.0,0.75,1.5,1.38,2.88,0.75,1.25,0.0,3.0,3.25,2.12,2.12,0.75,2.75,0.62
25-3031.00,"Substitute Teachers, Short-Term",0.0833333333333333,4,510.1,1.6,61.1,21.180931744312026,False,0.8970747562296858,0.3607800650054171,0.6289274106175514,5,0,0.0,True,Nicht hoch GPT-exponiert,0.88,1.88,2.88,1.0,3.25,0.25,0.12,0.75,0.12,0.12,2.62,1.38,2.25,2.75,0.0,0.12,0.12,1.38,3.0,2.88,1.0,1.62,2.62,0.38,3.12,0.0,2.0,4.0,4.0,2.75,2.25,0.12,3.38,0.12,0.25,0.12,2.62,0.0,0.5,3.38,3.25,2.0,0.12,0.12,0.12,2.5,1.12,2.25,2.12,0.88,3.75,3.75,0.77,2.17,1.55,0.9,2.38,2.65,2.2,1.19,1.07,0.44,1.79,0.47,1.16,2.18,1.43,1.38,2.14,1.69,2.24,2.03,1.53,4.63,4.06,4.26,3.32,2.9,2.62,2.92,2.75,2.75,0.0,0.12,0.0,3.12,2.75,0.0,0.5,2.25,2.62,0.12,0.75,0.75,2.88,0.38,0.5,0.0,3.0,3.62,2.12,1.75,0.88,2.88,0.0
25-3041.00,Tutors,0.3714285714285714,3,215.5,0.6,37.1,60.238353196099666,False,0.8504875406283857,0.29360780065005415,0.5720476706392199,5,0,0.0,True,Nicht hoch GPT-exponiert,0.62,2.12,3.0,0.5,3.12,0.0,0.0,0.0,0.0,0.0,2.25,1.25,2.88,3.12,0.0,0.0,0.0,1.88,3.12,3.12,0.62,3.0,2.88,0.0,3.12,0.0,2.62,4.0,4.25,3.12,2.12,0.0,3.62,0.0,0.0,0.0,3.12,0.0,0.0,3.75,3.75,2.38,0.0,0.0,0.0,2.75,0.75,1.88,2.0,0.12,4.0,4.0,1.71,1.58,1.81,0.69,2.47,2.56,2.27,1.22,1.5,1.3,1.99,1.54,0.76,2.44,1.77,1.66,1.91,1.97,2.26,1.27,0.93,4.59,4.76,4.27,3.52,4.38,2.05,3.5,3.12,3.0,0.0,0.0,0.0,3.88,3.25,0.0,0.38,2.62,2.88,0.0,0.88,0.5,3.12,0.5,0.25,0.0,3.12,3.12,2.75,2.75,0.5,3.38,0.0
25-4011.00,Archivists,0.5,5,9.3,3.8,1.1,79.68580715059588,True,0.1635969664138678,0.6115926327193932,0.3875947995666305,5,0,0.0,True,Hoch GPT-exponiert mit begrenzten Wechseloptionen,2.0,1.5,4.12,0.75,3.75,1.25,0.0,1.12,0.5,1.75,2.88,2.0,2.38,3.0,0.0,0.5,0.5,1.5,3.38,4.0,2.0,2.12,2.62,1.25,4.12,0.0,2.38,4.12,4.12,3.0,2.12,0.0,3.12,0.0,0.0,0.0,3.0,0.0,0.12,3.0,3.0,2.25,0.0,0.75,1.75,2.0,2.0,2.62,2.38,0.38,4.38,4.25,1.5,0.83,2.88,2.06,1.84,2.65,0.6,0.7,1.41,1.25,2.36,2.33,1.21,0.2,1.61,0.89,0.8,1.19,0.86,0.62,1.16,4.1,4.66,4.03,3.97,2.89,2.97,2.94,3.12,2.88,0.0,0.0,0.0,2.88,3.25,1.62,2.0,2.88,2.5,0.0,2.12,1.38,2.75,0.62,2.0,0.0,3.12,2.88,3.0,2.88,0.88,2.88,0.62
25-4012.00,Curators,0.5185185185185185,5,15.1,7.0,1.8,82.34019501625134,True,0.24647887323943662,0.8450704225352113,0.545774647887324,5,1,0.2,True,Hoch GPT-exponiert mit begrenzten Wechseloptionen,2.12,1.38,4.12,0.38,4.38,1.25,0.0,0.75,0.12,0.75,3.88,2.12,3.62,4.0,0.12,0.62,0.62,1.38,4.0,3.75,1.88,3.25,2.75,1.25,4.38,0.12,3.12,4.38,4.5,4.12,2.75,0.12,4.12,0.0,0.0,0.12,3.12,0.0,1.12,3.88,3.88,2.5,0.0,1.0,1.88,2.62,2.12,3.62,3.88,0.62,4.75,4.75,2.04,1.68,2.47,1.86,1.84,2.56,0.98,0.84,1.82,2.06,2.06,2.41,1.95,0.95,1.61,1.63,1.5,1.39,1.7,1.11,1.41,4.31,4.56,4.48,4.08,2.75,2.45,3.24,3.62,3.75,0.0,0.12,0.12,3.38,3.88,3.62,3.75,3.62,3.38,0.38,2.38,1.25,3.62,1.0,2.5,0.0,3.0,3.38,3.38,3.75,0.88,3.62,0.5
25-4013.00,Museum Technicians and Conservators,0.2368421052631578,4,15.7,5.4,1.9,41.49512459371614,False,0.2535211267605634,0.7589382448537378,0.5062296858071507,5,0,0.0,True,Nicht hoch GPT-exponiert,3.38,2.62,3.5,2.88,3.62,2.12,0.0,1.5,0.38,2.12,3.12,3.5,3.12,3.38,0.12,1.5,1.25,1.62,3.5,3.62,3.12,2.88,2.88,2.38,3.88,0.0,2.38,4.0,4.0,3.12,2.88,0.12,3.5,1.25,1.12,1.25,3.0,0.0,0.38,3.38,3.25,2.38,0.0,1.12,2.25,2.38,2.12,3.25,3.38,1.88,3.88,3.88,1.52,1.17,2.74,2.62,1.77,2.62,0.35,0.7,1.18,1.25,2.06,1.97,0.69,0.43,1.61,0.99,1.19,0.7,0.81,1.0,1.18,3.76,4.52,4.6,4.31,3.19,2.26,3.45,3.0,3.12,0.38,1.0,0.5,3.12,3.12,1.12,1.62,2.12,2.5,1.38,0.5,2.0,2.5,0.62,2.75,0.88,2.75,3.0,2.75,2.75,1.38,2.88,1.0
25-4022.00,Librarians and Media Collections Specialists,0.5,5,142.1,1.7,13.5,79.68580715059588,True,0.6738894907908992,0.37378114842903576,0.5238353196099674,5,0,0.0,True,Hoch GPT-exponiert mit begrenzten Wechseloptionen,1.75,2.0,3.38,1.62,3.25,0.62,0.38,1.12,1.12,1.5,2.88,1.62,3.0,3.12,0.12,0.25,0.25,1.5,3.12,3.5,1.75,2.0,3.25,1.25,3.38,0.5,2.12,4.0,4.0,3.0,2.75,0.12,3.12,0.25,0.38,0.25,2.75,0.25,0.88,3.5,3.75,3.0,0.25,0.12,1.25,2.25,1.88,1.5,1.88,2.0,3.88,3.75,1.3,1.35,2.37,0.57,2.3,1.95,1.57,1.22,1.5,0.82,0.89,2.2,1.21,1.07,1.07,1.15,0.85,1.44,1.81,0.78,1.1,4.44,4.75,4.27,3.67,3.24,2.63,3.53,2.62,2.75,0.12,0.38,0.25,3.12,3.0,2.75,2.38,2.75,2.5,0.38,1.5,1.25,2.62,1.38,0.38,0.0,3.25,3.12,2.25,2.38,1.12,2.88,0.38
25-4031.00,Library Technicians,0.5288461538461539,3,78.6,-6.8,13.0,84.29035752979415,True,0.6587215601300108,0.08613217768147345,0.3724268689057421,5,0,0.0,True,Hoch GPT-exponiert mit begrenzten Wechseloptionen,1.88,2.0,3.0,1.88,3.0,0.25,0.38,1.75,0.25,2.75,2.88,2.38,3.0,2.12,0.0,1.12,1.12,1.5,2.88,3.0,2.12,2.0,2.5,2.0,3.62,0.0,2.12,3.88,3.88,2.12,2.62,0.0,3.0,0.0,0.12,0.12,2.75,0.12,1.12,3.25,3.0,2.0,0.12,1.12,2.0,2.0,2.0,2.0,2.0,1.12,3.75,3.0,0.66,0.76,2.28,0.9,2.3,2.19,1.38,1.19,0.78,0.24,1.4,0.79,0.29,0.98,0.86,0.58,1.19,1.23,1.74,0.7,0.22,4.05,4.78,4.16,3.94,3.46,3.61,3.48,2.0,3.0,0.62,0.12,0.0,2.88,2.5,1.0,1.38,2.62,1.5,0.88,1.0,1.0,2.0,0.75,0.5,0.12,3.25,2.88,2.0,1.88,0.5,2.62,0.75
25-9021.00,Farm and Home Management Educators,0.537037037037037,5,12.4,-2.5,1.1,85.64463705308776,True,0.1635969664138678,0.1771397616468039,0.17036836403033584,5,0,0.0,True,Hoch GPT-exponiert mit begrenzten Wechseloptionen,2.12,2.25,4.0,2.5,4.25,2.0,0.25,1.0,0.62,0.75,3.0,1.62,3.12,4.0,1.25,0.75,0.62,2.0,4.38,4.12,1.25,3.25,3.0,2.12,3.12,1.38,3.12,4.88,4.88,4.0,3.0,1.0,4.0,1.5,1.75,1.75,3.0,0.88,2.0,4.12,3.88,3.0,0.25,0.75,0.88,2.88,1.38,2.25,3.0,0.88,4.5,4.38,2.01,1.83,1.81,1.35,2.3,2.53,1.92,1.35,1.96,1.8,2.06,2.12,2.19,1.9,1.74,1.76,1.7,2.03,2.38,1.52,1.26,4.44,4.69,4.74,3.41,2.81,2.0,3.22,4.0,3.88,0.0,0.25,0.0,3.88,4.0,2.75,2.5,2.88,3.25,2.25,2.5,2.12,3.88,0.88,1.25,0.0,3.88,4.0,3.88,4.0,1.5,3.25,0.5
25-9031.00,Instructional Coordinators,0.525,5,232.6,1.3,21.9,83.64030335861322,True,0.7627302275189599,0.3418201516793066,0.5522751895991332,5,1,0.2,True,Hoch GPT-exponiert mit begrenzten Wechseloptionen,0.12,2.0,3.5,0.0,4.12,0.62,0.0,0.0,0.0,0.0,3.25,1.5,3.0,3.75,0.0,0.12,0.0,1.25,4.12,3.88,0.25,2.88,3.12,0.0,3.62,0.0,3.0,4.62,4.75,3.75,2.75,0.0,4.0,0.0,0.0,0.0,3.12,0.0,0.0,4.12,4.12,2.88,0.25,0.38,0.0,2.75,1.25,1.75,3.0,0.5,4.88,4.62,2.14,2.3,1.86,1.32,2.34,2.41,2.1,1.15,1.44,2.45,1.6,2.33,2.1,0.69,1.23,1.76,1.91,1.09,1.92,1.58,0.72,4.83,4.95,4.02,3.26,3.18,2.22,3.63,3.88,3.88,0.0,0.12,0.0,4.25,4.12,2.38,2.5,3.38,3.38,0.0,1.5,1.25,3.38,0.62,1.5,0.0,3.62,4.0,3.75,3.88,0.75,3.88,0.5
25-9042.00,"Teaching Assistants, Preschool, Elementary, Middle, and Secondary School, Except Special Education",0.2833333333333333,3,1422.8,-1.5,170.4,47.562296858071505,False,0.9723726977248104,0.2134344528710726,0.5929035752979415,5,0,0.0,True,Nicht hoch GPT-exponiert,1.5,2.25,3.0,1.12,3.38,1.25,0.12,1.62,1.25,1.75,3.38,1.75,2.5,3.25,0.38,1.5,1.62,2.0,3.12,3.25,1.5,2.12,2.88,1.62,3.5,0.0,2.5,3.75,3.88,2.88,2.62,0.75,3.5,0.12,0.12,0.12,2.75,0.38,0.25,3.5,3.38,2.38,0.38,1.5,1.62,2.75,2.38,1.75,2.62,1.5,3.5,3.38,0.7,1.38,1.53,1.5,2.43,2.65,2.2,1.19,1.15,0.87,2.1,0.92,0.27,2.49,1.58,1.1,2.1,1.55,2.31,1.67,0.81,4.9,3.78,3.39,3.05,4.75,2.62,2.45,3.0,3.12,0.0,0.0,0.0,3.0,2.88,0.88,1.5,2.25,2.88,0.25,0.62,1.38,3.0,0.62,1.25,0.0,3.38,3.38,2.0,2.0,1.0,3.12,1.25
25-9043.00,"Teaching Assistants, Special Education",0.25,3,1422.8,-1.5,170.4,43.12026002166847,False,0.9723726977248104,0.2134344528710726,0.5929035752979415,5,0,0.0,True,Nicht hoch GPT-exponiert,0.5,2.38,2.88,0.25,3.12,0.12,0.0,1.0,0.88,1.5,3.0,0.62,2.38,3.12,0.12,1.75,1.12,2.0,2.88,2.88,0.75,1.38,2.75,1.12,3.5,0.0,1.62,3.88,3.75,2.75,2.12,0.25,3.5,0.0,0.62,0.38,2.62,0.5,0.12,3.25,3.38,2.5,0.12,1.38,1.62,2.12,2.25,2.0,2.12,1.38,3.38,3.38,0.86,1.61,1.81,1.5,2.69,2.65,2.57,1.35,1.41,1.12,2.1,0.56,0.23,2.49,1.97,0.89,2.18,1.97,2.33,2.03,1.29,4.86,4.49,3.31,3.26,4.86,1.94,3.07,2.25,3.0,0.12,0.62,0.0,3.0,2.5,0.25,0.38,1.75,2.62,0.62,0.62,0.88,3.0,0.75,0.75,0.0,3.12,3.38,1.62,1.88,0.88,2.38,0.0
25-9044.00,"Teaching Assistants, Postsecondary",0.3636363636363636,5,193.6,3.1,24.6,58.45070422535211,False,0.789815817984832,0.5216684723726978,0.6557421451787648,5,0,0.0,True,Nicht hoch GPT-exponiert,0.88,1.75,3.0,0.75,3.75,0.88,0.0,0.0,0.0,0.0,2.88,1.12,2.25,3.25,0.0,0.0,0.0,1.62,3.38,3.0,0.75,2.25,2.25,0.0,3.25,0.0,2.25,4.62,4.38,3.25,2.0,0.12,3.12,0.0,0.0,0.0,2.88,0.12,0.0,3.75,3.25,2.0,0.0,0.0,0.0,2.12,1.88,1.62,2.12,0.62,4.0,4.0,1.25,1.41,1.53,0.79,2.26,2.53,2.17,1.19,1.44,1.1,2.06,2.08,0.64,2.27,1.61,1.15,1.8,1.55,2.24,1.49,1.1,4.59,4.62,4.03,3.68,3.45,2.49,3.46,3.12,3.0,0.0,0.0,0.0,3.5,3.0,0.38,0.88,2.25,2.25,0.0,2.0,1.25,2.62,1.0,1.5,0.0,3.12,3.12,2.38,2.12,1.12,3.0,0.88
27-1011.00,Art Directors,0.4310344827586206,4,135.0,4.2,12.3,69.50162513542794,False,0.6419284940411701,0.6505958829902492,0.6462621885157096,5,0,0.0,True,Nicht hoch GPT-exponiert,2.12,1.5,3.88,1.38,4.0,0.5,0.0,0.12,0.0,0.0,3.75,2.0,3.0,4.25,0.0,0.0,0.0,0.88,3.88,3.88,2.0,3.12,2.62,0.0,4.12,0.0,2.62,4.0,4.0,4.38,2.88,0.0,3.75,0.12,0.25,0.0,2.75,0.0,0.12,3.62,3.62,3.0,0.0,0.0,0.0,2.38,1.12,4.0,3.88,0.75,4.0,3.88,2.01,2.26,1.94,-0.16,1.7,2.08,1.0,-0.43,1.86,2.73,1.23,1.82,2.28,1.26,1.67,2.16,1.37,0.96,1.88,1.61,1.76,4.54,5.0,4.17,4.04,2.58,3.92,4.76,3.75,3.88,0.12,0.12,0.0,3.38,3.88,2.75,2.62,3.25,3.25,0.0,3.5,1.0,3.75,0.75,2.0,0.12,3.12,3.38,3.0,3.38,0.5,3.62,0.12
27-1012.00,Craft Artists,0.2241379310344827,3,11.6,2.1,1.0,39.11159263271939,False,0.1495124593716143,0.41765980498374866,0.28358613217768147,5,0,0.0,True,Nicht hoch GPT-exponiert,4.0,1.88,3.5,3.0,3.0,2.0,0.0,2.0,0.62,2.5,2.75,4.12,2.0,3.75,0.0,1.25,0.62,1.5,2.88,3.0,3.5,2.12,2.0,3.0,3.75,0.0,2.5,3.12,3.0,4.12,2.0,0.0,2.88,1.62,2.0,1.0,3.0,0.0,0.12,2.88,3.0,2.0,0.0,1.62,2.0,2.0,2.62,3.62,4.12,1.75,3.0,2.62,1.66,1.29,2.28,0.43,0.09,0.95,0.47,-0.01,1.72,2.51,0.78,1.0,0.23,0.98,1.67,0.54,0.66,0.17,0.9,0.15,1.16,2.57,3.1,4.36,3.78,1.96,3.65,2.65,2.75,2.12,1.38,2.0,0.0,0.88,3.0,2.0,2.0,2.0,2.0,2.0,2.12,2.0,3.0,0.38,2.38,1.38,2.88,3.0,1.88,2.0,0.5,2.0,1.38
27-1013.00,"Fine Artists, Including Painters, Sculptors, and Illustrators",0.3125,3,26.5,-1.2,2.2,51.02925243770314,False,0.2833152762730228,0.2210184182015168,0.2521668472372698,5,0,0.0,True,Nicht hoch GPT-exponiert,3.75,1.75,3.25,3.0,3.0,2.12,0.25,1.88,0.5,1.38,3.38,3.25,2.62,4.12,0.0,0.88,0.75,1.38,3.0,3.0,3.62,1.38,1.25,2.38,3.88,0.0,2.12,3.5,3.38,4.62,2.25,0.0,3.0,1.25,1.5,1.38,3.0,0.0,0.0,2.88,3.12,1.88,0.12,0.88,2.12,2.0,2.38,5.25,4.25,2.12,3.0,3.0,1.86,1.29,1.3,-0.62,0.37,0.98,0.37,-0.5,1.72,3.0,1.51,1.86,-0.26,0.84,1.67,1.32,0.26,0.4,0.22,0.44,1.97,3.04,3.23,4.82,4.13,1.37,3.57,3.34,2.88,2.25,0.0,1.62,0.0,0.88,3.0,1.75,1.38,1.25,1.75,1.88,2.75,2.0,2.0,0.62,2.5,0.0,2.5,2.75,2.0,2.12,1.25,2.75,1.38
27-1014.00,Special Effects Artists and Animators,0.475,4,57.1,1.6,5.0,75.51462621885156,False,0.46316359696641385,0.3607800650054171,0.4119718309859155,5,0,0.0,True,Nicht hoch GPT-exponiert,2.88,1.75,3.62,2.38,3.75,1.75,0.0,0.25,0.0,0.0,3.12,2.62,2.75,4.0,0.0,0.0,0.0,1.62,3.38,3.38,2.25,2.38,2.62,0.5,4.12,0.0,2.5,4.12,4.0,4.0,2.75,0.0,3.5,1.0,0.75,0.5,3.0,0.0,0.0,3.25,3.12,2.75,0.0,0.0,0.0,2.38,1.12,4.0,4.0,1.5,4.0,3.75,1.95,1.9,2.34,-0.63,0.95,1.71,0.21,-0.28,1.44,2.86,0.64,2.01,0.59,0.74,1.7,1.66,0.66,0.09,0.13,1.19,1.64,4.06,4.6,4.27,4.42,3.12,2.97,4.45,3.25,3.62,0.0,1.12,0.0,3.0,3.12,1.88,1.88,2.5,3.0,2.0,1.75,1.88,3.0,1.62,0.88,0.0,2.88,2.88,3.0,2.75,1.75,3.0,0.12
27-1021.00,Commercial and Industrial Designers,0.4137931034482758,4,30.6,3.2,2.5,66.95557963163597,False,0.3120260021668472,0.5330444203683641,0.4225352112676056,5,0,0.0,True,Nicht hoch GPT-exponiert,2.75,2.0,3.88,2.12,4.62,2.12,0.0,0.62,0.0,0.0,3.12,2.75,3.75,4.0,0.0,0.0,0.0,1.88,3.88,3.88,1.75,3.38,2.62,0.12,4.12,0.0,2.88,4.0,4.0,4.38,2.75,0.0,3.88,0.62,1.38,0.0,3.12,0.0,0.38,3.25,3.88,2.25,0.0,0.0,0.12,2.38,1.12,3.75,4.25,0.5,4.0,3.88,2.04,1.94,2.28,0.69,1.35,1.88,0.64,-0.27,1.56,2.8,1.1,2.08,1.03,0.61,1.52,1.76,1.22,0.69,1.15,0.97,1.49,4.38,4.99,3.71,4.4,2.94,2.65,4.03,3.88,3.62,0.0,1.88,0.0,2.88,3.75,1.75,2.12,2.88,2.75,1.5,3.88,2.5,3.62,1.5,2.88,0.0,2.38,3.25,3.5,3.75,3.62,3.12,0.88
27-1022.00,Fashion Designers,0.375,3,25.7,2.0,2.3,61.159263271939324,False,0.29198266522210187,0.40303358613217766,0.34750812567713973,5,0,0.0,True,Nicht hoch GPT-exponiert,2.75,2.0,3.88,2.0,3.75,1.75,0.12,0.5,0.5,1.5,3.0,2.88,2.88,3.88,0.0,0.0,0.5,2.0,3.12,3.12,2.12,1.88,2.0,0.75,3.75,0.0,2.62,4.0,4.0,4.38,2.75,0.0,3.12,0.88,0.62,0.25,3.0,0.0,0.12,3.0,3.38,2.0,0.0,0.0,0.62,2.0,2.0,3.25,3.62,0.62,3.75,3.62,2.01,2.21,2.11,-0.28,1.35,1.69,0.64,-0.81,1.79,2.64,0.68,1.64,1.34,1.29,1.64,1.8,1.03,0.69,1.74,1.32,1.66,3.95,3.88,3.59,3.65,3.24,3.0,4.09,3.25,3.75,0.0,0.5,0.0,3.0,3.62,2.75,2.62,3.25,3.12,0.0,3.25,1.75,3.62,0.5,2.25,0.0,2.88,3.75,3.0,3.5,1.0,3.75,0.88
27-1023.00,Floral Designers,0.2666666666666666,2,43.8,-5.9,5.1,45.016251354279525,False,0.46803900325027087,0.10400866738894908,0.28602383531960995,5,0,0.0,True,Nicht hoch GPT-exponiert,3.0,1.25,3.12,1.5,3.12,1.62,0.12,1.25,0.62,1.38,3.0,2.62,1.75,3.38,0.25,1.12,1.0,0.75,2.88,3.12,2.38,1.88,1.62,2.12,3.12,0.0,1.5,3.75,3.88,3.12,2.12,0.38,2.75,0.12,0.38,0.62,2.25,0.25,0.62,3.12,3.0,1.75,0.12,1.12,1.5,2.12,2.75,4.0,3.5,1.12,3.0,2.88,1.09,1.35,2.14,0.67,1.84,2.06,1.35,0.64,1.32,1.97,1.01,0.76,0.64,1.39,0.97,0.99,1.08,1.33,1.97,1.11,0.93,4.53,4.74,4.23,3.1,3.92,3.39,4.13,2.62,2.88,0.0,0.62,0.0,2.25,2.75,1.75,2.25,2.25,2.5,0.38,2.75,0.38,2.88,0.38,1.38,0.0,3.0,3.0,1.88,1.5,0.5,2.88,0.0
27-1024.00,Graphic Designers,0.4107142857142857,4,265.9,2.1,20.0,66.57638136511376,False,0.7518959913326111,0.41765980498374866,0.5847778981581799,5,0,0.0,True,Nicht hoch GPT-exponiert,2.5,1.12,3.12,2.0,3.38,1.0,0.0,0.25,0.0,0.0,2.88,2.38,2.75,4.0,0.0,0.0,0.0,1.25,3.12,3.0,2.0,1.75,2.12,0.0,4.12,0.0,2.0,4.0,3.88,4.0,2.25,0.0,3.38,0.0,0.0,0.0,2.88,0.0,0.0,3.25,3.5,2.25,0.0,0.0,0.0,2.12,1.12,3.75,3.62,0.38,3.38,3.62,1.69,1.65,2.41,0.5,1.14,1.71,0.52,0.03,1.18,2.51,0.7,1.44,0.32,0.66,1.26,1.24,0.7,0.65,0.88,0.72,1.33,4.25,4.26,4.1,4.39,2.79,3.74,4.65,3.12,3.12,0.0,0.12,0.0,3.0,3.0,1.12,1.12,2.5,3.12,0.12,2.75,1.75,3.12,1.38,1.12,0.0,3.0,3.0,2.75,2.75,1.88,3.0,0.0
27-1025.00,Interior Designers,0.3620689655172414,4,87.1,3.2,7.8,58.234019501625134,False,0.5509209100758397,0.5330444203683641,0.5419826652221018,5,1,0.2,True,Nicht hoch GPT-exponiert,0.0,1.38,3.88,0.38,3.75,1.88,0.0,0.0,0.0,0.0,3.12,0.5,3.0,4.0,0.0,0.0,0.0,1.12,3.0,3.62,0.0,2.88,2.25,0.38,4.12,0.0,2.88,4.0,4.0,4.0,2.62,0.0,3.88,0.0,0.0,0.0,2.88,0.0,1.12,3.12,3.75,2.62,0.0,0.0,0.0,2.75,1.38,4.0,4.0,0.38,4.0,3.88,1.71,1.86,2.47,1.38,1.88,2.14,1.1,0.56,1.53,2.42,1.51,1.54,1.39,0.9,1.74,1.76,1.31,1.11,1.74,1.29,1.26,4.52,4.75,3.88,4.16,3.46,2.36,4.16,3.75,3.75,0.0,0.0,0.0,3.0,3.25,2.88,2.75,3.0,3.62,0.88,3.0,1.88,3.62,1.0,1.88,0.0,3.88,3.25,3.12,2.88,1.0,3.0,0.88
27-1026.00,Merchandise Displayers and Window Trimmers,0.2682926829268293,3,193.0,3.2,20.8,45.28710725893825,False,0.757854821235103,0.5330444203683641,0.6454496208017335,5,0,0.0,True,Nicht hoch GPT-exponiert,3.25,2.0,3.12,2.5,3.12,1.12,0.0,2.12,1.0,3.5,3.62,3.25,2.38,3.38,0.0,2.62,2.38,1.38,3.0,3.25,2.88,1.62,1.12,2.62,3.38,0.0,1.88,4.0,3.88,3.25,2.5,0.25,3.0,0.5,1.25,0.25,2.75,0.0,1.25,3.25,3.25,2.0,1.25,2.88,3.0,2.12,3.12,3.38,3.88,0.25,3.0,3.0,1.23,1.65,2.14,0.5,1.67,2.03,0.41,-0.28,1.44,2.33,0.68,0.76,0.9,1.07,1.02,1.21,0.7,0.38,1.13,0.84,1.08,4.57,4.62,4.12,3.23,3.67,3.13,3.77,2.88,3.12,0.0,0.5,0.12,2.38,3.0,0.75,1.5,2.38,2.25,1.0,2.0,1.0,3.0,0.5,1.75,0.0,2.88,2.88,2.38,2.38,0.75,2.88,0.75
27-1027.00,Set and Exhibit Designers,0.358695652173913,5,31.3,2.3,2.5,57.854821235102925,False,0.3120260021668472,0.4409534127843987,0.37648970747562294,5,0,0.0,True,Nicht hoch GPT-exponiert,2.62,2.0,3.5,2.62,3.75,2.0,0.0,0.75,0.0,0.75,3.5,2.88,3.0,4.12,1.0,0.75,1.5,1.88,3.5,3.75,2.75,2.75,2.5,1.5,3.75,0.38,2.75,4.12,4.0,3.88,3.0,0.38,3.88,0.88,1.38,0.88,3.0,0.62,1.75,3.75,3.88,2.75,0.88,0.75,1.5,2.75,2.25,2.88,4.5,1.0,3.88,3.75,1.95,2.17,2.41,0.69,1.44,1.9,0.48,-0.43,1.79,2.7,0.76,1.54,1.29,0.26,1.64,1.76,1.03,0.65,1.43,1.43,1.22,4.05,4.58,4.24,3.95,3.1,2.29,4.19,3.88,3.5,0.5,1.38,0.62,3.0,3.12,2.75,2.75,3.38,3.0,1.25,3.75,1.88,3.25,0.88,2.25,0.38,3.12,3.12,3.0,2.88,1.62,3.62,1.0
27-2011.00,Actors,0.15625,2,57.0,0.3,6.3,32.50270855904659,False,0.5124593716143012,0.2822318526543879,0.39734561213434455,5,0,0.0,True,Nicht hoch GPT-exponiert,1.75,1.88,3.0,0.0,3.0,0.0,0.0,1.88,0.88,1.88,2.62,1.88,2.38,3.38,1.5,2.5,2.0,1.75,3.0,3.0,1.75,0.0,4.0,2.0,3.5,0.0,0.12,4.12,4.0,3.38,1.88,0.0,3.12,0.0,0.0,0.0,3.12,0.0,0.0,4.75,2.88,2.25,0.0,1.75,1.88,2.88,2.38,1.88,2.5,0.25,3.5,3.38,1.71,2.6,1.7,-0.7,2.3,1.42,1.57,-1.42,1.53,2.33,0.08,1.23,-0.43,2.25,2.04,2.48,1.37,-0.11,2.31,2.06,1.78,4.71,4.39,3.45,4.17,4.8,2.41,4.59,2.62,3.0,0.0,0.0,0.0,2.62,3.0,0.0,0.0,2.38,2.62,0.0,1.38,0.25,2.75,0.0,0.0,0.0,2.25,3.75,1.62,1.62,0.38,3.0,0.0
27-2012.00,Producers and Directors,0.4787234042553191,4,167.0,4.9,12.8,76.59804983748646,False,0.6511375947995667,0.723726977248104,0.6874322860238353,5,2,0.4,True,Nicht hoch GPT-exponiert,2.12,2.75,3.75,1.88,4.38,1.88,0.0,0.62,0.25,1.0,3.88,2.12,3.38,4.12,0.5,0.0,0.0,2.62,3.62,3.75,2.0,2.88,2.88,1.38,3.88,0.12,2.75,4.25,4.62,4.25,3.0,0.0,4.0,1.38,1.12,0.75,3.0,0.75,1.5,4.25,4.0,3.12,0.0,0.0,1.25,3.12,2.0,2.62,4.0,1.75,4.25,4.25,2.28,2.3,2.0,-0.58,2.14,2.25,1.3,-0.85,2.14,2.7,1.57,2.16,2.61,1.36,2.15,2.32,1.91,0.92,2.26,2.21,1.91,4.79,4.6,4.33,4.14,3.46,2.72,4.36,3.5,4.5,0.0,1.12,0.0,3.25,3.62,3.62,3.25,4.0,3.38,1.75,2.0,2.12,3.5,0.88,2.5,0.0,2.88,3.88,3.5,3.25,1.62,4.12,1.0
27-2012.03,Media Programming Directors,0.6153846153846154,4,167.0,4.9,12.8,93.39111592632719,True,0.6511375947995667,0.723726977248104,0.6874322860238353,5,3,0.6,True,Hoch GPT-exponiert mit guten Wechseloptionen,2.0,2.12,3.38,2.12,3.88,1.38,0.0,0.12,0.0,0.0,3.25,2.12,3.0,3.88,0.0,0.0,0.0,1.5,3.88,3.75,1.5,2.75,2.88,0.5,3.88,0.0,2.62,4.0,4.25,3.88,2.25,0.0,4.0,0.88,1.0,0.75,3.25,0.12,0.0,3.88,3.75,2.88,0.38,0.0,0.0,3.0,0.75,2.25,3.0,1.12,4.0,4.0,2.04,2.13,2.02,1.03,1.88,2.56,0.98,-0.15,1.89,2.36,1.82,1.61,2.46,1.32,1.67,2.01,1.7,1.0,2.08,2.06,1.49,4.51,4.45,4.03,4.46,2.95,3.0,3.97,4.0,4.25,0.0,0.0,0.0,3.38,4.12,2.88,3.0,3.75,3.25,2.0,3.12,2.38,3.5,0.75,1.38,0.0,3.0,3.88,3.62,3.75,1.0,3.88,0.38
27-2012.04,Talent Directors,0.3461538461538461,4,167.0,4.9,12.8,55.52546045503792,False,0.6511375947995667,0.723726977248104,0.6874322860238353,5,0,0.0,True,Nicht hoch GPT-exponiert,0.0,2.62,3.12,0.0,3.75,1.0,0.0,0.62,0.0,0.0,3.12,0.75,2.62,3.62,0.12,0.12,0.0,1.62,3.5,3.25,0.12,2.12,2.38,0.0,3.75,0.0,2.38,3.88,4.12,3.25,2.25,0.0,3.25,0.0,0.0,0.0,2.88,0.0,0.12,3.62,3.62,2.12,0.25,0.25,0.0,2.5,1.0,2.0,2.88,0.88,4.0,3.88,1.45,2.02,1.67,-0.23,2.07,1.98,1.59,-0.38,1.79,1.58,1.6,1.08,1.64,1.39,1.61,1.83,1.5,0.94,2.42,1.61,1.49,4.57,4.43,4.23,3.25,2.61,2.54,3.66,3.25,3.38,0.0,0.0,0.0,3.0,3.5,1.75,1.38,3.0,3.75,0.0,2.0,0.5,3.25,0.62,0.62,0.0,3.0,3.75,2.88,2.62,0.5,3.0,0.25
27-2012.05,Media Technical Directors/Managers,0.3076923076923077,4,167.0,4.9,12.8,50.433369447453956,False,0.6511375947995667,0.723726977248104,0.6874322860238353,5,0,0.0,True,Nicht hoch GPT-exponiert,2.38,2.88,3.38,2.62,4.0,2.25,0.0,0.62,0.38,0.88,4.0,2.5,3.25,3.88,0.0,0.12,0.12,2.25,3.75,3.62,2.25,2.0,2.62,2.0,4.0,0.38,2.12,4.12,4.25,3.75,3.12,0.38,4.0,1.38,1.75,2.0,3.75,0.75,0.62,3.88,3.88,3.12,0.0,0.5,0.75,3.12,1.12,3.88,3.75,1.12,3.88,3.75,1.77,2.02,2.22,1.26,2.07,2.47,0.75,-0.06,1.75,1.52,1.54,1.2,2.37,0.9,1.4,1.76,1.73,0.7,1.38,2.1,1.51,4.94,4.68,4.31,4.8,3.66,2.48,4.86,3.62,4.0,2.0,2.75,0.0,3.62,3.62,1.5,2.0,3.5,3.0,3.0,1.88,3.25,3.25,1.12,3.12,1.5,2.88,3.62,3.75,3.25,1.62,3.75,2.0
27-2021.00,Athletes and Sports Competitors,0.0,2,19.1,5.5,2.1,3.1960996749729147,False,0.27410617551462624,0.7643553629469122,0.5192307692307692,5,0,0.0,True,Nicht hoch GPT-exponiert,3.12,2.75,2.5,2.25,3.0,2.38,2.25,4.0,4.0,3.75,3.38,3.0,2.75,3.0,1.25,4.0,3.12,2.25,3.12,3.0,3.25,1.5,2.12,3.25,3.5,1.0,1.5,3.88,3.88,3.0,2.88,1.5,3.0,2.0,2.38,2.62,3.12,0.75,1.38,3.12,3.0,2.12,2.62,4.0,3.88,2.88,3.38,2.0,2.88,1.38,3.0,2.88,2.83,1.83,1.25,-0.69,0.95,2.3,0.47,-0.74,1.72,0.87,1.45,0.47,1.31,2.27,2.67,2.56,2.38,0.72,1.65,2.47,1.1,4.32,4.75,4.14,3.76,3.37,3.92,3.87,2.88,3.75,0.88,0.0,0.0,3.0,2.88,1.0,1.12,2.5,2.38,1.38,2.0,1.88,2.5,0.0,1.38,0.0,2.75,3.0,2.12,2.38,0.88,3.0,1.0
27-2022.00,Coaches and Scouts,0.1444444444444444,4,306.5,6.4,41.8,30.87757313109426,False,0.8591549295774648,0.8223185265438786,0.8407367280606717,5,1,0.2,True,Nicht hoch GPT-exponiert,2.25,2.88,3.88,1.38,4.12,2.25,0.25,2.38,1.25,1.62,3.12,1.88,3.25,3.88,0.12,2.38,2.38,2.0,4.0,4.0,1.88,2.0,2.88,1.88,3.25,0.0,2.12,3.88,4.75,3.88,3.12,1.25,4.0,0.0,0.0,0.0,3.25,0.12,1.38,4.0,4.0,3.0,0.5,2.62,2.88,3.0,2.88,2.12,4.38,0.38,3.88,3.75,2.42,1.61,1.26,-0.35,2.3,2.56,1.54,0.85,2.03,1.6,1.51,1.11,2.71,1.78,2.19,2.36,2.14,1.72,2.4,2.21,1.31,4.75,4.22,4.03,3.62,3.94,2.66,3.67,3.88,4.12,0.0,1.38,0.0,4.75,4.12,2.38,2.62,4.38,4.0,1.25,2.88,2.0,4.12,0.38,2.5,0.0,3.88,4.0,3.88,4.12,1.5,4.0,1.0
27-2023.00,"Umpires, Referees, and Other Sports Officials",0.1666666666666666,2,19.3,5.7,4.6,33.91115926327194,False,0.4431202600216685,0.7751895991332611,0.6091549295774648,5,1,0.2,True,Nicht hoch GPT-exponiert,1.75,2.62,2.62,0.0,3.25,1.62,0.25,2.0,1.0,2.12,4.0,1.25,3.5,1.75,1.12,2.5,2.12,2.0,2.88,2.88,0.75,1.88,2.75,1.88,3.5,0.0,1.88,3.88,3.75,1.75,3.62,1.75,3.75,0.62,2.12,2.12,4.0,0.75,2.12,3.5,3.0,3.12,2.0,2.75,1.62,3.12,2.88,2.5,2.62,0.5,3.0,2.62,1.16,1.35,2.08,1.99,0.53,2.59,0.54,0.29,0.51,-0.63,2.89,0.39,1.92,0.69,1.77,2.36,2.63,1.41,0.9,2.43,0.12,3.9,3.95,4.52,3.95,3.85,2.48,3.05,2.75,3.0,0.12,0.12,0.0,2.75,3.0,0.0,0.0,2.0,2.75,0.12,1.0,0.75,2.62,0.0,1.0,0.0,2.75,2.75,2.0,1.88,0.5,2.88,0.38
27-2031.00,Dancers,0.0416666666666666,3,12.3,4.5,1.8,12.459371614301192,False,0.24647887323943662,0.6923076923076923,0.46939328277356446,5,0,0.0,True,Nicht hoch GPT-exponiert,2.38,1.62,2.75,0.75,2.75,1.38,4.25,4.62,2.38,4.88,2.75,2.0,2.62,2.75,1.5,5.5,4.88,2.12,2.62,3.12,2.12,0.5,3.12,3.75,3.12,0.12,0.5,3.88,3.38,3.38,2.5,1.25,2.75,1.62,0.62,0.88,2.88,0.0,1.5,3.0,3.0,2.62,3.38,4.62,3.12,2.0,4.75,1.88,2.75,0.0,2.75,2.5,2.14,2.02,1.14,-0.58,1.63,1.85,0.58,-0.73,1.13,1.36,0.41,0.89,-0.05,1.94,2.26,1.94,1.31,0.46,1.9,1.86,1.1,4.76,4.66,3.45,4.01,4.91,4.38,2.94,2.12,3.75,0.0,0.0,0.0,2.75,2.25,0.0,0.0,2.0,2.12,0.0,0.62,0.38,2.62,0.0,0.0,0.0,2.62,3.0,1.75,1.38,0.12,2.5,0.0
27-2032.00,Choreographers,0.1714285714285714,3,4.6,6.1,0.7,34.61538461538461,False,0.10184182015167931,0.8022751895991332,0.4520585048754063,5,0,0.0,True,Nicht hoch GPT-exponiert,2.62,2.25,3.0,0.0,3.62,1.5,3.38,3.75,2.38,3.88,2.88,1.62,2.75,4.0,0.12,5.25,4.38,2.0,3.12,3.38,1.62,1.75,2.88,3.5,3.12,0.0,1.5,4.0,4.12,4.25,2.62,1.5,3.75,0.38,1.0,1.88,3.0,0.0,2.5,3.62,3.25,2.12,2.75,3.75,2.62,2.88,3.75,2.0,3.75,0.75,3.38,3.12,2.04,2.34,1.1,-0.6,2.07,1.76,1.43,-0.49,1.86,2.89,0.68,1.89,2.34,1.9,2.15,2.12,1.43,1.0,2.2,1.64,1.72,4.71,4.75,4.05,3.71,5.0,4.19,3.9,3.0,4.0,0.0,0.0,0.0,4.0,3.0,0.62,0.88,3.38,3.0,0.0,2.75,0.5,3.12,0.12,0.25,0.0,3.25,3.88,2.62,2.75,0.75,3.38,0.0
27-2041.00,Music Directors and Composers,0.2807017543859649,4,47.3,-0.3,4.3,46.96641386782232,False,0.43391115926327195,0.25460455037919827,0.3442578548212351,5,1,0.2,True,Nicht hoch GPT-exponiert,2.12,4.12,3.62,1.88,4.12,0.12,0.88,1.62,1.0,1.5,2.88,2.12,3.38,4.0,0.12,1.5,1.0,5.12,3.38,4.0,2.25,1.88,3.62,2.62,3.88,0.5,2.25,4.12,4.12,4.12,2.75,0.12,3.38,1.38,0.75,0.88,3.38,2.88,0.62,3.62,3.62,3.0,1.12,1.25,1.0,2.62,2.62,1.25,2.25,1.88,3.88,3.5,2.14,2.09,2.05,-0.26,1.92,2.08,1.1,-0.01,1.96,2.86,1.5,2.2,2.43,1.74,1.8,2.24,1.56,1.07,2.17,1.8,1.78,4.17,4.34,4.7,4.47,3.28,3.37,3.92,3.12,3.75,0.0,1.0,0.0,3.0,3.12,2.38,1.5,3.12,3.12,0.62,2.12,0.38,3.25,1.12,1.12,0.0,2.62,3.62,3.0,3.0,1.25,3.12,0.38
27-2042.00,Musicians and Singers,0.1326530612244897,4,169.8,1.1,19.4,28.76489707475623,False,0.7475622968580715,0.319068255687974,0.5333152762730228,5,0,0.0,True,Nicht hoch GPT-exponiert,2.62,3.62,3.0,2.62,2.75,0.62,0.75,2.0,1.12,1.75,2.75,2.88,3.12,3.25,0.5,1.25,0.88,4.0,2.75,3.0,2.75,1.75,4.0,3.25,3.75,0.38,1.75,4.0,3.62,3.5,2.75,0.75,3.0,1.38,1.62,1.25,3.25,1.62,0.62,3.62,3.62,3.25,1.0,1.75,1.5,2.62,2.12,1.88,2.62,1.75,3.5,3.0,2.04,1.68,1.3,-0.43,1.5,1.72,0.84,-0.68,1.75,2.21,0.72,1.48,0.02,1.9,2.19,2.36,1.47,0.82,2.22,1.8,1.24,4.23,3.71,3.2,4.6,4.57,3.26,3.76,2.62,3.12,0.25,0.5,0.25,3.0,2.75,0.38,0.62,2.25,2.5,0.62,1.5,1.5,2.38,0.38,1.0,0.25,2.62,3.12,2.62,2.38,1.0,2.5,0.62
27-3011.00,Broadcast Announcers and Radio Disc Jockeys,0.5375,4,24.1,-5.5,2.3,85.80715059588299,True,0.29198266522210187,0.11213434452871072,0.2020585048754063,5,2,0.4,True,Hoch GPT-exponiert mit guten Wechseloptionen,1.5,2.25,3.0,1.88,3.62,1.0,0.0,0.38,0.38,0.38,2.25,1.62,2.0,3.25,0.62,0.0,0.0,1.62,3.0,3.12,1.62,1.12,3.75,0.38,3.12,0.38,1.12,4.0,4.12,3.88,2.25,0.5,3.12,1.25,1.38,0.75,3.12,0.75,0.62,4.88,4.0,3.0,0.0,0.0,0.38,3.0,1.75,1.75,1.88,0.75,4.0,3.88,1.37,1.86,1.6,-0.38,1.57,2.16,0.88,-0.85,1.69,1.23,1.51,0.94,1.11,1.94,1.15,2.28,1.91,0.98,2.33,1.8,1.24,4.39,4.67,4.17,4.11,3.07,2.53,4.85,3.0,3.38,0.38,0.38,0.0,2.0,3.0,0.5,0.5,2.0,2.75,2.0,1.0,2.0,2.88,0.12,1.38,0.25,3.0,3.75,2.0,2.0,0.12,3.12,0.5
27-3023.00,"News Analysts, Reporters, and Journalists",0.6333333333333333,4,49.3,-3.9,4.1,94.52871072589383,True,0.4219934994582882,0.1419284940411701,0.28196099674972913,5,1,0.2,True,Hoch GPT-exponiert mit begrenzten Wechseloptionen,1.25,2.38,3.12,1.25,3.62,1.25,0.12,0.88,0.12,0.12,3.12,1.12,3.0,3.38,1.5,0.12,0.12,2.0,3.5,3.5,1.12,1.62,2.75,0.12,3.88,0.0,2.0,4.0,4.0,3.12,2.12,0.0,3.5,0.12,0.12,0.12,3.0,0.0,0.5,3.88,3.88,2.5,0.12,0.12,0.38,2.25,1.62,1.75,1.88,2.12,3.62,3.62,2.04,2.26,1.97,0.0,0.75,2.19,1.14,-0.68,2.03,2.0,2.51,2.28,1.11,0.76,1.94,1.98,1.73,1.16,2.26,1.99,1.83,4.63,4.49,4.56,4.54,3.39,2.91,4.89,3.12,3.38,0.0,0.0,0.0,2.38,3.0,1.0,1.12,2.75,2.62,1.38,0.75,1.38,3.25,0.75,1.12,0.0,3.12,3.62,2.25,2.12,1.25,3.38,0.0
27-3031.00,Public Relations Specialists,0.7878787878787878,4,315.9,4.8,27.6,99.45828819068255,True,0.8082340195016251,0.7150595882990249,0.761646803900325,5,1,0.2,True,Hoch GPT-exponiert mit begrenzten Wechseloptionen,0.0,1.88,3.0,0.0,4.0,0.38,0.0,0.0,0.0,0.12,2.38,1.0,2.25,4.0,0.0,0.0,0.0,1.38,3.75,3.0,0.0,2.12,2.25,0.0,3.62,0.0,2.12,4.25,4.25,3.88,2.0,0.0,4.12,0.0,0.0,0.0,2.75,0.0,0.0,4.0,4.0,2.12,0.0,0.0,0.0,2.62,1.0,1.75,2.5,0.5,4.12,4.25,1.95,2.05,1.8,0.19,2.43,2.3,1.71,-0.38,2.0,2.12,2.1,1.54,1.53,2.1,1.77,2.24,1.91,0.98,2.58,1.8,1.51,4.43,4.82,3.81,4.18,2.82,2.29,4.55,3.5,4.0,0.0,0.0,0.0,3.0,4.0,1.75,1.5,2.75,3.38,0.0,2.88,0.62,4.12,0.5,0.5,0.0,3.12,4.12,3.12,3.38,1.38,3.88,0.0
27-3041.00,Editors,0.6470588235294118,4,115.8,0.6,9.8,95.2329360780065,True,0.6121343445287107,0.29360780065005415,0.4528710725893824,5,1,0.2,True,Hoch GPT-exponiert mit begrenzten Wechseloptionen,1.38,2.0,3.62,0.75,3.75,0.12,0.0,0.5,0.0,0.0,2.75,2.5,3.62,4.25,0.0,0.0,0.0,1.38,3.62,3.62,1.25,1.88,2.75,0.0,4.5,0.0,2.12,4.25,4.12,3.88,3.25,0.0,3.38,0.0,0.0,0.0,3.0,0.0,0.0,3.5,3.88,2.75,0.0,0.0,0.0,2.38,1.25,2.62,3.0,0.88,4.88,5.0,2.01,1.61,3.0,1.63,1.63,2.65,0.82,0.22,1.82,1.86,1.89,2.12,2.13,0.71,1.55,1.8,1.43,0.9,1.38,1.8,1.39,4.55,4.81,4.07,4.44,3.14,3.38,4.57,3.12,3.38,0.0,0.0,0.0,3.12,3.38,0.75,0.5,3.38,3.5,0.25,1.5,1.5,3.38,0.75,3.25,0.0,2.75,3.5,3.12,2.75,0.62,4.0,0.0
27-3042.00,Technical Writers,0.6333333333333333,4,56.4,0.9,4.5,94.52871072589383,True,0.44041170097508126,0.30715059588299026,0.37378114842903576,5,2,0.4,True,Hoch GPT-exponiert mit guten Wechseloptionen,1.38,1.75,3.12,0.62,4.0,0.38,0.0,0.0,0.0,0.0,1.88,1.88,2.38,3.25,0.0,0.0,0.0,0.88,3.12,4.0,1.0,0.88,1.38,0.0,4.12,0.0,1.0,4.25,4.12,3.0,1.88,0.0,3.12,0.0,0.0,0.0,2.38,0.0,0.25,3.0,3.0,1.38,0.0,0.0,0.0,1.62,0.25,2.0,3.25,0.38,4.5,5.12,1.52,1.19,2.77,1.45,1.38,2.25,0.41,0.56,1.05,1.17,1.08,2.04,-0.34,0.22,1.23,0.92,0.66,0.69,0.65,0.8,1.22,4.13,4.39,4.4,4.55,2.68,4.01,4.23,3.0,3.0,0.0,0.0,0.0,2.75,3.0,0.38,0.62,2.12,2.38,0.0,2.5,0.5,2.88,0.38,1.88,0.0,1.88,2.75,2.12,1.25,0.38,3.0,0.12
27-3043.00,Writers and Authors,0.8076923076923077,4,135.4,3.6,13.4,99.67497291440954,True,0.6700975081256771,0.5828819068255688,0.626489707475623,5,1,0.2,True,Hoch GPT-exponiert mit begrenzten Wechseloptionen,0.25,1.5,3.0,0.25,3.38,0.0,0.12,0.12,0.12,0.12,2.5,0.5,2.62,3.88,0.0,0.12,0.12,0.75,3.5,3.12,0.12,0.5,1.88,0.25,3.75,0.0,0.5,4.25,3.88,3.88,1.75,0.0,3.38,0.12,0.12,0.12,2.5,0.0,0.38,3.5,3.62,2.62,0.12,0.12,0.12,2.0,1.75,1.62,2.5,1.0,4.25,4.75,1.95,1.75,1.53,-0.37,1.03,1.83,1.07,-0.4,1.79,2.85,0.8,1.89,0.71,1.13,1.61,1.7,0.82,0.84,1.36,1.09,1.72,4.88,4.53,3.56,4.18,3.18,2.17,4.7,3.0,3.12,0.0,0.0,0.0,2.38,3.0,0.25,0.25,2.62,3.0,0.0,0.62,0.0,3.5,0.75,0.88,0.0,3.38,3.12,2.12,2.12,1.12,3.38,0.0
27-3043.05,"Poets, Lyricists and Creative Writers",0.7407407407407407,4,135.4,3.6,13.4,98.91657638136512,True,0.6700975081256771,0.5828819068255688,0.626489707475623,5,1,0.2,True,Hoch GPT-exponiert mit begrenzten Wechseloptionen,1.5,0.88,3.0,0.88,3.5,0.0,0.0,0.62,0.0,0.0,2.88,2.25,2.75,4.25,0.0,0.0,0.0,1.62,3.5,3.38,1.62,1.0,2.12,0.0,3.88,0.0,1.0,4.0,4.12,4.5,1.75,0.0,3.5,0.0,0.0,0.0,3.0,0.0,0.0,3.62,3.0,2.62,0.0,0.0,0.0,1.12,1.38,1.38,2.75,1.25,4.25,4.62,2.01,0.71,1.01,-0.64,0.34,1.07,0.95,-0.34,1.82,3.0,0.56,2.24,-0.41,0.76,1.23,1.32,-0.17,0.8,0.25,0.68,2.08,2.68,2.86,4.64,3.64,1.38,3.38,3.18,3.25,3.0,0.0,0.0,0.0,2.12,3.25,0.62,0.5,1.0,2.5,0.0,1.38,0.25,3.12,0.75,0.75,0.0,2.12,3.5,2.12,2.12,0.62,2.75,0.0
27-3091.00,Interpreters and Translators,0.84,4,75.3,1.7,6.9,99.78331527627302,True,0.5303358613217768,0.37378114842903576,0.4520585048754063,5,2,0.4,True,Hoch GPT-exponiert mit guten Wechseloptionen,0.88,3.12,3.0,0.0,3.12,0.75,0.0,0.5,0.5,0.38,2.88,1.5,3.0,3.0,0.0,1.0,0.5,2.88,3.0,3.62,0.5,1.12,2.75,1.0,3.62,0.0,1.12,4.5,4.75,3.0,3.0,0.0,3.62,0.0,0.0,0.12,3.62,0.0,0.0,4.62,4.75,3.0,0.12,1.25,0.38,3.0,2.0,2.0,2.12,0.38,4.0,4.0,1.52,1.58,2.63,1.99,1.47,2.65,1.25,0.87,0.74,0.63,2.76,2.01,-0.63,0.45,1.46,1.18,1.77,1.72,1.38,1.46,1.6,4.56,4.64,4.06,4.9,3.53,2.62,4.02,3.0,3.0,0.0,0.0,0.0,3.0,3.0,0.38,0.38,2.5,2.25,0.0,0.75,1.38,2.38,0.12,1.25,0.0,3.12,3.62,2.12,2.12,1.0,3.0,0.25
27-3092.00,Court Reporters and Simultaneous Captioners,0.5208333333333333,3,17.7,-0.3,1.7,83.09859154929578,True,0.23672806067172264,0.25460455037919827,0.24566630552546045,5,1,0.2,True,Hoch GPT-exponiert mit begrenzten Wechseloptionen,2.25,2.5,2.12,2.5,2.88,0.12,0.0,0.0,0.0,0.12,2.38,3.0,2.0,1.5,0.0,0.0,0.0,1.25,2.5,3.0,2.12,1.12,2.5,0.62,3.88,0.0,1.0,3.88,4.0,1.12,2.25,0.0,2.62,0.12,0.5,0.62,3.0,0.0,0.0,3.0,4.12,1.88,0.0,0.0,0.0,2.12,1.12,0.62,1.25,2.75,4.0,3.75,1.66,0.53,3.0,2.06,0.64,2.65,-0.09,0.32,0.05,-0.5,2.55,0.24,-0.56,-0.09,1.8,1.02,2.14,0.36,-0.14,1.89,-0.48,4.81,4.8,4.2,4.96,3.5,3.72,4.43,2.0,1.75,0.5,0.25,0.0,0.5,2.0,0.0,0.0,0.5,0.88,1.38,0.12,1.62,0.88,0.12,1.88,0.38,1.75,2.25,0.88,0.75,0.0,2.62,0.75
27-4011.00,Audio and Video Technicians,0.3,3,92.3,3.3,7.3,49.24160346695558,False,0.5384615384615384,0.5444203683640303,0.5414409534127844,5,0,0.0,True,Nicht hoch GPT-exponiert,3.12,3.0,3.12,3.0,3.38,2.12,0.0,1.62,1.0,1.88,3.62,3.12,3.25,2.88,0.25,1.25,1.12,3.25,3.62,3.88,3.12,2.25,2.12,2.12,4.0,0.12,2.0,4.0,3.88,2.88,3.12,0.0,3.75,1.88,2.0,1.5,3.12,0.88,0.5,3.0,3.0,2.5,0.0,1.38,2.25,2.88,2.0,3.25,3.5,2.0,3.75,3.5,1.14,1.61,2.37,1.5,1.31,2.47,0.15,0.29,1.1,1.17,0.98,1.23,1.08,0.76,1.31,1.18,1.31,0.52,0.86,1.76,1.14,3.86,4.85,4.45,4.57,3.41,3.12,3.88,3.0,3.12,2.38,2.25,2.12,3.0,2.88,1.0,1.75,2.75,2.5,3.0,1.62,3.12,2.5,1.25,3.0,2.5,3.12,3.0,2.88,2.75,1.75,3.0,2.88
27-4012.00,Broadcast Technicians,0.2142857142857142,3,24.8,-2.8,1.8,38.46153846153847,False,0.24647887323943662,0.1695557963163597,0.20801733477789816,5,0,0.0,True,Nicht hoch GPT-exponiert,2.75,3.0,3.12,3.0,3.62,2.12,0.0,1.12,0.25,1.38,3.5,3.0,3.25,3.0,0.75,1.0,0.75,3.0,3.12,3.12,2.38,2.12,2.88,2.62,4.0,0.75,2.12,4.0,4.0,3.0,3.25,0.75,3.75,1.88,2.62,2.0,3.88,0.75,0.75,3.0,3.62,2.88,0.0,1.12,2.12,2.5,2.0,3.38,3.12,1.38,3.5,3.0,1.27,1.65,2.47,1.82,1.0,2.56,-0.12,-0.18,0.85,1.04,1.7,1.17,-0.21,0.13,1.31,0.99,1.31,0.18,0.07,1.64,0.83,4.2,4.79,3.84,4.15,3.05,2.21,3.92,3.25,3.0,2.88,3.0,2.0,2.88,3.12,1.25,1.5,2.88,2.12,3.0,2.0,3.62,2.38,1.88,3.25,2.62,2.25,3.0,3.0,2.88,2.25,3.12,3.12
27-4014.00,Sound Engineering Technicians,0.2777777777777778,3,16.9,-1.7,1.2,46.37053087757313,False,0.17876489707475623,0.20151679306608883,0.19014084507042253,5,1,0.2,True,Nicht hoch GPT-exponiert,3.0,3.88,3.5,3.12,3.5,1.38,0.0,0.62,0.25,1.25,3.0,3.0,3.25,3.75,0.0,0.0,0.0,4.25,3.12,3.12,2.88,2.0,2.38,2.12,3.62,0.0,2.12,4.12,3.88,3.38,3.12,0.0,3.25,0.75,1.5,1.12,3.12,1.5,0.38,3.0,3.0,3.12,0.0,0.0,1.75,2.75,1.38,2.38,2.88,2.0,3.5,3.38,1.63,1.65,2.57,1.41,1.47,2.41,0.25,0.22,1.18,1.69,0.78,1.54,-0.19,0.38,1.58,1.35,1.31,0.53,0.99,1.61,1.12,4.08,4.43,4.24,4.6,3.62,3.56,4.2,3.12,3.12,2.75,2.5,0.62,2.88,3.0,0.88,1.75,2.38,2.62,3.25,0.38,3.12,3.0,0.88,3.0,2.38,3.12,3.0,3.12,3.12,1.75,3.0,2.75
27-4021.00,Photographers,0.21875,3,151.2,1.8,12.7,38.67822318526544,False,0.6462621885157096,0.3851570964247021,0.5157096424702059,5,0,0.0,True,Nicht hoch GPT-exponiert,3.0,1.5,3.38,2.88,3.75,2.88,0.0,1.25,0.25,1.88,4.0,2.88,3.12,3.75,1.38,1.38,1.25,1.5,3.0,3.0,2.88,1.88,2.0,2.75,4.12,0.62,1.75,4.0,4.0,3.88,2.75,0.75,3.5,2.25,2.5,1.88,3.0,0.12,1.0,3.25,3.0,2.75,0.25,0.75,2.0,2.88,2.12,4.0,4.0,1.38,3.62,3.0,1.52,1.65,2.05,0.84,0.92,1.93,0.54,-0.04,1.59,2.36,1.54,1.17,0.41,0.76,1.64,1.5,0.92,0.76,0.9,1.32,1.33,4.45,4.43,4.14,3.82,3.9,3.05,3.91,3.0,3.0,1.0,2.25,0.38,2.88,3.0,0.88,1.12,2.88,2.88,2.0,2.88,2.25,3.0,0.62,2.5,0.75,3.12,3.0,2.38,2.38,1.62,3.0,1.75
27-4031.00,"Camera Operators, Television, Video, and Film",0.1818181818181818,3,36.4,1.2,2.9,35.6988082340195,False,0.34994582881906827,0.33098591549295775,0.340465872156013,5,0,0.0,True,Nicht hoch GPT-exponiert,3.12,2.62,2.88,3.12,3.5,2.62,0.0,1.62,0.88,2.25,4.12,3.0,3.25,3.25,1.88,1.75,1.38,2.25,3.0,3.12,3.0,2.0,2.25,2.88,4.12,1.12,2.0,4.0,3.75,3.12,3.12,0.62,3.25,2.12,2.5,2.12,3.25,0.62,1.5,3.0,3.5,2.25,1.25,1.75,2.88,3.0,2.62,3.62,3.75,2.0,3.25,3.0,1.55,1.79,2.05,0.9,1.47,2.08,0.07,-0.27,1.02,1.83,0.7,0.97,0.29,0.71,1.31,1.32,1.31,0.32,0.84,1.46,1.22,4.7,4.95,3.45,4.37,3.72,3.32,3.91,3.12,3.75,2.0,2.88,0.12,2.75,3.12,0.75,1.62,2.75,2.38,2.88,2.12,3.0,2.88,0.5,3.0,1.88,2.88,3.12,2.12,2.12,2.0,3.12,2.12
27-4032.00,Film and Video Editors,0.4722222222222222,4,43.5,4.0,3.6,74.97291440953413,False,0.38461538461538464,0.628385698808234,0.5065005417118094,5,1,0.2,True,Nicht hoch GPT-exponiert,2.38,2.12,3.62,2.25,3.5,0.88,0.0,0.0,0.0,0.25,3.25,2.88,3.12,3.5,0.0,0.0,0.0,2.0,3.38,3.88,2.12,2.0,2.5,0.12,4.0,0.0,2.0,4.0,4.0,3.62,3.12,0.0,3.38,0.62,0.38,0.0,3.25,0.25,0.0,3.12,3.12,2.88,0.0,0.0,0.0,2.38,1.12,3.25,3.75,0.88,4.0,3.62,2.04,1.72,2.57,0.79,1.53,2.22,0.2,-0.06,1.18,2.39,1.54,1.68,0.16,0.43,1.67,1.41,1.43,0.32,0.72,1.49,1.49,4.1,4.87,4.06,4.43,3.16,2.24,4.7,3.12,3.0,0.5,1.25,0.0,2.62,3.12,0.88,0.75,1.88,2.62,1.25,2.0,2.12,3.0,0.62,2.38,0.5,2.62,2.88,2.88,2.75,1.38,3.0,1.25
29-1011.00,Chiropractors,0.3181818181818182,5,57.2,9.5,2.8,52.00433369447454,False,0.34073672806067173,0.9122426868905742,0.6264897074756229,5,0,0.0,True,Nicht hoch GPT-exponiert,3.0,1.75,3.88,2.75,4.38,1.88,0.0,2.25,0.5,3.12,2.12,3.0,3.25,3.12,0.0,2.12,1.5,1.75,4.38,3.88,3.0,2.75,2.75,3.0,3.12,0.0,2.75,4.75,4.25,3.12,2.88,0.0,4.75,0.75,1.5,1.88,2.88,0.0,0.0,3.38,3.62,3.12,1.12,2.0,3.0,2.62,3.0,1.5,3.0,1.75,4.25,4.0,1.74,1.05,2.5,2.24,2.34,2.39,2.17,1.03,1.32,1.25,2.1,1.82,0.9,1.63,1.74,1.73,1.95,1.9,1.88,1.58,1.37,5.0,4.98,4.96,4.73,4.84,3.7,3.58,3.62,3.38,0.0,0.0,0.0,3.12,3.62,1.5,1.75,2.88,2.5,1.75,2.25,1.62,3.25,0.5,1.88,0.0,3.75,3.88,3.12,3.25,0.75,3.25,0.62
29-1021.00,"Dentists, General",0.225,5,129.8,4.1,3.9,39.436619718309856,False,0.4014084507042254,0.6392199349945829,0.5203141928494042,5,1,0.2,True,Nicht hoch GPT-exponiert,4.62,2.75,4.0,5.62,4.88,3.0,0.12,1.75,0.0,3.0,2.88,4.75,3.75,3.75,0.0,1.0,1.0,2.88,5.25,4.0,4.62,3.12,2.75,3.75,4.88,0.0,3.0,5.0,4.62,3.88,3.12,0.0,5.12,2.25,2.88,2.88,3.88,0.0,1.5,3.38,3.88,3.5,0.12,1.25,2.0,3.12,2.12,3.62,3.75,2.88,4.25,3.62,2.04,1.02,3.0,2.39,1.99,2.65,2.07,0.67,1.35,1.23,2.28,1.97,1.21,1.32,1.77,1.73,2.26,1.66,1.72,2.03,0.99,4.75,5.0,4.67,4.81,4.97,4.61,3.78,4.12,4.0,0.88,2.12,0.38,3.88,4.12,3.0,3.0,3.75,3.12,2.88,2.38,2.62,3.88,0.75,2.75,0.62,3.75,3.75,3.0,3.0,2.12,4.0,1.5
29-1022.00,Oral and Maxillofacial Surgeons,0.08,5,6.1,4.1,0.2,20.422535211267608,False,0.02275189599133261,0.6392199349945829,0.33098591549295775,5,0,0.0,True,Nicht hoch GPT-exponiert,5.0,2.62,3.88,5.38,4.88,2.25,0.0,1.62,0.0,2.5,3.12,5.12,3.75,3.62,0.0,1.38,0.75,2.0,5.0,4.25,5.25,3.0,2.88,3.12,4.75,0.0,3.0,5.12,5.0,3.75,3.12,0.0,5.25,2.12,2.62,2.62,3.75,0.0,0.0,3.5,3.75,2.88,0.25,1.75,1.75,3.0,2.62,3.5,4.12,3.12,4.75,4.12,2.24,1.65,3.0,2.62,2.14,2.93,1.22,0.37,1.29,1.41,2.17,2.37,1.67,0.93,2.19,2.24,2.5,1.33,1.33,2.55,1.49,4.84,4.94,4.93,4.83,4.96,3.4,3.58,4.38,3.5,1.38,1.88,0.0,3.5,4.12,1.5,1.5,3.12,2.75,3.0,3.38,2.38,3.25,0.5,2.62,1.25,3.88,3.88,3.25,3.5,1.88,3.25,1.5
29-1023.00,Orthodontists,0.2,5,5.9,4.4,0.2,37.37811484290358,False,0.02275189599133261,0.676056338028169,0.3494041170097508,5,0,0.0,True,Nicht hoch GPT-exponiert,3.88,2.12,3.62,3.88,4.0,2.0,0.0,0.25,0.12,2.0,3.0,4.0,3.0,3.38,0.0,0.0,0.12,1.88,4.12,4.0,3.88,2.88,2.75,2.88,4.12,0.0,3.0,4.25,4.12,3.25,3.0,0.0,4.88,1.12,1.38,1.38,3.25,0.0,0.0,3.38,3.5,2.5,0.0,0.0,1.38,2.88,1.38,2.62,3.62,1.5,4.12,4.0,2.08,1.02,3.0,2.43,1.74,2.5,1.54,0.72,1.21,1.52,2.06,2.04,1.0,1.42,1.77,1.73,1.73,1.55,1.79,1.7,0.87,4.96,5.0,4.81,4.83,4.84,3.39,4.34,4.0,3.88,0.0,1.38,0.0,3.62,3.88,2.0,2.25,3.25,3.0,2.0,3.62,2.75,3.25,0.5,2.25,0.0,3.25,3.88,3.0,2.88,2.0,4.0,1.25
29-1024.00,Prosthodontists,0.0909090909090909,5,0.9,4.5,0.0,22.75189599133261,False,0.0027085590465872156,0.6923076923076923,0.34750812567713973,5,0,0.0,True,Nicht hoch GPT-exponiert,4.0,2.0,3.12,4.0,4.0,2.0,0.0,1.12,0.38,2.12,2.88,4.12,3.0,3.38,0.5,1.0,1.12,2.12,4.0,3.38,3.62,2.75,2.12,2.75,4.38,0.5,2.25,4.12,4.0,3.12,2.88,0.5,4.12,1.88,2.0,1.75,3.0,0.62,0.62,3.0,3.62,2.38,0.0,0.88,1.75,3.0,2.0,3.12,3.88,1.88,4.12,3.88,2.17,1.14,3.0,2.5,2.07,2.53,2.14,0.72,1.21,1.72,2.21,2.12,1.0,1.23,1.87,1.63,2.02,1.78,1.61,1.8,1.24,4.84,4.95,4.95,4.95,4.96,4.22,3.85,3.88,3.0,1.12,1.62,0.25,3.12,3.38,2.0,2.12,3.0,2.75,2.25,3.25,2.88,3.0,0.88,3.0,1.12,3.25,3.5,2.75,2.75,1.88,3.25,2.12
29-1031.00,Dietitians and Nutritionists,0.4634146341463415,5,90.9,5.5,6.2,73.56446370530878,False,0.5075839653304443,0.7643553629469122,0.6359696641386783,5,2,0.4,True,Nicht hoch GPT-exponiert,0.0,2.0,4.12,0.0,4.12,0.75,0.0,0.12,0.0,0.12,2.88,1.62,2.88,3.62,0.0,0.0,0.0,1.5,4.12,4.0,0.25,3.12,2.88,0.0,3.75,0.0,3.0,4.88,4.88,3.88,2.88,0.0,4.0,0.0,0.0,0.0,2.88,0.0,0.0,4.0,3.88,2.62,0.12,0.0,0.12,2.25,1.5,2.38,2.5,0.38,4.25,4.25,1.92,1.68,2.7,1.76,2.3,2.41,2.27,1.28,1.23,1.3,2.17,2.01,1.13,1.63,1.64,1.5,1.7,2.03,2.06,1.61,1.18,4.59,4.89,4.55,4.0,3.45,1.72,3.83,4.12,3.88,0.0,0.0,0.0,3.88,4.0,3.38,2.88,3.5,3.62,0.0,3.38,1.75,4.0,1.0,3.0,0.0,4.12,4.25,3.5,3.62,1.25,3.5,0.62
29-1041.00,Optometrists,0.05,5,47.8,8.0,2.4,14.030335861321777,False,0.29956663055254606,0.8634886240520043,0.5815276273022751,5,0,0.0,True,Nicht hoch GPT-exponiert,3.62,1.88,4.0,3.75,4.75,2.25,0.0,0.25,0.12,0.25,3.75,3.88,4.0,3.12,0.0,0.0,0.0,2.0,4.88,4.0,3.25,3.0,2.88,1.88,4.62,0.0,3.5,5.0,4.12,3.0,3.25,0.0,5.0,1.0,1.38,1.5,3.25,0.0,0.0,3.75,4.0,3.0,0.0,0.0,0.88,2.88,2.0,3.12,3.0,2.0,4.75,4.0,1.83,1.02,3.0,2.28,1.92,2.47,1.89,0.99,1.13,1.17,2.21,2.08,0.76,1.16,1.49,1.63,1.73,1.81,1.74,1.61,1.08,4.76,5.0,4.71,4.76,4.6,3.65,4.05,3.88,3.5,0.0,0.0,0.0,3.25,3.88,2.12,2.12,3.12,3.0,2.25,2.12,2.12,3.38,1.12,2.88,0.0,3.75,3.88,3.12,3.12,0.88,3.25,1.88
29-1051.00,Pharmacists,0.3999999999999999,5,335.1,4.6,14.2,64.24702058504876,False,0.6885157096424702,0.7053087757313109,0.6969122426868906,5,2,0.4,True,Nicht hoch GPT-exponiert,2.88,1.75,4.25,2.0,4.25,1.0,0.12,0.5,0.12,1.75,2.88,3.0,3.12,3.12,0.0,0.88,0.25,1.12,4.12,4.12,2.75,3.38,3.12,2.0,4.5,0.0,3.62,5.0,4.88,3.0,3.12,0.0,4.62,0.25,0.25,0.12,3.0,0.0,0.0,3.75,3.88,3.0,0.25,1.12,1.38,3.0,2.12,2.88,2.5,0.88,4.88,4.12,2.04,1.35,3.0,2.86,2.3,2.93,2.1,1.15,1.38,0.97,2.93,2.2,1.08,0.98,1.77,1.63,2.14,1.94,1.58,2.06,0.33,4.91,4.99,4.59,4.99,4.16,4.05,4.67,3.5,3.75,0.0,0.38,0.0,3.75,3.88,2.25,2.62,3.38,2.88,0.62,2.75,2.0,3.12,0.62,2.5,0.0,3.75,4.0,3.0,3.25,1.0,3.62,0.88
29-1071.00,Physician Assistants,0.125,5,162.7,20.4,12.0,27.627302275189596,False,0.6397616468039004,0.9875406283856988,0.8136511375947996,5,0,0.0,True,Nicht hoch GPT-exponiert,3.0,2.0,3.88,2.0,4.38,1.88,0.0,1.88,1.25,2.0,3.0,3.0,3.75,3.25,0.0,2.0,1.25,2.0,4.88,4.0,2.38,3.0,2.88,2.12,4.0,0.0,3.0,5.0,4.62,3.0,3.0,0.0,4.75,0.0,1.0,0.62,3.0,0.0,0.0,3.5,4.0,3.0,0.88,1.88,2.12,2.75,2.75,3.0,2.88,0.38,4.5,4.12,2.08,1.98,3.0,2.47,2.47,2.87,2.27,0.58,1.62,1.25,2.84,2.2,0.47,1.16,2.15,1.21,2.42,1.55,2.2,2.36,1.49,4.92,5.0,4.73,4.81,4.56,2.49,4.35,4.0,4.0,0.0,0.25,0.0,4.0,4.12,1.25,1.5,3.0,3.12,0.0,2.75,2.0,3.5,1.12,2.25,0.0,4.12,4.12,3.12,3.75,1.12,3.75,1.12
29-1071.01,Anesthesiologist Assistants,0.0952380952380952,5,162.7,20.4,12.0,23.564463705308775,False,0.6397616468039004,0.9875406283856988,0.8136511375947996,5,0,0.0,True,Nicht hoch GPT-exponiert,3.5,2.88,3.12,3.38,3.88,2.5,0.25,1.62,0.0,2.62,3.0,3.25,3.75,2.88,1.0,2.38,1.38,3.0,3.88,3.75,3.38,3.0,3.0,2.88,4.38,0.0,3.38,4.12,3.88,2.62,3.62,0.0,4.12,2.0,2.62,2.88,3.62,0.0,0.0,3.62,3.5,3.0,1.75,1.88,2.62,3.0,2.62,3.25,3.0,2.12,4.12,3.75,2.04,2.13,3.0,2.74,2.43,2.93,2.04,0.72,1.21,0.0,2.4,1.97,0.19,0.79,2.08,1.63,2.63,1.39,1.02,3.0,1.45,4.27,4.7,4.14,4.83,4.5,3.19,3.8,3.38,3.5,1.75,2.25,0.62,3.25,3.62,1.25,2.0,2.88,2.88,3.38,1.12,3.5,2.88,0.62,2.88,1.88,3.5,3.62,2.88,3.12,1.38,3.12,2.5
29-1081.00,Podiatrists,0.2857142857142857,5,9.7,1.8,0.3,47.77898158179848,False,0.03791982665222102,0.3851570964247021,0.21153846153846156,5,1,0.2,True,Nicht hoch GPT-exponiert,3.12,1.62,3.88,3.25,4.75,1.88,0.0,0.75,0.5,1.12,3.0,3.12,4.0,3.5,0.0,0.38,0.38,2.0,5.12,3.88,3.25,2.88,3.0,2.5,4.0,0.0,3.0,5.12,5.12,3.38,3.0,0.0,5.38,0.88,1.38,1.25,3.0,0.0,0.0,4.0,4.0,3.12,0.0,0.5,1.75,2.62,2.12,3.0,3.5,1.62,5.12,4.25,2.04,0.97,2.7,2.47,1.74,2.39,1.89,0.96,1.35,1.36,2.1,1.97,1.03,1.04,1.77,1.7,1.77,1.63,1.54,1.61,1.16,4.84,4.99,5.0,4.77,4.55,2.88,4.38,4.12,3.75,0.0,1.88,0.0,3.5,4.0,2.5,2.5,3.0,3.0,2.12,2.62,2.25,3.12,0.5,2.62,0.0,3.62,4.12,3.12,3.12,2.38,3.5,1.88
29-1122.00,Occupational Therapists,0.3939393939393939,5,160.0,13.8,10.2,63.48862405200434,False,0.6164680390032503,0.9561213434452871,0.7862946912242688,5,3,0.6,True,Nicht hoch GPT-exponiert,2.88,2.5,3.38,2.12,4.0,2.0,0.0,1.88,0.62,2.12,2.88,3.0,3.0,3.88,0.0,2.0,2.0,2.12,4.0,4.0,2.75,2.5,2.38,2.62,3.38,0.0,2.12,4.12,4.12,3.88,2.88,0.0,4.0,0.0,0.0,0.5,3.12,0.0,0.12,4.0,4.0,2.62,0.62,2.12,2.38,2.75,2.62,2.12,2.88,0.38,4.0,4.0,1.92,2.21,2.57,1.03,2.69,2.47,3.0,1.42,1.0,1.49,2.1,2.01,1.03,2.06,2.01,1.6,1.98,2.1,2.29,1.96,1.39,4.82,4.91,4.41,3.55,4.45,2.09,3.95,3.75,3.88,0.0,0.25,0.0,4.0,3.88,1.62,2.0,3.0,2.88,1.0,3.0,2.12,3.12,1.0,1.75,0.0,4.0,4.0,3.12,3.12,1.38,3.88,1.0
29-1122.01,"Low Vision Therapists, Orientation and Mobility Specialists, and Vision Rehabilitation Therapists",0.2875,5,160.0,13.8,10.2,47.99566630552546,False,0.6164680390032503,0.9561213434452871,0.7862946912242688,5,0,0.0,True,Nicht hoch GPT-exponiert,1.88,2.25,3.25,1.88,3.88,2.0,0.0,1.75,0.5,1.75,3.0,1.25,3.0,3.38,1.0,2.12,1.38,2.25,3.88,3.88,0.62,2.62,2.88,2.0,3.88,0.75,2.0,4.12,4.12,3.38,2.88,0.5,4.12,0.62,0.62,0.62,3.0,0.5,1.38,3.12,3.25,2.62,0.75,1.75,1.88,2.88,2.12,2.25,2.88,0.38,4.0,4.0,1.66,1.79,2.16,1.69,2.55,2.65,3.0,1.28,1.32,1.44,2.1,1.48,0.73,2.31,2.04,1.54,1.91,2.17,2.17,1.73,1.31,4.3,4.7,4.73,3.3,4.43,1.96,2.96,3.5,3.12,0.0,0.25,0.0,3.75,3.38,0.12,0.75,2.88,3.0,2.0,0.75,2.25,3.12,0.5,1.38,0.0,3.5,4.0,3.12,3.12,1.62,3.12,0.62
29-1123.00,Physical Therapists,0.3404255319148936,5,267.2,10.9,13.2,54.60455037919827,False,0.6635969664138678,0.9247020585048754,0.7941495124593716,5,4,0.8,True,Nicht hoch GPT-exponiert,3.0,2.12,3.5,2.62,4.12,1.88,0.0,2.62,0.75,2.88,2.88,3.0,3.12,3.12,0.0,2.25,2.0,2.0,4.12,3.88,3.0,2.75,2.88,3.0,3.62,0.0,2.75,4.25,4.62,3.12,2.88,0.0,4.12,1.12,1.12,0.75,2.88,0.0,0.12,3.62,3.62,2.75,1.5,2.12,3.12,2.88,3.0,2.12,3.0,1.88,4.0,4.0,1.92,1.86,2.53,2.21,2.64,2.53,2.82,1.35,1.53,1.3,2.21,1.97,1.03,2.27,2.08,1.7,2.06,2.1,2.24,1.99,1.22,4.94,4.78,4.75,3.69,4.92,3.04,4.24,3.38,3.75,0.62,0.88,0.25,3.62,3.88,1.12,1.5,3.12,3.0,1.75,2.75,2.12,3.12,0.88,1.88,0.62,4.0,4.0,3.12,3.0,1.62,3.75,1.75
29-1124.00,Radiation Therapists,0.1707317073170731,3,19.2,1.9,0.9,34.398699891657635,False,0.13488624052004333,0.39219934994582883,0.2635427952329361,5,0,0.0,True,Nicht hoch GPT-exponiert,3.5,2.12,3.5,3.12,3.88,2.25,0.0,1.88,0.0,2.25,3.12,3.25,3.12,3.0,0.75,2.0,1.5,2.12,3.25,3.88,3.0,3.0,2.88,3.0,3.75,1.0,2.88,4.0,4.0,2.62,3.12,0.88,3.88,2.25,2.88,2.88,3.12,1.62,1.38,3.5,3.5,2.75,2.0,1.75,2.88,2.88,2.0,2.75,2.88,1.88,4.0,3.38,1.69,1.17,3.0,2.74,3.0,2.83,3.0,1.15,0.9,0.0,2.4,1.35,0.64,1.86,0.66,1.57,2.38,2.07,1.65,2.24,-0.63,4.97,4.72,4.14,4.86,4.92,4.01,4.46,3.0,3.12,2.75,2.62,0.0,3.38,3.12,1.0,1.38,2.88,2.5,3.5,2.62,3.38,2.75,1.12,3.38,2.12,3.25,3.62,2.75,2.75,1.0,3.25,2.75
29-1125.00,Recreational Therapists,0.3636363636363636,4,16.1,3.3,1.3,58.45070422535211,False,0.19393282773564463,0.5444203683640303,0.3691765980498375,5,2,0.4,True,Nicht hoch GPT-exponiert,3.0,2.0,3.0,1.62,4.0,2.0,0.5,2.0,1.88,2.38,3.0,2.5,2.88,3.25,0.75,2.5,1.62,1.75,3.88,3.62,2.12,2.0,2.25,2.75,3.38,0.62,2.0,4.12,4.0,3.75,3.0,1.0,4.0,0.62,1.38,1.88,3.0,0.5,1.25,3.5,3.5,2.12,1.38,2.38,2.62,3.0,2.88,1.5,2.75,0.75,4.0,4.0,1.45,1.94,1.62,1.14,2.69,2.33,3.0,1.49,1.47,1.6,2.06,1.11,1.56,2.53,1.64,1.54,2.06,2.2,2.47,1.52,1.26,4.82,4.95,4.26,3.05,4.37,2.34,3.68,3.5,3.88,0.0,0.38,0.0,3.75,3.12,1.62,1.88,3.0,3.12,1.25,3.0,1.5,3.75,0.62,1.38,0.0,4.25,4.12,2.88,3.0,1.12,3.12,0.5
29-1126.00,Respiratory Therapists,0.1904761904761904,3,139.6,12.1,8.8,36.51137594799567,False,0.5796316359696642,0.9452871072589383,0.7624593716143012,5,0,0.0,True,Nicht hoch GPT-exponiert,3.12,2.75,3.38,3.0,3.75,2.12,0.0,1.75,0.0,2.38,3.0,3.12,3.0,2.75,0.62,1.88,1.5,2.75,3.88,3.75,2.88,2.88,2.75,2.88,3.88,0.62,2.88,4.0,4.0,3.0,3.12,1.0,4.0,2.38,2.25,2.38,2.88,0.75,0.5,3.25,3.25,2.75,2.0,2.0,2.38,2.88,2.12,2.88,2.5,2.12,3.75,3.62,1.74,2.05,3.0,2.28,2.47,2.93,2.4,1.12,1.53,0.97,2.24,1.71,1.29,1.56,2.01,1.6,2.42,1.94,1.92,2.51,1.24,4.85,4.91,3.89,4.64,4.73,2.81,4.09,3.12,3.0,2.38,2.25,0.0,3.0,3.5,1.38,1.62,3.0,2.88,3.0,2.12,3.0,2.88,0.5,3.0,2.12,3.62,3.75,2.88,3.0,1.38,3.12,2.12
29-1127.00,Speech-Language Pathologists,0.3902439024390244,5,187.4,15.0,13.3,63.27193932827736,False,0.6668472372697725,0.9642470205850487,0.8155471289274105,5,2,0.4,True,Nicht hoch GPT-exponiert,1.38,3.0,4.0,0.12,4.12,0.38,0.0,0.0,0.0,0.38,2.5,1.88,4.0,4.12,0.0,0.0,0.0,3.88,4.38,4.12,0.75,2.88,2.88,0.12,3.75,0.0,2.5,4.88,5.0,3.88,3.12,0.0,4.25,0.0,0.0,0.12,2.88,0.5,0.0,4.62,5.38,3.25,0.0,0.12,0.25,2.62,1.62,1.62,2.62,1.12,4.5,4.75,1.95,1.83,2.67,2.03,2.6,2.5,3.0,1.22,1.44,1.41,2.1,1.97,0.73,2.22,1.87,1.57,2.06,2.2,2.36,1.61,1.39,4.99,5.0,4.61,3.95,4.78,1.91,4.59,3.88,3.75,0.0,0.62,0.0,4.0,3.88,0.0,0.12,2.62,2.88,0.75,3.12,1.88,3.0,0.88,2.25,0.0,3.75,4.25,3.25,3.62,1.88,3.25,0.62
29-1128.00,Exercise Physiologists,0.34,4,23.9,9.5,1.7,54.44203683640303,False,0.23672806067172264,0.9122426868905742,0.5744853737811484,5,3,0.6,True,Nicht hoch GPT-exponiert,2.62,2.12,3.62,2.0,4.0,1.38,0.62,2.12,1.0,2.75,2.88,2.0,3.0,3.5,0.0,1.88,1.88,2.12,4.5,3.62,2.0,2.88,2.38,2.62,3.25,0.0,2.88,4.62,4.75,3.75,2.88,0.0,4.12,1.25,1.0,0.75,2.88,0.0,0.0,4.0,3.88,2.75,1.25,2.62,2.25,2.62,3.0,2.0,2.75,1.25,4.62,4.12,1.95,1.75,2.19,1.41,2.22,2.33,1.86,0.96,1.44,1.33,1.73,1.93,1.34,1.63,1.77,1.66,1.5,1.58,2.06,1.55,0.95,4.82,4.95,4.25,3.86,4.14,2.59,3.14,3.5,3.62,0.25,1.25,0.25,3.75,3.88,1.0,1.12,3.0,3.0,1.75,2.12,2.38,3.62,1.12,2.0,0.25,4.0,3.88,3.12,3.12,1.75,3.12,1.25
29-1129.01,Art Therapists,0.3191489361702128,5,56.1,11.5,4.1,52.329360780065,False,0.4219934994582882,0.9393282773564464,0.6806608884073673,5,1,0.2,True,Nicht hoch GPT-exponiert,2.88,1.62,3.25,1.88,4.0,0.38,0.0,0.25,1.12,0.62,3.0,3.0,3.0,4.0,0.0,0.75,0.75,1.88,4.0,3.5,2.12,2.12,2.12,1.25,4.0,0.0,2.12,4.38,4.25,3.88,2.25,0.0,4.0,0.0,1.0,1.12,3.0,0.0,0.0,3.88,3.88,2.5,0.12,1.25,1.75,2.12,0.88,3.12,3.0,0.75,4.12,4.12,1.55,2.09,1.89,1.09,2.69,2.3,3.0,1.28,1.5,2.36,2.28,1.97,0.88,2.22,1.7,1.5,2.14,2.53,2.33,1.73,1.7,4.59,4.94,4.42,3.06,4.1,2.1,3.68,3.75,3.25,0.0,1.0,0.0,3.0,3.88,0.88,1.38,3.12,3.0,0.0,2.12,1.12,3.25,0.88,0.88,0.0,4.12,4.88,3.12,3.25,1.0,3.38,0.12
29-1129.02,Music Therapists,0.5,4,56.1,11.5,4.1,79.68580715059588,True,0.4219934994582882,0.9393282773564464,0.6806608884073673,5,3,0.6,True,Hoch GPT-exponiert mit guten Wechseloptionen,3.0,3.12,3.12,2.62,4.0,1.62,0.0,1.5,1.88,1.25,2.88,2.88,2.88,3.88,0.0,1.25,1.12,3.5,4.0,3.75,2.75,2.0,2.75,2.0,3.12,0.0,2.0,4.0,4.12,3.88,3.0,0.0,4.0,0.0,1.0,1.38,3.75,1.12,0.0,4.0,3.88,2.75,0.5,1.75,2.0,3.0,1.88,2.12,2.75,1.38,4.0,4.0,1.66,2.26,1.94,1.09,2.64,2.3,3.0,1.56,1.5,2.27,2.1,1.97,0.93,2.49,1.9,1.63,2.06,2.42,2.36,1.55,1.49,4.69,4.81,4.58,2.81,4.35,3.28,3.42,3.38,3.38,0.0,0.75,0.0,3.62,3.75,1.0,1.62,2.88,3.25,0.0,1.25,1.88,3.25,0.38,1.38,0.0,3.88,4.5,3.12,3.25,1.25,3.12,1.12
29-1131.00,Veterinarians,0.2297297297297297,5,86.4,9.6,3.0,39.86998916576381,False,0.35482123510292524,0.9160346695557963,0.6354279523293608,5,0,0.0,True,Nicht hoch GPT-exponiert,3.88,2.25,3.5,3.62,4.25,1.88,0.12,1.88,0.5,2.12,3.0,3.88,3.38,3.38,0.12,2.0,1.0,2.5,4.88,4.0,3.5,3.12,2.38,3.12,4.25,0.12,3.12,4.38,4.25,3.38,2.38,0.12,5.12,1.38,1.5,1.5,3.0,0.0,0.12,3.5,3.5,2.88,0.25,1.88,2.5,2.88,2.25,2.88,3.0,2.0,4.38,4.12,2.01,1.9,2.67,2.28,1.99,2.56,2.1,1.15,1.53,1.49,2.28,2.28,1.53,1.36,2.15,1.7,2.26,1.94,1.77,2.28,1.51,4.86,5.0,4.76,4.55,4.43,2.96,4.21,3.75,3.5,0.12,1.12,0.0,3.62,4.12,2.0,2.0,3.0,2.88,1.5,2.75,2.38,3.0,0.25,2.12,0.0,3.62,3.88,3.12,3.25,1.0,3.5,1.0
29-1141.00,Registered Nurses,0.3809523809523809,4,3391.0,4.9,189.1,61.91765980498375,False,0.9772481040086674,0.723726977248104,0.8504875406283856,5,3,0.6,True,Nicht hoch GPT-exponiert,3.62,3.0,3.88,3.12,4.0,2.0,0.88,2.0,1.12,3.0,3.12,3.12,3.75,3.12,0.0,2.0,1.62,2.0,4.88,4.0,3.0,3.0,3.0,3.0,3.88,0.0,3.0,4.88,4.75,3.12,3.12,0.0,5.0,0.75,2.0,2.12,3.5,0.12,0.5,4.0,3.88,3.12,1.88,2.88,3.12,3.12,3.0,2.88,3.12,1.75,4.25,3.88,1.2,2.25,3.0,2.32,2.64,2.93,2.27,1.28,1.32,1.2,2.55,1.41,1.48,1.56,2.08,1.66,2.14,2.14,2.24,2.21,1.41,4.89,4.94,4.1,4.45,4.11,2.65,3.99,3.38,4.0,0.0,0.88,0.0,3.75,3.75,1.38,1.75,2.88,2.88,2.12,1.75,2.88,2.88,0.62,3.0,0.12,4.0,4.38,2.88,3.0,1.12,3.12,1.38
29-1141.01,Acute Care Nurses,0.3265306122448979,4,3391.0,4.9,189.1,52.76273022751896,False,0.9772481040086674,0.723726977248104,0.8504875406283856,5,2,0.4,True,Nicht hoch GPT-exponiert,1.5,2.25,3.5,1.5,4.12,1.25,0.25,1.25,1.75,1.5,3.12,2.5,3.12,3.25,0.0,2.0,1.62,2.0,4.25,4.0,1.12,2.88,2.88,1.25,4.0,0.0,2.62,4.5,4.25,3.0,3.0,0.0,4.88,0.62,2.12,2.0,3.12,0.12,0.12,3.75,3.62,3.12,0.38,1.75,2.38,3.0,1.75,2.88,2.88,1.25,4.38,4.12,1.98,2.26,3.0,2.5,2.69,2.93,2.37,0.9,1.69,1.1,2.47,1.89,1.39,1.36,2.46,1.94,2.63,2.0,1.95,3.0,1.74,4.67,4.95,4.05,4.71,4.67,3.1,4.52,3.5,3.88,0.0,1.25,0.0,4.12,3.88,1.5,1.75,3.0,3.0,2.88,2.25,3.12,3.25,0.5,2.62,0.0,4.25,4.75,3.0,3.38,1.38,3.38,1.62
29-1141.02,Advanced Practice Psychiatric Nurses,0.4444444444444445,5,3391.0,4.9,189.1,71.23510292524377,False,0.9772481040086674,0.723726977248104,0.8504875406283856,5,3,0.6,True,Nicht hoch GPT-exponiert,0.12,2.0,3.5,0.0,4.12,0.62,0.0,0.38,1.75,0.12,2.88,1.38,3.0,3.38,0.0,1.0,0.88,1.75,4.25,4.0,0.38,2.62,2.75,0.38,3.75,0.0,2.88,4.38,4.75,3.25,2.88,0.0,5.0,0.0,1.38,0.88,2.88,0.0,0.0,3.75,4.0,3.0,0.12,1.25,1.88,2.62,1.38,2.38,2.25,0.38,4.25,4.0,1.95,2.09,2.99,2.35,2.38,2.87,2.97,1.22,1.93,1.36,2.68,2.24,1.48,1.9,2.01,1.98,2.55,2.53,2.31,2.55,1.76,4.55,5.0,4.65,4.59,2.86,2.74,4.35,3.5,3.88,0.0,0.0,0.0,3.25,4.0,1.88,2.0,3.0,3.88,0.0,0.62,1.75,3.75,0.75,0.38,0.0,3.88,4.88,3.25,3.12,0.75,3.88,0.0
29-1141.03,Critical Care Nurses,0.1896551724137931,4,3391.0,4.9,189.1,36.348862405200435,False,0.9772481040086674,0.723726977248104,0.8504875406283856,5,0,0.0,True,Nicht hoch GPT-exponiert,3.62,2.88,3.88,2.88,4.12,2.38,0.0,2.12,2.12,2.75,3.12,3.12,3.88,3.62,0.5,2.25,2.0,2.88,4.12,3.88,3.0,3.0,2.88,2.88,4.0,0.0,2.88,4.62,4.12,3.25,3.88,0.0,5.0,1.62,2.62,2.12,3.75,0.0,0.0,3.88,4.0,3.62,1.75,2.12,2.88,3.0,3.0,2.88,2.88,2.12,4.0,3.88,2.01,2.51,3.0,2.62,2.69,2.93,2.54,1.06,1.82,0.92,2.51,2.01,1.58,1.1,2.34,1.9,2.63,2.03,1.43,3.0,1.62,4.78,5.0,3.88,4.82,4.54,2.7,4.25,3.38,4.0,0.0,0.62,0.25,3.75,4.0,1.75,1.88,3.0,3.12,2.62,2.75,3.12,3.62,0.88,2.62,0.0,4.0,4.12,2.75,2.88,1.0,3.62,2.0
29-1141.04,Clinical Nurse Specialists,0.3333333333333333,5,3391.0,4.9,189.1,53.62946912242686,False,0.9772481040086674,0.723726977248104,0.8504875406283856,5,1,0.2,True,Nicht hoch GPT-exponiert,2.88,2.75,4.0,2.5,4.25,2.0,0.0,1.25,0.88,2.0,3.12,2.62,3.0,3.5,0.0,1.62,1.5,2.0,4.25,4.0,2.75,3.0,3.0,2.5,3.88,0.0,3.0,4.88,4.38,3.38,3.0,0.12,4.25,0.5,1.75,1.5,3.12,0.0,0.25,4.12,4.12,3.0,0.38,2.0,2.12,3.0,2.12,3.0,2.75,1.38,4.38,4.12,2.04,2.17,3.0,2.58,2.69,2.93,2.61,1.12,2.07,1.47,2.43,2.2,2.46,2.14,2.08,1.87,2.42,2.17,2.29,2.55,1.53,4.38,4.86,4.48,4.2,4.05,2.52,3.48,4.12,4.0,0.0,0.0,0.0,4.12,4.25,1.12,1.75,3.0,3.0,1.5,3.62,2.75,3.88,0.12,2.38,0.0,4.0,4.25,3.25,3.25,0.5,4.0,0.88
29-1151.00,Nurse Anesthetists,0.125,5,53.8,8.6,2.7,27.627302275189596,False,0.33098591549295775,0.8911159263271939,0.6110509209100758,5,0,0.0,True,Nicht hoch GPT-exponiert,3.12,2.88,3.75,3.0,4.12,2.12,0.0,1.62,0.38,2.12,3.12,3.0,3.25,3.75,1.12,1.25,1.25,2.75,4.25,4.0,3.0,3.12,3.0,2.88,4.0,0.0,3.12,5.0,4.25,3.25,3.38,0.0,5.0,2.12,2.5,1.75,4.0,0.0,0.0,3.38,3.38,3.25,0.12,1.88,2.25,3.12,2.25,3.0,3.12,2.12,4.5,4.0,2.14,2.26,3.0,2.74,2.43,2.93,2.14,1.12,1.66,0.72,2.55,2.04,1.39,1.1,2.19,2.05,2.63,2.07,1.11,3.0,1.66,4.67,5.0,4.7,4.81,4.54,3.07,4.11,4.25,3.88,2.12,2.75,0.0,3.75,4.12,1.75,2.12,2.88,3.12,2.88,3.0,3.25,3.12,0.38,3.12,2.12,4.0,3.88,3.12,3.12,1.0,3.38,2.5
29-1161.00,Nurse Midwives,0.2926829268292683,5,8.6,11.1,0.5,48.5373781148429,False,0.06988082340195016,0.9328277356446371,0.5013542795232936,5,0,0.0,True,Nicht hoch GPT-exponiert,3.12,2.25,3.88,2.88,4.38,1.88,0.0,1.88,0.38,2.25,2.88,3.12,3.12,3.25,0.0,1.75,1.12,2.0,4.25,4.0,3.0,2.75,3.0,2.75,3.88,0.0,2.88,4.75,4.62,3.0,3.12,0.0,5.12,0.0,0.75,1.12,3.12,0.0,0.12,3.88,3.88,3.12,0.0,2.0,2.38,3.0,2.88,2.88,2.88,0.62,4.5,4.0,1.98,2.05,3.0,2.62,2.6,2.93,3.0,1.28,1.69,1.17,2.51,1.89,1.84,1.9,2.12,1.73,2.5,2.38,2.26,2.55,1.53,4.91,5.0,4.67,4.48,4.94,2.52,3.82,3.75,3.75,0.0,0.25,0.0,3.75,3.88,0.88,1.38,2.88,2.62,1.0,2.25,2.12,2.88,0.62,2.0,0.0,4.12,4.12,3.0,3.25,0.88,3.25,0.62
29-1171.00,Nurse Practitioners,0.3148148148148147,5,320.4,40.1,29.5,51.4626218851571,False,0.8120260021668473,0.9978331527627302,0.9049295774647887,5,0,0.0,True,Nicht hoch GPT-exponiert,3.0,2.88,3.88,2.75,4.38,1.62,0.0,1.75,1.62,2.12,3.12,2.88,3.62,3.62,0.0,2.0,1.88,2.62,4.88,4.0,2.75,3.12,3.12,2.5,4.0,0.0,3.0,5.0,4.12,3.12,3.0,0.0,5.12,0.25,1.75,1.88,3.0,0.0,0.0,4.0,4.0,3.12,1.38,2.12,2.12,3.0,2.12,3.12,2.88,0.62,5.0,4.25,2.08,2.3,3.0,2.58,2.6,2.93,2.61,1.06,1.93,1.33,2.93,2.16,1.48,1.82,2.19,1.73,2.5,2.14,2.24,2.47,1.43,4.74,5.0,4.7,4.57,4.35,2.73,4.09,4.12,3.88,0.0,0.75,0.0,3.88,4.12,1.25,1.25,3.12,3.12,1.38,3.38,2.62,3.88,0.5,2.5,0.0,4.0,4.62,3.25,3.12,1.0,3.88,1.12
29-1181.00,Audiologists,0.4545454545454546,5,15.8,9.5,0.7,72.69772481040087,False,0.10184182015167931,0.9122426868905742,0.5070422535211268,5,2,0.4,True,Nicht hoch GPT-exponiert,3.0,3.25,3.38,3.0,4.62,1.0,0.0,0.0,0.12,0.62,3.0,3.88,3.38,3.25,0.0,0.12,0.0,3.75,4.88,4.0,2.75,3.0,2.88,2.0,4.0,0.0,2.75,5.0,4.75,3.0,3.12,0.0,5.12,0.88,0.75,1.75,2.88,0.62,0.0,4.0,4.12,3.0,0.0,0.0,0.75,2.5,1.88,1.88,2.75,1.12,4.75,4.38,1.83,1.68,2.7,2.17,2.3,2.56,2.47,1.19,1.32,1.33,2.1,2.08,0.9,1.56,1.74,1.47,1.95,2.0,2.2,1.43,1.12,4.73,4.95,4.59,4.64,4.5,2.29,3.55,3.88,3.5,2.0,2.62,0.25,3.88,4.0,1.62,1.75,3.0,2.75,2.12,3.0,3.0,3.0,1.0,3.12,2.12,3.75,4.5,3.12,3.25,1.5,3.0,2.62
29-1211.00,Anesthesiologists,0.2941176470588235,5,45.3,3.2,1.3,48.75406283856988,False,0.19393282773564463,0.5330444203683641,0.3634886240520043,5,2,0.4,True,Nicht hoch GPT-exponiert,3.88,2.75,3.25,3.0,4.75,2.12,0.0,1.5,0.0,1.88,2.75,3.75,3.75,3.25,0.12,1.62,1.25,2.62,4.75,4.12,3.12,3.12,2.25,2.62,4.12,0.0,3.0,4.88,5.0,3.0,3.88,0.0,5.5,1.62,2.0,2.88,3.88,0.0,0.0,4.0,3.88,2.88,0.38,1.38,2.12,3.12,2.5,2.88,2.38,2.12,4.88,4.0,2.14,2.17,3.0,2.82,2.22,2.93,1.62,0.61,1.29,0.97,2.72,2.41,1.64,0.69,2.19,2.16,2.63,1.55,1.31,3.0,1.78,4.8,4.93,4.73,4.85,4.74,2.26,4.0,4.0,3.75,0.0,0.5,0.0,3.75,4.25,2.25,2.25,3.5,2.88,3.12,2.75,3.62,3.38,0.12,2.62,0.0,3.75,3.75,3.25,3.25,1.0,4.0,2.25
29-1213.00,Dermatologists,0.3235294117647059,5,10.9,6.4,0.4,52.54604550379198,False,0.05579631635969664,0.8223185265438786,0.4390574214517876,5,0,0.0,True,Nicht hoch GPT-exponiert,3.75,1.12,3.88,2.62,5.0,1.0,0.0,0.75,0.25,1.75,3.12,3.75,3.75,3.62,0.0,0.88,0.88,1.88,5.25,3.75,3.0,2.88,3.0,2.25,4.25,0.0,2.88,4.75,4.88,3.5,3.0,0.0,5.0,0.0,0.0,0.25,3.0,0.0,0.0,3.75,3.75,3.12,0.0,0.88,1.0,2.38,2.0,3.25,2.88,0.62,4.25,4.12,2.11,1.11,2.99,2.47,1.95,2.53,1.92,0.99,1.26,1.28,2.32,2.41,1.08,1.04,1.8,1.7,2.02,1.6,1.52,1.61,1.29,4.88,4.97,4.99,4.72,4.47,2.39,3.81,3.88,3.88,0.0,0.5,0.0,3.88,4.0,1.88,1.25,3.0,3.12,0.38,1.62,1.38,3.62,1.12,1.5,0.0,4.0,4.0,3.12,3.12,1.0,3.12,0.38
29-1214.00,Emergency Medicine Physicians,0.3529411764705882,5,36.1,2.7,1.0,56.608884073672805,False,0.1495124593716143,0.4810400866738895,0.3152762730227519,5,2,0.4,True,Nicht hoch GPT-exponiert,3.5,2.75,3.88,2.62,4.88,2.12,0.5,1.75,1.62,2.12,3.25,3.5,4.0,3.88,0.0,2.0,2.0,2.25,5.5,4.62,3.25,3.0,3.62,3.12,4.12,0.0,3.0,5.25,5.12,3.88,3.5,0.5,5.38,1.75,2.5,2.38,3.75,0.25,1.12,4.38,4.12,4.0,2.0,2.0,2.12,3.25,2.38,2.75,3.12,3.12,5.12,4.5,2.14,2.56,3.0,2.58,2.51,2.93,1.98,-0.89,2.1,1.1,2.8,2.2,2.43,0.52,2.46,2.44,3.0,1.75,1.43,3.0,1.56,4.97,4.93,4.93,4.9,4.8,2.67,4.2,4.38,4.12,0.0,0.0,0.0,4.12,4.5,1.62,1.62,3.12,3.38,2.25,1.0,2.5,4.0,1.25,1.88,0.0,4.25,4.75,3.5,3.5,0.62,3.12,0.75
29-1215.00,Family Medicine Physicians,0.375,5,116.0,2.7,3.3,61.159263271939324,False,0.37486457204767065,0.4810400866738895,0.4279523293607801,5,0,0.0,True,Nicht hoch GPT-exponiert,2.88,2.12,3.62,2.38,4.25,1.38,0.0,0.0,0.0,0.0,2.88,2.75,3.62,3.12,0.0,0.0,0.0,2.75,5.12,3.75,2.75,2.88,2.75,0.12,4.0,0.0,2.62,5.0,5.0,3.12,3.0,0.0,5.25,0.0,0.0,0.0,3.12,0.0,0.0,4.0,4.0,2.75,0.0,0.0,0.0,3.12,1.38,2.88,2.38,0.5,5.0,4.88,2.04,1.98,3.0,2.47,2.64,2.9,2.57,1.28,1.89,1.33,2.89,2.24,2.1,1.6,2.15,1.66,2.46,2.27,2.24,2.36,1.47,5.0,5.0,4.98,4.76,4.97,1.5,4.72,4.25,3.88,0.0,0.38,0.0,4.0,4.75,1.0,1.25,3.5,3.0,0.25,2.75,2.12,3.62,0.38,2.0,0.0,3.88,3.88,2.88,2.88,0.38,3.88,0.62
29-1216.00,General Internal Medicine Physicians,0.3714285714285714,5,73.2,3.3,2.1,60.238353196099666,False,0.27410617551462624,0.5444203683640303,0.40926327193932827,5,0,0.0,True,Nicht hoch GPT-exponiert,2.75,2.0,4.0,2.12,5.0,1.12,0.0,0.38,0.75,0.62,3.0,3.0,3.88,3.88,0.0,1.12,0.5,2.5,5.38,4.12,2.25,3.0,3.0,0.88,4.12,0.0,3.0,4.88,5.0,3.62,3.25,0.0,5.62,0.25,0.25,0.0,3.12,0.0,0.0,3.75,4.0,3.0,0.62,1.0,0.75,3.0,1.88,2.62,2.88,0.38,5.0,4.75,2.14,2.05,3.0,2.62,2.51,2.93,2.43,1.15,1.66,1.41,2.93,2.58,1.61,1.32,2.15,1.94,2.46,2.07,2.01,2.39,1.74,4.59,4.58,4.84,4.42,4.73,2.36,4.08,4.0,3.5,0.12,0.75,0.25,3.62,4.25,1.12,1.25,3.12,3.12,0.62,3.25,1.88,3.62,0.88,2.25,0.38,4.0,4.0,3.25,3.62,0.88,3.38,0.88
29-1217.00,Neurologists,0.3695652173913043,5,8.3,5.4,0.3,59.859154929577464,False,0.03791982665222102,0.7589382448537378,0.39842903575297944,5,0,0.0,True,Nicht hoch GPT-exponiert,1.38,1.75,4.5,0.25,5.0,1.75,0.0,0.0,0.0,0.0,3.38,2.5,4.38,4.38,0.0,0.0,0.0,2.38,5.5,4.25,0.88,3.62,2.88,0.0,4.12,0.0,3.38,5.5,5.25,3.88,3.62,0.0,5.75,0.0,0.12,0.12,3.0,0.0,0.0,4.12,4.12,4.0,0.0,0.0,0.0,2.75,1.62,2.75,3.62,0.12,5.12,4.5,2.08,1.68,3.0,2.62,1.95,2.65,2.27,1.19,1.53,1.41,2.24,2.95,1.18,0.82,2.15,1.7,2.46,1.94,1.72,2.24,1.64,4.91,5.0,4.92,4.98,4.17,1.94,4.27,4.62,3.75,0.0,0.62,0.0,4.62,4.5,1.75,2.0,3.38,2.88,0.5,1.88,2.0,3.75,0.88,2.25,0.0,3.62,4.62,3.38,3.62,1.0,3.88,1.38
29-1218.00,Obstetricians and Gynecologists,0.3035714285714285,5,21.5,1.2,0.6,49.62080173347779,False,0.08559046587215602,0.33098591549295775,0.20828819068255688,5,0,0.0,True,Nicht hoch GPT-exponiert,4.0,2.12,3.88,3.0,4.88,2.12,0.0,1.12,0.75,1.88,3.12,3.5,3.25,3.38,0.0,1.12,1.0,2.75,5.38,4.0,3.62,2.88,2.88,2.88,4.0,0.0,2.88,5.0,5.0,3.12,3.12,0.0,5.88,0.25,1.0,1.38,3.12,0.0,0.0,3.75,4.0,3.0,0.0,1.62,2.12,3.0,2.12,2.88,2.88,0.75,5.0,4.5,2.24,2.09,3.0,2.58,2.47,2.9,2.54,1.12,1.66,1.33,2.76,2.33,2.19,1.36,2.26,2.01,2.5,2.1,1.88,2.51,1.49,4.98,5.0,4.82,4.79,4.34,2.34,3.92,4.0,3.88,0.0,0.0,0.0,3.75,4.25,1.88,2.25,3.38,3.12,1.25,3.38,2.0,3.12,0.62,1.0,0.0,3.75,4.0,3.25,3.0,0.5,3.88,0.5
29-1221.00,"Pediatricians, General",0.3666666666666667,5,46.4,0.8,1.2,58.99241603466956,False,0.17876489707475623,0.3055254604550379,0.24214517876489708,5,0,0.0,True,Nicht hoch GPT-exponiert,2.75,2.25,3.12,2.12,4.5,1.12,0.0,0.5,0.12,0.0,2.88,2.62,3.25,3.38,0.0,0.5,0.38,2.25,5.25,4.0,2.0,2.88,3.0,0.12,4.0,0.0,2.88,5.0,5.0,3.25,3.0,0.0,5.12,0.0,0.0,0.12,3.25,0.0,0.0,3.5,4.0,3.0,0.0,0.38,0.0,3.0,1.5,2.88,2.38,0.38,5.0,4.88,2.04,1.98,2.88,2.58,2.69,2.93,2.79,1.12,1.56,1.36,2.47,2.2,1.61,2.27,2.08,1.7,2.26,2.14,2.26,2.24,1.45,4.95,4.56,4.85,4.68,4.48,2.58,3.14,4.12,3.5,0.0,0.0,0.0,3.88,4.38,1.12,1.12,3.0,3.0,0.0,3.62,1.38,3.25,0.5,1.0,0.0,3.88,4.0,3.0,3.75,0.38,3.5,0.75
29-1222.00,"Physicians, Pathologists",0.3181818181818182,5,12.6,4.2,0.4,52.00433369447454,False,0.05579631635969664,0.6505958829902492,0.3531960996749729,5,1,0.2,True,Nicht hoch GPT-exponiert,3.25,2.0,4.12,2.75,5.12,2.0,0.0,0.5,0.25,0.25,3.12,3.38,4.25,3.5,0.0,0.0,0.0,2.12,5.88,4.12,2.62,3.12,2.75,1.88,4.5,0.0,3.0,5.38,5.25,3.5,3.12,0.0,5.75,0.5,0.5,0.0,3.12,0.0,0.0,4.12,4.0,3.75,0.0,0.0,1.12,2.75,0.88,3.25,3.0,0.38,5.12,4.88,2.17,1.08,3.0,2.62,1.53,2.93,0.69,0.53,1.05,1.55,2.84,3.0,1.06,0.22,1.83,1.38,1.87,1.21,0.7,1.99,1.66,4.1,4.98,4.61,4.87,2.31,3.88,4.9,4.62,3.5,0.0,0.75,0.0,4.38,4.75,2.88,2.88,3.62,3.0,1.25,1.62,2.12,3.12,1.75,2.88,0.0,3.0,3.5,3.62,3.62,1.5,3.88,1.25
29-1223.00,Psychiatrists,0.5217391304347826,5,27.1,6.1,0.9,83.261105092091,True,0.13488624052004333,0.8022751895991332,0.4685807150595883,5,1,0.2,True,Hoch GPT-exponiert mit begrenzten Wechseloptionen,0.0,2.0,4.12,0.0,4.62,0.25,0.0,0.0,1.25,0.0,3.0,2.0,3.25,3.88,0.0,0.88,0.75,1.5,4.75,4.12,0.0,2.88,3.0,0.0,3.88,0.0,2.62,5.12,4.75,3.62,2.75,0.0,4.88,0.0,1.5,1.75,2.88,0.0,0.0,4.0,4.0,3.0,0.0,0.88,1.25,2.75,0.25,1.5,2.5,0.0,4.62,4.88,1.98,1.83,2.57,2.14,2.47,2.87,3.0,1.22,1.5,1.39,2.93,2.5,1.21,1.16,1.97,1.73,2.59,2.53,2.31,2.51,1.85,4.47,4.92,4.87,3.9,3.67,1.92,4.05,4.25,3.88,0.0,0.0,0.0,4.0,4.25,1.0,0.75,3.0,3.88,0.38,3.5,0.75,4.0,0.62,0.62,0.0,4.12,5.38,3.38,3.62,0.62,3.5,0.0
29-1224.00,Radiologists,0.5111111111111112,5,28.2,2.7,0.8,81.25677139761646,True,0.11755146262188516,0.4810400866738895,0.2992957746478873,5,1,0.2,True,Hoch GPT-exponiert mit begrenzten Wechseloptionen,3.0,2.0,4.12,3.0,4.62,1.38,0.0,1.0,0.25,1.38,3.62,3.0,4.5,3.25,0.0,1.12,0.62,2.5,5.0,4.12,2.25,3.12,3.0,2.0,5.0,0.0,3.12,5.0,5.0,3.12,3.38,0.0,5.0,1.5,2.0,0.75,3.25,0.0,0.12,4.12,4.0,3.62,0.0,1.0,1.12,2.88,1.75,3.12,3.62,1.88,5.12,4.62,2.08,1.38,3.0,2.66,2.07,2.71,1.17,0.64,1.18,1.28,2.24,2.28,0.95,0.71,1.77,1.54,2.06,1.49,1.02,1.96,1.6,4.04,4.6,4.49,4.89,3.59,4.21,4.43,4.25,3.5,0.62,1.0,0.0,4.12,4.25,1.5,1.88,3.12,2.88,3.0,1.0,3.38,2.88,0.5,3.0,0.62,3.62,4.12,3.38,3.25,0.75,3.62,1.62
29-1229.01,Allergists and Immunologists,0.3666666666666667,5,340.7,2.5,9.6,58.99241603466956,False,0.6056338028169014,0.46208017334777896,0.5338569880823402,5,0,0.0,True,Nicht hoch GPT-exponiert,1.5,2.0,3.88,0.88,4.75,1.5,0.0,0.75,0.38,0.62,3.0,2.25,3.75,3.88,0.0,0.25,0.38,2.25,5.0,3.75,0.75,3.5,3.0,0.5,4.0,0.0,3.12,5.0,4.38,3.75,3.25,0.0,5.25,0.0,0.0,0.12,3.12,0.0,0.0,3.75,3.75,3.25,0.0,0.38,0.38,3.0,1.75,2.75,2.88,0.62,4.88,4.25,2.14,1.58,3.0,2.5,2.34,2.9,2.1,1.12,1.41,1.36,2.32,3.0,0.95,0.98,1.7,1.63,2.1,1.9,1.65,1.83,1.41,4.78,4.92,4.75,4.61,4.49,2.84,4.04,4.12,3.5,0.0,0.5,0.0,3.62,4.5,1.75,2.12,2.88,3.0,0.0,0.5,1.88,3.62,0.75,1.62,0.0,3.75,4.12,3.12,3.75,1.12,3.75,0.5
29-1229.02,Hospitalists,0.3571428571428571,5,340.7,2.5,9.6,57.52979414951246,False,0.6056338028169014,0.46208017334777896,0.5338569880823402,5,0,0.0,True,Nicht hoch GPT-exponiert,2.5,2.12,4.25,1.38,5.0,0.88,0.0,1.12,0.88,1.25,3.0,2.88,3.88,3.75,0.0,1.62,1.12,2.0,5.38,4.12,1.5,3.25,3.0,1.12,4.0,0.0,3.12,5.12,5.12,3.75,3.25,0.12,5.25,0.0,1.75,1.62,3.0,0.0,0.12,4.12,4.0,4.0,0.12,1.88,2.12,3.0,2.12,2.88,3.0,0.75,5.0,4.5,2.11,2.21,3.0,2.5,2.55,2.93,2.27,1.12,1.89,1.2,2.84,2.08,2.22,1.36,2.12,1.9,2.26,1.87,2.01,2.88,1.45,4.84,5.0,4.58,4.56,4.5,2.13,4.44,4.25,4.0,0.0,0.12,0.0,4.38,4.38,1.0,0.88,3.12,3.0,0.12,1.88,1.12,3.62,0.5,2.0,0.0,4.12,4.88,3.62,3.88,0.75,3.62,0.62
29-1229.03,Urologists,0.25,5,340.7,2.5,9.6,43.12026002166847,False,0.6056338028169014,0.46208017334777896,0.5338569880823402,5,0,0.0,True,Nicht hoch GPT-exponiert,3.88,2.12,4.0,3.25,4.75,2.5,0.0,1.0,0.25,2.0,3.0,3.75,4.0,3.38,0.62,1.62,1.0,2.5,5.25,4.0,3.5,2.88,3.0,2.88,4.12,0.38,3.0,5.0,4.88,3.25,3.25,0.38,5.25,1.75,1.88,2.0,3.38,0.62,0.38,3.75,3.88,3.62,1.12,1.62,2.38,3.0,2.88,3.0,3.0,2.0,5.0,4.88,2.11,0.89,3.0,2.62,2.03,2.3,1.71,0.81,1.26,1.8,2.43,2.41,0.76,0.98,2.08,1.44,2.3,1.05,1.47,1.7,0.93,5.0,4.7,4.99,4.7,4.22,1.84,4.77,4.25,3.88,0.0,0.5,0.0,4.0,4.25,1.88,1.88,3.25,3.12,2.38,0.5,3.0,3.25,0.75,2.75,0.0,3.88,3.88,3.25,3.25,0.5,3.75,1.62
29-1229.04,Physical Medicine and Rehabilitation Physicians,0.1333333333333333,5,340.7,2.5,9.6,28.98158179848321,False,0.6056338028169014,0.46208017334777896,0.5338569880823402,5,0,0.0,True,Nicht hoch GPT-exponiert,2.88,1.62,4.0,2.25,4.62,2.12,0.0,1.75,0.25,1.62,2.75,2.75,3.62,3.88,0.0,1.5,1.0,2.12,5.0,4.38,2.5,3.0,2.75,2.38,3.5,0.0,3.0,5.12,4.75,3.88,2.88,0.0,5.0,1.0,1.38,1.62,3.0,0.0,0.12,3.75,3.62,3.12,0.38,1.38,2.25,2.5,2.25,2.38,3.62,1.38,4.88,4.25,2.14,2.09,2.7,2.5,2.47,2.53,2.47,1.22,1.53,1.39,2.36,2.33,1.7,1.46,2.23,1.76,2.34,2.0,2.13,2.13,1.62,4.62,4.81,4.91,4.79,4.65,2.24,4.03,4.12,4.0,0.0,0.25,0.0,4.0,4.25,1.62,1.88,3.38,2.88,1.62,1.88,2.12,3.62,0.88,2.62,0.0,4.0,4.5,3.12,3.38,1.5,4.0,1.25
29-1229.05,Preventive Medicine Physicians,0.3666666666666666,5,340.7,2.5,9.6,58.82990249187432,False,0.6056338028169014,0.46208017334777896,0.5338569880823402,5,1,0.2,True,Nicht hoch GPT-exponiert,0.25,1.38,4.5,0.25,5.12,1.5,0.0,0.0,0.0,0.0,2.88,0.5,3.88,4.38,0.0,0.0,0.0,1.38,5.62,4.25,0.12,3.38,3.0,0.25,4.0,0.0,3.12,5.38,5.38,4.0,3.0,0.0,5.5,0.0,0.0,0.0,3.12,0.0,0.0,4.62,4.38,3.38,0.0,0.0,0.0,3.0,1.12,2.12,3.25,0.75,5.25,5.0,2.17,2.13,2.67,2.32,2.38,2.56,1.71,1.03,1.96,2.03,2.47,2.63,2.43,1.07,1.97,1.83,2.18,2.07,2.11,1.99,1.62,4.53,4.94,4.63,4.58,3.39,2.0,3.95,5.0,4.5,0.0,0.0,0.0,4.62,5.0,1.75,1.38,4.25,3.12,0.25,3.12,0.88,4.0,0.62,2.12,0.0,4.62,4.88,4.12,4.38,0.62,3.88,0.62
29-1229.06,Sports Medicine Physicians,0.4339622641509433,5,340.7,2.5,9.6,69.98916576381366,False,0.6056338028169014,0.46208017334777896,0.5338569880823402,5,1,0.2,True,Nicht hoch GPT-exponiert,3.25,2.75,3.5,2.88,4.75,2.5,0.0,1.88,0.0,2.38,3.38,3.25,3.75,3.75,0.0,1.75,1.38,2.75,4.88,3.88,2.75,2.88,2.88,2.75,4.25,0.0,2.62,5.0,5.0,3.5,3.5,0.0,5.12,1.62,2.0,2.12,3.12,0.0,0.25,3.62,3.75,3.38,0.38,1.88,2.38,3.25,2.5,3.0,3.62,1.75,4.62,4.5,2.04,2.05,2.67,2.1,2.3,2.65,2.23,0.61,1.56,1.39,2.32,2.08,1.92,1.36,2.08,1.66,2.26,2.0,2.06,2.39,1.43,4.96,4.95,5.0,5.0,5.0,1.88,3.87,4.0,3.88,0.0,1.12,0.0,3.88,4.38,1.75,1.62,3.38,3.38,2.5,1.62,3.12,3.88,1.25,2.62,0.0,4.0,4.25,3.62,3.75,1.62,3.62,1.5
29-1241.00,"Ophthalmologists, Except Pediatric",0.3382352941176471,5,12.5,4.3,0.3,54.17118093174431,False,0.03791982665222102,0.6619718309859155,0.34994582881906827,5,1,0.2,True,Nicht hoch GPT-exponiert,4.38,2.0,3.88,4.12,4.88,2.5,0.0,0.38,0.38,1.12,3.75,4.12,3.88,3.88,1.25,0.38,0.75,2.0,5.38,4.0,3.38,3.12,2.88,2.88,5.12,1.62,3.12,5.12,4.88,3.88,3.38,1.25,5.62,2.12,2.25,2.62,3.38,0.88,1.12,4.0,4.0,3.12,0.75,0.62,1.12,2.75,1.38,3.38,3.12,2.25,5.0,4.62,2.21,1.19,3.0,2.62,2.03,2.87,1.77,0.81,1.23,1.47,2.32,2.24,1.31,0.93,2.08,1.87,2.26,1.81,1.56,2.06,1.14,4.99,5.0,5.0,4.92,4.92,3.7,4.61,4.12,4.0,0.62,1.0,0.0,4.62,4.0,2.0,2.12,3.12,3.12,2.25,2.12,2.5,3.75,1.0,2.38,0.5,4.0,4.12,3.0,3.5,1.25,4.0,1.5
29-1291.00,Acupuncturists,0.3055555555555555,5,15.3,6.8,0.9,49.945828819068254,False,0.13488624052004333,0.8407367280606717,0.4878114842903575,5,1,0.2,True,Nicht hoch GPT-exponiert,3.12,1.5,3.0,2.12,3.88,1.5,0.0,1.5,0.12,2.0,2.62,3.5,3.0,3.0,0.0,0.75,0.75,1.38,4.0,3.12,2.88,2.0,2.0,2.0,3.88,0.0,2.0,4.0,4.0,3.0,2.75,0.0,3.88,0.0,0.25,0.0,3.0,0.0,0.12,3.12,3.0,2.0,0.0,1.62,1.62,2.0,1.88,2.0,2.75,1.12,4.0,3.62,1.45,1.17,2.57,2.28,2.03,2.36,2.3,1.22,1.1,1.15,2.1,1.75,0.59,1.71,1.49,1.54,1.91,2.07,1.52,1.27,1.33,4.59,4.67,4.79,4.0,4.89,3.21,3.03,3.12,3.0,0.0,0.62,0.0,2.75,3.5,0.75,0.88,1.88,2.0,0.38,0.75,1.0,2.75,0.25,1.62,0.0,3.38,3.88,3.0,3.0,0.38,3.0,0.38
29-1292.00,Dental Hygienists,0.09375,3,221.6,7.0,15.3,23.185265438786566,False,0.7091007583965331,0.8450704225352113,0.7770855904658722,5,0,0.0,True,Nicht hoch GPT-exponiert,3.75,2.12,3.0,3.12,3.0,2.0,0.0,2.0,0.38,2.62,2.88,3.75,3.12,2.62,0.0,1.75,1.62,2.12,3.38,3.12,3.5,1.88,2.25,2.88,4.0,0.0,1.88,3.88,3.88,2.12,3.0,0.0,4.0,1.5,1.62,1.5,3.12,0.0,0.0,3.12,3.25,2.12,0.0,1.75,1.88,2.88,2.25,3.12,3.0,2.12,3.88,3.5,1.42,0.91,2.67,2.32,2.43,2.65,2.17,1.15,1.1,0.58,2.06,0.87,0.36,1.49,1.28,1.38,1.95,1.94,2.06,1.76,0.12,4.97,4.97,3.98,4.39,4.54,5.0,3.74,2.75,3.0,1.62,1.12,0.0,3.0,3.0,0.62,0.88,2.5,2.25,1.88,1.12,2.88,3.0,0.5,2.25,1.12,3.0,3.0,2.12,2.12,0.88,3.0,2.12
29-1299.01,Naturopathic Physicians,0.2564102564102564,5,41.3,2.0,2.4,43.98699891657638,False,0.29956663055254606,0.40303358613217766,0.35130010834236186,5,0,0.0,True,Nicht hoch GPT-exponiert,1.88,1.88,4.0,0.5,5.0,1.62,0.0,0.12,0.0,0.25,3.0,2.5,3.75,3.88,0.0,0.0,0.0,2.0,5.12,4.0,1.75,2.88,2.62,0.62,4.0,0.0,2.88,5.0,5.0,3.88,3.0,0.0,5.0,0.0,0.0,0.0,3.12,0.0,0.0,4.0,4.0,2.88,0.0,0.0,0.12,2.75,1.12,2.75,2.88,1.0,5.0,4.25,2.08,2.02,2.6,2.39,2.26,2.36,2.33,1.12,1.62,1.86,2.17,2.45,1.13,1.71,1.7,1.66,2.06,2.14,2.2,1.73,1.64,4.6,4.96,4.68,4.4,4.08,2.04,3.88,4.0,3.5,0.0,0.12,0.0,3.12,4.25,1.75,1.75,3.0,2.88,0.25,1.0,1.75,3.75,0.75,1.25,0.0,4.0,4.62,3.12,3.5,0.88,3.12,0.5
29-1299.02,Orthoptists,0.375,5,41.3,2.0,2.4,61.159263271939324,False,0.29956663055254606,0.40303358613217766,0.35130010834236186,5,2,0.4,True,Nicht hoch GPT-exponiert,3.0,2.0,3.5,2.88,4.38,0.88,0.0,0.62,0.25,0.62,3.5,3.38,3.88,3.25,0.0,0.0,0.0,1.38,4.75,3.62,2.88,2.38,2.62,1.88,3.88,0.0,2.25,4.88,4.88,3.12,3.12,0.0,4.88,0.0,0.12,0.12,3.0,0.0,0.0,3.62,3.62,3.0,0.0,0.0,0.88,2.38,1.38,3.0,3.0,1.0,4.5,4.12,1.89,1.26,2.67,2.28,2.22,2.39,2.04,1.06,1.13,1.23,1.92,1.97,0.61,1.16,1.67,1.35,1.73,1.72,1.81,1.7,1.24,4.82,5.0,4.14,4.57,4.26,3.19,3.56,3.75,3.0,0.0,0.25,0.0,3.88,3.88,0.5,0.5,2.5,2.62,0.5,2.88,1.88,3.0,0.75,1.0,0.0,4.0,4.0,3.0,3.12,1.25,3.0,0.0
29-2011.00,Medical and Clinical Laboratory Technologists,0.2321428571428571,4,351.2,1.7,22.6,40.57421451787649,False,0.7703141928494042,0.37378114842903576,0.5720476706392199,5,3,0.6,True,Nicht hoch GPT-exponiert,3.88,2.25,4.12,3.5,4.25,2.12,0.0,0.75,0.25,1.75,3.25,3.62,3.88,2.75,0.0,1.25,1.0,2.0,4.38,4.0,3.25,3.0,2.75,2.25,4.75,0.0,2.88,4.88,4.0,2.75,3.25,0.0,4.5,2.0,2.38,1.38,3.5,0.0,0.12,3.12,3.25,3.25,1.25,1.38,1.38,2.38,2.0,3.62,3.0,2.0,4.25,3.75,2.04,1.11,3.0,2.47,1.63,2.65,0.41,0.45,1.18,1.15,2.21,2.01,0.9,0.54,1.58,1.02,1.37,0.92,0.54,1.67,0.29,4.59,4.6,4.29,4.95,3.65,3.44,4.36,3.25,3.0,3.0,3.12,0.12,3.75,3.25,1.38,1.88,3.0,2.38,3.38,1.62,3.88,2.88,1.75,3.88,2.38,3.0,3.25,3.0,2.75,0.5,3.38,3.0
29-2011.01,Cytogenetic Technologists,0.3362068965517241,4,351.2,1.7,22.6,53.95449620801733,False,0.7703141928494042,0.37378114842903576,0.5720476706392199,5,5,1.0,True,Nicht hoch GPT-exponiert,3.12,1.75,3.88,2.88,4.12,1.75,0.0,0.38,0.25,0.75,3.25,3.12,3.88,2.88,0.0,0.0,0.0,1.88,4.12,4.0,2.88,3.0,2.12,1.88,4.25,0.0,2.88,4.38,4.5,3.0,3.25,0.0,4.0,1.0,1.0,1.25,3.12,0.0,0.0,3.12,3.12,2.62,0.0,0.0,1.0,2.12,1.38,3.38,3.0,1.12,4.12,4.12,2.08,1.17,3.0,2.5,1.41,2.65,0.02,0.56,0.8,0.44,2.21,2.24,0.45,0.22,1.67,1.02,1.03,0.53,0.0,1.7,0.43,3.43,4.86,3.67,4.9,3.5,4.33,4.81,3.38,3.0,0.88,0.88,0.0,3.12,3.25,1.38,1.25,2.88,2.12,2.12,1.25,2.62,2.38,0.5,2.88,0.62,2.88,3.0,3.0,2.88,0.75,3.12,1.12
29-2011.02,Cytotechnologists,0.16,5,351.2,1.7,22.6,33.20693391115926,False,0.7703141928494042,0.37378114842903576,0.5720476706392199,5,2,0.4,True,Nicht hoch GPT-exponiert,3.62,1.88,3.75,3.0,3.88,1.88,0.0,0.75,0.25,0.5,3.12,3.75,3.88,2.38,0.0,0.25,0.0,1.88,3.88,4.0,3.12,2.75,2.12,2.38,4.62,0.0,2.38,4.12,3.88,2.25,3.0,0.0,4.0,1.25,1.62,1.38,3.25,0.0,0.0,3.0,3.0,2.88,0.0,0.12,0.88,2.0,1.25,3.75,3.12,1.88,4.0,3.75,1.8,0.73,3.0,2.43,1.44,2.65,0.02,0.56,0.67,-0.35,2.1,1.97,0.04,0.18,1.74,0.89,1.47,0.7,0.02,1.67,0.27,3.36,4.57,4.43,4.68,3.05,4.68,3.77,3.12,3.0,1.88,1.38,0.0,3.0,3.12,1.0,1.12,2.62,2.0,2.38,0.62,2.75,2.0,1.0,2.62,1.88,2.38,3.0,2.12,2.12,0.38,3.0,2.0
29-2011.04,Histotechnologists,0.0625,4,351.2,1.7,22.6,16.30552546045504,False,0.7703141928494042,0.37378114842903576,0.5720476706392199,5,1,0.2,True,Nicht hoch GPT-exponiert,3.25,2.25,3.38,3.0,3.38,2.0,0.5,1.75,1.38,2.25,3.25,3.0,3.38,2.88,0.25,1.25,1.5,1.75,3.25,3.38,2.75,2.25,2.75,2.25,4.38,0.25,2.5,4.12,4.12,2.88,3.0,0.25,3.5,2.12,2.12,1.0,3.12,0.38,0.62,3.0,3.12,2.62,0.38,1.25,1.88,2.25,2.25,3.0,2.88,2.12,3.88,3.62,1.71,1.29,3.0,2.39,1.5,2.65,0.2,0.61,0.87,0.44,2.06,2.01,0.88,0.22,1.7,0.82,1.22,0.52,0.02,1.46,0.27,3.76,4.43,3.71,4.52,3.62,4.71,4.86,3.0,3.0,2.38,1.75,0.38,2.88,3.0,1.38,1.75,2.5,2.62,2.5,0.5,3.0,2.75,1.25,2.75,2.0,2.88,2.88,2.5,2.75,1.0,3.12,2.75
29-2012.00,Medical and Clinical Laboratory Technicians,0.0952380952380952,3,351.2,1.7,22.6,23.564463705308775,False,0.7703141928494042,0.37378114842903576,0.5720476706392199,5,1,0.2,True,Nicht hoch GPT-exponiert,3.0,2.62,3.5,3.0,3.0,2.12,0.0,1.5,0.0,2.0,2.88,3.12,3.0,2.88,0.0,2.0,1.12,2.25,3.12,3.62,3.0,2.88,2.75,2.62,3.75,0.0,2.75,3.88,3.88,2.88,2.88,0.0,3.75,2.0,2.12,2.12,3.0,0.0,0.0,2.88,3.0,2.75,1.38,2.0,1.88,2.75,2.25,3.0,2.88,1.88,3.12,3.0,1.6,0.91,3.0,2.54,1.77,2.65,0.41,0.61,0.67,-0.35,2.13,1.17,0.34,0.4,1.46,0.85,1.28,0.84,0.29,1.55,-0.11,4.42,4.93,3.88,4.86,3.59,3.89,3.78,3.0,3.0,2.62,2.25,0.38,3.0,3.0,1.0,1.25,3.0,2.12,2.75,1.88,3.0,2.25,1.0,3.0,2.0,3.0,2.88,2.5,2.25,1.38,3.0,2.75
29-2012.01,Histology Technicians,0.0,3,351.2,1.7,22.6,3.1960996749729147,False,0.7703141928494042,0.37378114842903576,0.5720476706392199,5,0,0.0,True,Nicht hoch GPT-exponiert,3.5,1.88,2.88,3.12,3.25,1.38,0.12,1.5,0.88,1.75,3.0,3.38,2.5,2.12,0.0,0.75,0.88,1.75,2.75,3.0,2.75,1.62,1.62,2.12,4.12,0.0,1.88,4.0,3.38,2.12,2.62,0.0,3.0,1.38,3.0,0.75,2.38,0.25,0.12,2.5,2.75,2.0,0.12,1.12,1.5,2.0,2.0,2.75,2.62,2.38,3.5,3.12,1.16,0.42,3.0,2.06,1.0,2.65,-0.06,-0.04,0.28,-0.34,1.82,0.94,-0.34,0.01,1.15,0.48,0.75,0.27,-0.21,1.07,-0.55,3.88,4.52,3.64,4.92,3.38,4.76,4.46,2.88,2.62,0.88,1.38,0.0,2.12,2.75,0.75,1.62,1.5,1.62,2.38,0.5,2.38,1.75,0.75,2.38,0.25,2.12,2.38,1.75,1.5,0.88,2.62,2.0
29-2031.00,Cardiovascular Technologists and Technicians,0.1714285714285714,3,64.7,3.0,3.8,34.61538461538461,False,0.3916576381365114,0.5032502708559047,0.44745395449620806,5,0,0.0,True,Nicht hoch GPT-exponiert,3.12,2.0,3.25,3.12,3.88,2.0,0.12,1.5,0.0,2.38,3.0,3.12,3.25,3.0,0.0,2.0,1.38,2.25,3.88,3.38,2.88,2.75,2.62,2.62,3.62,0.0,2.75,4.0,4.0,2.62,3.25,0.0,4.12,2.12,2.5,2.0,3.25,0.0,0.0,3.12,3.12,3.0,1.38,1.88,2.0,2.88,2.75,2.38,2.62,2.0,3.62,3.5,1.23,1.44,2.77,2.35,2.55,2.65,1.95,0.96,0.85,0.15,2.06,1.17,0.47,1.36,1.58,1.21,2.26,1.6,1.56,2.1,0.14,4.94,4.74,3.9,4.68,4.88,4.03,4.3,3.12,3.0,2.38,2.12,0.0,3.25,3.25,0.75,1.25,2.75,2.5,3.0,0.62,3.12,2.25,0.62,2.5,2.25,3.25,3.25,2.75,2.62,0.88,3.0,2.5
29-2032.00,Diagnostic Medical Sonographers,0.2894736842105263,3,90.0,13.0,5.8,48.320693391115924,False,0.5037919826652221,0.9534127843986999,0.728602383531961,5,1,0.2,True,Nicht hoch GPT-exponiert,3.0,2.25,3.25,3.38,3.38,2.75,0.0,1.88,0.0,2.88,2.88,3.0,3.5,2.88,0.0,2.0,1.25,2.88,3.38,3.12,3.12,2.38,2.88,2.88,4.0,0.0,2.25,3.88,4.0,2.88,3.25,0.0,3.5,2.0,2.0,2.62,3.12,0.0,0.0,3.12,3.25,3.0,1.38,1.88,2.25,2.88,2.38,3.12,3.0,2.0,3.88,3.38,1.52,1.22,2.77,2.28,2.22,2.59,1.95,0.7,0.95,0.63,2.1,1.38,0.36,1.07,1.52,1.29,1.77,1.75,1.45,1.8,1.01,4.85,4.31,4.18,4.87,4.81,4.72,4.02,3.0,3.12,2.62,2.12,0.0,3.25,3.12,0.88,1.0,2.5,2.75,3.0,2.0,3.12,3.0,0.25,3.0,2.25,3.12,3.12,2.5,2.12,1.25,3.25,2.75
29-2033.00,Nuclear Medicine Technologists,0.2580645161290322,3,20.0,3.0,0.9,44.09534127843987,False,0.13488624052004333,0.5032502708559047,0.31906825568797403,5,0,0.0,True,Nicht hoch GPT-exponiert,3.0,1.75,3.38,3.0,3.5,1.88,0.0,1.88,0.0,1.88,2.88,2.88,3.0,2.88,0.0,2.0,1.25,2.0,3.5,3.75,2.88,3.0,2.75,2.0,4.12,0.0,3.0,4.25,3.88,2.75,3.0,0.0,3.88,2.0,2.12,1.75,2.88,0.0,0.0,3.0,3.25,2.38,0.88,1.88,1.88,2.62,2.25,3.0,3.0,1.0,3.75,3.62,1.71,1.41,3.0,2.82,2.34,2.65,1.65,0.67,0.8,0.53,2.24,1.97,0.43,0.93,1.64,1.41,2.06,1.84,1.11,2.03,0.27,4.83,4.65,4.45,4.66,4.42,2.53,4.1,3.0,3.25,2.12,1.88,0.0,3.38,2.88,1.0,1.38,2.75,2.38,2.75,1.12,2.88,2.75,0.88,3.12,2.0,3.25,3.62,2.5,2.25,0.75,3.0,2.25
29-2034.00,Radiologic Technologists and Technicians,0.2807017543859649,3,228.0,4.3,12.9,46.96641386782232,False,0.6554712892741061,0.6619718309859155,0.6587215601300108,5,1,0.2,True,Nicht hoch GPT-exponiert,3.12,2.38,3.12,3.0,3.5,2.12,0.38,1.88,1.62,2.62,2.75,2.75,3.38,2.25,0.88,1.62,1.25,2.38,3.38,3.25,2.88,2.0,2.62,2.5,4.0,1.0,2.0,4.12,4.12,2.12,3.25,1.38,3.75,1.75,2.25,2.38,2.88,1.25,1.88,3.0,3.38,2.88,1.0,1.75,2.88,2.75,2.75,2.5,3.0,2.38,3.62,3.0,1.3,1.41,2.77,2.39,2.26,2.65,2.07,0.93,0.83,0.35,1.99,1.14,0.32,1.1,1.18,1.15,1.77,1.6,1.56,1.8,0.49,4.97,4.5,4.01,4.67,4.72,3.69,3.66,2.5,3.12,1.38,1.62,0.0,3.12,2.62,0.5,0.88,2.62,2.25,2.88,0.62,2.62,2.25,1.0,2.75,1.12,3.25,3.12,2.25,2.38,0.88,2.88,2.25
29-2035.00,Magnetic Resonance Imaging Technologists,0.2222222222222222,3,44.1,7.1,2.6,38.894907908992415,False,0.32340195016251355,0.8494041170097508,0.5864030335861322,5,0,0.0,True,Nicht hoch GPT-exponiert,3.12,2.88,3.12,3.12,3.38,2.0,0.0,1.62,0.38,2.25,3.12,3.12,3.25,2.75,0.0,1.75,1.25,2.62,3.38,3.62,3.0,2.25,2.75,2.75,4.12,0.0,2.5,4.12,4.12,2.75,3.0,0.12,3.38,2.75,2.88,2.0,3.12,0.0,0.25,3.12,3.12,2.75,0.62,1.75,2.12,2.75,2.12,3.0,3.0,2.0,4.12,3.75,1.42,0.97,2.77,2.62,2.47,2.65,2.1,0.72,0.76,0.53,2.1,1.23,0.19,1.1,1.18,1.05,1.8,1.72,1.58,1.83,0.41,4.61,4.61,4.3,4.83,3.91,3.36,3.91,3.0,3.0,1.0,2.0,0.0,3.0,3.0,0.5,1.75,2.12,2.62,3.12,0.25,3.38,3.0,0.75,2.75,1.0,2.88,3.12,3.0,3.0,0.62,2.88,2.62
29-2036.00,Medical Dosimetrists,0.3,4,4.8,3.5,0.2,49.24160346695558,False,0.02275189599133261,0.570964247020585,0.29685807150595883,5,0,0.0,True,Nicht hoch GPT-exponiert,2.5,2.0,3.5,2.75,4.5,1.75,0.0,1.38,0.0,0.12,3.12,2.12,3.5,3.5,0.0,0.0,0.0,1.88,4.62,4.12,2.38,3.75,2.62,0.38,3.75,0.0,3.38,4.62,4.62,3.38,3.38,0.0,4.5,0.0,0.5,0.25,3.38,0.0,0.25,3.62,3.62,2.88,0.0,0.0,0.12,2.38,2.0,2.5,3.5,1.88,4.5,4.25,2.14,1.61,3.0,2.74,2.38,2.93,0.86,0.78,1.35,1.49,2.4,2.28,1.11,0.47,1.61,1.38,1.77,1.49,1.09,2.13,0.97,3.9,4.8,3.9,4.85,2.6,3.85,5.0,3.88,3.38,0.0,0.62,0.0,3.62,3.75,1.25,1.25,3.0,2.5,1.25,1.62,2.5,3.12,1.62,2.5,0.0,3.5,3.62,3.25,3.12,1.25,3.5,1.75
29-2051.00,Dietetic Technicians,0.4130434782608695,3,30.9,2.5,4.0,66.79306608884073,False,0.4122426868905742,0.46208017334777896,0.4371614301191766,5,3,0.6,True,Nicht hoch GPT-exponiert,2.88,2.62,3.5,2.25,3.5,1.88,0.0,1.88,0.38,2.25,2.88,2.75,2.88,3.25,0.38,1.75,1.38,2.25,3.25,3.12,2.38,3.0,2.5,2.12,3.75,0.38,2.75,4.0,3.88,3.12,2.75,0.38,3.25,1.25,1.5,2.0,2.88,0.12,0.38,3.12,3.12,2.12,1.25,1.88,2.0,2.88,2.5,2.75,2.88,2.12,3.25,3.12,1.18,1.14,2.6,1.53,2.22,2.47,2.07,1.09,1.18,0.82,1.66,1.05,0.88,1.42,1.1,1.02,1.5,1.66,1.79,1.22,0.66,4.78,4.64,4.15,4.45,4.08,3.19,4.31,3.0,3.12,0.0,0.0,0.0,3.0,3.0,2.0,2.0,2.88,2.62,2.12,2.25,2.75,3.0,0.5,2.88,0.0,3.5,3.12,2.88,2.88,1.0,3.0,1.75
29-2052.00,Pharmacy Technicians,0.4264705882352941,3,490.4,6.4,49.0,68.63488624052005,False,0.8791982665222102,0.8223185265438786,0.8507583965330444,5,3,0.6,True,Nicht hoch GPT-exponiert,3.0,2.12,3.5,2.0,3.25,1.38,0.0,1.12,0.12,2.25,3.0,3.0,2.88,2.12,0.0,1.88,1.25,1.38,3.0,3.25,3.0,2.75,2.38,2.0,4.12,0.0,3.0,4.0,4.0,2.0,3.12,0.0,3.0,0.12,0.5,0.5,3.0,0.0,0.0,3.0,3.75,2.62,1.12,2.0,1.88,2.88,2.62,2.88,2.12,1.38,3.88,3.0,1.12,0.83,3.0,2.54,1.84,2.65,1.1,0.84,0.69,-0.3,2.36,0.65,-0.38,0.87,1.12,0.71,1.47,1.31,1.31,1.43,-0.4,4.84,4.56,3.28,4.98,4.07,4.06,4.26,2.88,3.0,0.0,0.0,0.0,2.12,3.0,1.5,2.0,2.0,1.75,1.12,0.75,2.0,2.0,0.5,2.12,0.0,3.12,3.12,2.0,2.0,0.75,3.0,0.75
29-2053.00,Psychiatric Technicians,0.34,3,144.5,20.0,15.9,54.44203683640303,False,0.7166847237269772,0.9859154929577465,0.8513001083423619,5,3,0.6,True,Nicht hoch GPT-exponiert,2.5,2.25,3.0,2.0,3.88,1.12,0.0,1.5,2.25,2.0,3.0,2.5,3.0,3.0,0.12,2.12,2.0,1.75,3.75,3.0,2.0,1.75,2.0,2.0,3.5,0.12,1.75,4.0,4.0,3.0,2.5,0.38,4.0,0.5,2.0,2.0,3.0,0.75,0.75,3.38,3.5,2.12,1.62,2.12,2.88,2.75,2.25,2.12,2.12,0.62,3.62,3.62,0.91,2.02,2.16,1.69,2.51,2.65,3.0,1.35,1.26,0.6,2.13,0.76,0.88,2.14,1.8,1.32,2.5,2.42,2.22,2.55,1.39,4.68,4.88,3.76,3.54,4.62,2.32,3.46,3.0,3.25,0.12,0.12,0.0,3.38,3.0,0.38,0.5,2.88,3.0,1.12,1.0,1.88,3.12,0.5,1.75,0.0,3.5,4.25,3.0,2.75,0.75,2.88,1.12
29-2055.00,Surgical Technologists,0.0166666666666666,3,115.6,4.5,7.0,6.933911159263271,False,0.5325027085590466,0.6923076923076923,0.6124052004333694,5,0,0.0,True,Nicht hoch GPT-exponiert,3.88,2.88,3.0,3.0,3.38,2.88,0.0,2.0,0.0,2.88,3.5,3.88,3.38,2.88,1.0,2.25,1.88,2.88,3.12,3.38,3.62,2.12,2.88,2.75,4.0,0.0,2.25,4.0,4.0,2.5,3.75,0.0,3.75,1.38,2.62,2.12,3.88,0.12,0.12,3.0,3.5,2.88,1.62,2.0,3.0,3.0,2.88,2.88,3.0,2.0,3.38,3.0,1.45,1.35,3.0,2.62,2.6,2.65,0.95,1.15,0.67,-0.47,2.21,0.62,-0.45,0.82,1.77,1.1,2.5,1.33,0.88,2.43,-0.5,4.67,4.5,3.78,4.87,4.95,3.68,3.82,3.0,3.5,2.88,2.38,0.0,3.0,3.0,1.88,2.38,2.5,2.25,2.75,1.88,3.0,2.5,0.12,3.0,2.25,3.12,3.0,2.75,2.62,1.12,3.0,2.25
29-2056.00,Veterinary Technologists and Technicians,0.1475409836065573,3,134.2,9.1,14.3,31.527627302275192,False,0.6912242686890574,0.9052004333694474,0.7982123510292525,5,1,0.2,True,Nicht hoch GPT-exponiert,3.62,3.0,3.62,3.0,3.88,2.0,0.0,2.0,1.0,2.88,3.0,3.12,3.12,3.0,0.0,2.12,1.5,2.62,3.88,3.38,3.25,3.12,2.88,2.88,4.0,0.0,3.12,4.0,3.88,3.0,3.0,0.0,4.0,1.0,1.75,1.62,3.0,0.0,0.0,3.12,3.12,2.88,1.38,2.62,2.88,2.88,3.0,2.88,2.88,1.75,3.88,3.12,1.69,1.58,2.67,2.28,2.3,2.56,1.77,0.96,1.5,0.79,2.1,1.38,0.43,1.53,1.77,1.1,2.22,1.66,1.29,2.28,1.01,4.67,4.31,3.6,4.34,4.53,2.83,3.96,3.12,3.0,2.25,2.0,0.0,2.88,3.12,1.5,2.0,2.88,2.88,2.5,1.5,2.75,2.88,0.75,2.75,1.88,3.0,3.0,2.75,2.75,1.0,2.88,2.25
29-2057.00,Ophthalmic Medical Technicians,0.1052631578947368,3,78.8,19.8,12.5,24.593716143011918,False,0.6435536294691224,0.9848320693391116,0.8141928494041171,5,0,0.0,True,Nicht hoch GPT-exponiert,3.38,1.38,3.0,3.0,3.0,1.88,0.0,0.62,0.0,1.5,3.0,3.25,2.75,2.5,0.0,1.12,0.88,1.25,3.0,3.0,2.75,2.5,2.25,2.0,4.0,0.0,2.5,4.12,4.0,1.88,2.12,0.0,3.5,0.12,0.25,0.12,3.0,0.0,0.0,3.12,3.25,2.12,0.38,0.62,1.0,2.25,1.88,2.88,2.62,0.88,3.75,3.0,0.42,1.17,2.77,2.32,1.63,2.44,1.71,0.84,0.92,0.15,1.23,0.19,-0.09,1.32,1.15,1.1,1.7,1.52,1.7,1.8,0.16,4.91,4.68,3.91,4.73,4.59,3.82,3.32,2.38,3.0,2.0,2.5,0.0,2.62,2.88,0.12,0.38,2.0,1.75,1.5,0.38,2.0,1.75,0.5,2.12,1.25,3.12,3.0,2.0,2.0,0.0,2.62,1.75
29-2061.00,Licensed Practical and Licensed Vocational Nurses,0.25,3,651.4,2.6,54.4,43.12026002166847,False,0.8927410617551462,0.4745395449620802,0.6836403033586131,5,1,0.2,True,Nicht hoch GPT-exponiert,3.0,2.75,3.12,3.0,4.0,2.0,0.0,2.0,2.0,3.0,3.0,3.0,3.0,3.0,0.0,2.62,2.0,2.5,3.75,3.62,3.0,2.38,2.75,3.0,3.88,0.0,2.88,4.12,4.12,2.88,3.0,0.12,4.12,1.12,2.0,2.12,3.0,0.0,0.12,3.5,3.62,2.88,1.62,2.75,3.0,3.0,3.12,2.88,2.88,1.88,4.12,3.62,1.3,1.75,2.77,2.21,2.6,2.93,2.43,1.25,1.26,0.51,2.21,0.89,1.11,1.86,1.97,1.35,2.14,2.14,2.2,2.1,1.08,4.83,4.62,3.77,4.71,4.67,3.27,4.38,3.0,4.0,0.0,0.12,0.0,3.12,3.25,0.62,1.12,2.88,3.0,2.0,1.5,2.5,2.88,0.25,1.75,0.0,4.0,4.25,2.88,2.88,1.0,3.25,1.0
29-2081.00,"Opticians, Dispensing",0.238095238095238,3,79.9,2.9,6.8,41.65763813651138,False,0.5276273022751896,0.4891657638136511,0.5083965330444203,5,3,0.6,True,Nicht hoch GPT-exponiert,3.0,1.88,3.12,2.88,3.0,2.12,0.0,0.75,0.38,0.88,3.0,3.12,2.75,2.88,0.0,0.0,0.0,1.25,3.0,3.0,2.88,2.75,2.25,2.62,4.0,0.0,3.0,3.88,4.0,3.0,2.88,0.0,3.0,1.0,1.38,1.0,2.88,0.0,0.0,3.12,3.5,2.5,0.0,0.0,0.88,2.62,2.0,3.12,2.88,2.0,3.62,3.5,1.2,0.97,2.77,2.06,2.03,2.22,1.83,0.7,0.83,0.51,1.6,0.56,0.59,1.32,0.9,1.26,1.31,1.63,2.01,1.0,0.12,4.79,5.0,4.42,4.83,4.46,2.71,4.04,3.0,3.12,0.75,1.38,0.0,3.0,2.88,1.25,1.5,2.75,3.12,2.0,1.88,2.38,3.0,0.75,2.25,1.25,3.5,3.0,2.25,2.38,1.25,2.88,1.75
29-2091.00,Orthotists and Prosthetists,0.1896551724137931,5,10.1,13.3,0.9,36.348862405200435,False,0.13488624052004333,0.9544962080173348,0.5446912242686891,5,0,0.0,True,Nicht hoch GPT-exponiert,3.25,2.12,4.12,3.0,4.38,2.0,0.0,1.88,1.0,1.75,2.88,3.5,2.75,3.62,0.5,1.0,0.88,1.38,4.25,4.12,3.0,3.0,2.0,2.88,4.0,0.5,2.5,4.88,4.88,3.62,2.75,0.38,4.12,0.88,2.0,1.0,3.12,0.38,0.75,3.62,3.75,2.5,0.38,1.25,2.12,2.38,2.12,2.75,4.0,1.5,4.25,4.38,2.01,1.79,2.88,2.28,2.18,2.53,2.3,1.22,1.32,2.12,2.1,1.93,1.13,1.6,1.8,1.66,1.7,1.97,1.81,1.64,1.31,4.52,4.9,4.52,4.19,4.67,2.43,4.29,3.75,3.25,1.38,2.25,0.0,3.25,3.62,0.75,1.88,2.75,2.75,2.38,3.38,2.88,3.12,0.38,3.0,1.62,3.88,4.12,3.0,3.12,3.12,3.0,2.0
29-2092.00,Hearing Aid Specialists,0.05,3,10.7,18.4,1.0,14.030335861321777,False,0.1495124593716143,0.980498374864572,0.5650054171180932,5,1,0.2,True,Nicht hoch GPT-exponiert,3.12,3.12,3.12,3.12,3.12,1.5,0.0,0.0,0.0,0.62,2.75,3.38,3.12,2.62,0.0,0.0,0.0,3.12,3.0,3.12,3.25,2.0,2.5,2.0,3.75,0.0,2.5,3.88,3.88,2.62,3.0,0.0,3.0,0.12,0.5,0.38,3.0,0.62,0.0,3.88,3.75,2.88,0.0,0.0,0.75,2.38,1.25,2.62,2.88,0.5,3.5,3.12,1.52,1.29,2.74,1.99,2.47,2.38,2.33,1.19,1.26,1.23,2.03,1.71,0.69,1.74,1.67,1.63,1.7,2.1,2.2,1.29,0.89,4.68,4.1,4.54,4.19,4.05,2.24,3.94,3.0,3.0,2.0,2.0,0.0,3.25,3.12,1.12,1.62,2.25,2.75,0.75,0.62,2.62,3.25,0.62,2.88,2.25,3.75,3.25,2.88,3.0,1.38,3.0,2.12
29-2099.01,Neurodiagnostic Technologists,0.1875,3,178.8,5.2,13.6,36.13217768147345,False,0.6771397616468039,0.7475622968580715,0.7123510292524378,5,1,0.2,True,Nicht hoch GPT-exponiert,3.0,2.12,3.12,2.88,4.0,1.5,0.0,0.75,0.5,2.12,2.88,3.12,3.25,2.62,0.0,1.12,0.88,2.0,4.0,3.88,2.62,2.38,2.25,2.25,3.88,0.0,2.12,4.12,4.12,2.5,3.12,0.0,4.0,0.75,1.5,2.0,3.12,0.12,0.0,3.12,3.12,2.62,0.25,0.88,1.75,2.38,2.12,2.88,2.88,1.12,3.88,3.75,1.55,1.08,2.77,2.35,1.95,2.56,1.48,0.72,0.85,0.6,2.1,1.75,-0.02,0.98,1.61,1.13,1.8,1.63,1.09,1.76,0.7,4.61,4.97,4.17,4.77,4.48,3.13,4.26,3.0,2.88,2.12,1.38,0.0,3.12,3.25,1.0,1.5,2.12,2.0,3.0,0.12,3.0,1.75,0.75,3.0,2.25,3.12,3.12,3.12,3.12,0.5,3.0,2.62
29-2099.05,Ophthalmic Medical Technologists,0.0666666666666666,3,178.8,5.2,13.6,17.388949079089926,False,0.6771397616468039,0.7475622968580715,0.7123510292524378,5,0,0.0,True,Nicht hoch GPT-exponiert,3.38,1.88,3.0,3.0,3.25,1.62,0.0,1.12,0.38,1.62,3.0,2.88,3.12,2.75,0.0,1.0,1.0,1.88,3.75,3.0,2.75,2.75,2.12,2.12,4.0,0.0,2.5,4.0,4.0,2.75,3.0,0.0,4.0,1.12,1.12,1.0,3.12,0.0,0.0,3.38,3.62,2.38,0.62,1.38,1.25,2.12,2.25,3.12,2.62,1.75,3.75,3.25,0.82,1.14,3.0,2.28,1.92,2.47,1.8,0.9,1.26,0.72,1.54,1.35,1.03,1.32,1.46,1.18,1.66,1.6,1.83,1.73,0.64,4.65,4.9,3.9,4.3,4.45,2.9,3.45,2.88,3.12,0.75,1.25,0.0,3.0,3.12,0.5,0.75,2.62,2.12,1.88,0.25,2.25,2.75,0.88,1.88,0.38,3.12,3.25,2.38,2.0,0.38,3.12,1.5
29-2099.08,Patient Representatives,0.5714285714285714,3,178.8,5.2,13.6,88.67822318526544,True,0.6771397616468039,0.7475622968580715,0.7123510292524378,5,2,0.4,True,Hoch GPT-exponiert mit guten Wechseloptionen,1.5,2.0,3.0,0.38,3.12,0.75,0.0,0.75,0.25,0.88,2.75,1.88,2.88,3.0,0.0,1.75,0.88,1.88,3.12,3.0,0.38,2.38,2.75,0.62,3.88,0.0,2.38,4.0,4.0,3.0,2.62,0.0,3.62,0.0,0.0,0.0,3.0,0.12,0.0,3.62,3.75,2.62,0.0,1.88,1.25,2.88,2.0,2.0,1.88,0.25,3.75,3.75,1.07,1.72,2.08,1.63,2.51,2.65,2.9,1.56,1.56,0.89,2.21,1.02,1.0,2.18,1.87,1.5,2.14,2.24,2.33,1.99,1.26,5.0,4.83,4.31,4.55,3.98,3.31,3.09,3.12,3.38,0.0,0.0,0.0,3.38,3.25,1.88,1.62,2.62,3.12,0.0,0.38,1.25,3.62,0.88,0.25,0.0,3.88,4.0,2.88,3.0,0.75,3.25,0.0
29-9091.00,Athletic Trainers,0.4069767441860465,5,33.9,11.1,2.4,66.03466955579633,False,0.29956663055254606,0.9328277356446371,0.6161971830985915,5,3,0.6,True,Nicht hoch GPT-exponiert,2.88,2.38,3.25,2.0,4.12,2.0,1.0,2.25,1.62,2.75,3.0,3.0,3.62,3.38,0.0,2.75,1.5,2.38,4.12,3.88,2.88,2.0,2.75,3.0,3.62,0.0,2.0,4.0,4.0,3.12,3.0,0.0,4.75,0.38,0.38,0.88,3.12,0.0,0.0,3.75,3.75,2.88,1.5,2.88,3.0,2.5,3.0,2.75,3.5,1.25,3.88,3.88,1.89,1.83,2.53,1.66,2.43,2.65,2.17,1.19,1.47,1.17,2.06,1.35,1.34,1.74,1.8,1.7,2.14,1.72,2.2,2.21,1.31,4.87,4.88,4.43,4.32,4.08,2.71,3.6,3.38,3.0,0.38,0.75,0.0,3.75,3.75,1.12,1.5,2.62,2.5,1.75,2.25,2.25,3.25,0.25,2.62,0.0,3.62,4.0,3.0,3.0,1.75,3.0,1.38
29-9092.00,Genetic Counselors,0.631578947368421,5,4.0,9.3,0.3,94.36619718309859,True,0.03791982665222102,0.9089924160346695,0.4734561213434453,5,2,0.4,True,Hoch GPT-exponiert mit guten Wechseloptionen,0.0,1.5,3.5,0.12,4.62,0.0,0.0,0.0,0.0,0.0,2.88,2.25,3.12,3.25,0.0,0.0,0.0,1.75,4.62,4.0,0.0,3.12,2.88,0.0,3.75,0.0,2.88,4.88,5.0,3.12,3.0,0.0,4.0,0.0,0.0,0.0,2.88,0.0,0.0,3.5,3.5,2.88,0.0,0.0,0.0,2.75,0.12,2.5,2.62,0.0,4.88,4.88,1.98,1.83,3.0,2.32,2.55,2.65,3.0,1.49,1.44,1.23,2.21,2.54,0.88,1.13,1.87,1.6,2.22,2.53,2.24,2.1,1.66,4.57,5.0,4.04,4.43,2.87,1.74,3.91,3.75,3.0,0.0,0.0,0.0,3.25,4.0,0.62,0.12,2.88,3.0,0.0,0.38,1.5,3.0,0.5,0.25,0.0,3.12,4.0,3.0,3.12,0.62,3.12,0.0
29-9093.00,Surgical Assistants,0.0392156862745098,3,25.3,5.1,1.6,11.43011917659805,False,0.2258938244853738,0.7416034669555797,0.4837486457204767,5,0,0.0,True,Nicht hoch GPT-exponiert,4.0,3.0,3.0,3.62,3.62,2.62,0.38,2.62,2.62,2.88,3.12,4.12,3.38,2.75,1.5,2.25,2.62,3.25,3.62,3.5,3.62,2.5,3.0,3.25,4.25,0.0,2.62,4.0,3.88,2.88,3.5,0.0,3.88,2.0,3.25,1.5,3.5,0.38,0.25,3.75,3.5,3.0,1.5,2.38,3.25,2.88,3.12,3.75,3.25,2.75,3.75,3.5,1.63,1.54,3.0,2.74,2.64,2.93,0.82,1.12,0.85,-0.26,2.32,0.84,-0.3,0.93,2.04,1.32,2.5,1.49,0.99,2.55,-0.27,4.76,4.43,3.51,4.6,4.87,2.98,3.33,3.12,3.25,0.0,1.12,0.38,2.88,3.12,1.25,1.75,2.12,2.62,2.75,0.88,3.38,2.62,0.88,2.62,0.0,3.25,3.38,2.75,2.75,1.12,2.75,1.75
29-9099.01,Midwives,0.25,5,41.7,3.6,2.6,43.12026002166847,False,0.32340195016251355,0.5828819068255688,0.4531419284940412,5,0,0.0,True,Nicht hoch GPT-exponiert,3.62,2.12,3.25,1.88,4.62,2.0,0.38,1.62,0.5,2.25,2.62,3.0,3.38,3.38,0.0,1.5,0.62,2.12,4.38,3.75,2.62,2.38,2.88,2.88,3.5,0.0,2.5,4.38,4.25,3.0,3.0,0.0,5.12,0.75,1.5,1.88,3.88,0.0,0.0,3.62,3.62,2.88,0.12,1.88,2.12,2.75,2.25,2.75,2.88,1.88,4.12,4.0,1.69,2.17,2.99,2.39,2.69,2.93,3.0,1.35,1.66,0.89,2.47,1.68,0.95,2.18,2.15,1.94,2.59,2.38,2.24,2.93,1.51,4.52,4.71,4.54,4.41,4.8,1.74,2.8,3.25,3.75,0.0,0.62,0.0,3.5,4.0,1.0,1.5,2.38,2.62,0.88,0.5,1.88,3.0,0.75,1.62,0.0,3.75,4.88,2.62,3.0,0.75,2.88,1.0
31-1121.00,Home Health Aides,0.0384615384615384,2,4347.7,17.0,765.8,11.105092091007585,False,0.9972914409534128,0.9777898158179849,0.9875406283856989,5,0,0.0,True,Nicht hoch GPT-exponiert,3.0,2.0,2.88,2.0,3.12,2.0,0.0,2.12,1.75,2.88,2.88,3.0,2.88,2.88,0.25,2.5,2.12,2.12,3.12,3.0,2.38,2.0,1.88,2.12,3.5,0.25,2.0,3.75,3.88,2.88,2.25,0.25,3.5,0.25,1.88,2.0,3.0,0.38,0.88,3.12,3.12,2.25,1.62,2.5,2.88,2.88,2.88,2.25,2.88,0.0,3.0,3.0,0.73,1.22,2.37,1.93,2.78,2.65,3.0,1.56,1.35,0.09,2.36,0.07,-0.19,2.35,1.64,0.92,2.26,2.17,2.22,1.99,1.06,4.37,4.21,3.47,4.3,4.36,3.24,3.43,3.0,3.0,0.0,0.0,0.0,3.0,3.0,1.25,1.38,2.25,2.75,0.38,0.25,2.12,2.88,0.0,1.25,0.0,3.38,3.25,2.0,2.0,0.25,3.0,1.0
31-1122.00,Personal Care Aides,0.3333333333333333,2,4347.7,17.0,765.8,53.62946912242686,False,0.9972914409534128,0.9777898158179849,0.9875406283856989,5,2,0.4,True,Nicht hoch GPT-exponiert,2.62,2.25,2.75,1.5,3.0,2.12,0.0,2.12,1.38,2.5,2.88,2.0,2.12,2.12,0.62,2.12,1.62,2.12,2.88,3.0,1.88,1.75,2.12,2.12,3.0,0.62,1.88,3.62,3.25,2.0,2.12,0.62,3.0,0.88,1.38,1.12,2.5,0.75,0.88,3.12,3.12,2.0,0.88,2.25,2.5,2.38,3.0,2.0,2.25,0.62,3.0,2.88,0.63,0.73,1.97,1.53,2.82,2.65,3.0,1.49,1.26,-0.24,2.24,-0.19,-0.28,2.53,1.83,0.22,2.14,2.1,2.2,1.96,0.74,4.3,4.27,3.16,3.74,4.85,3.12,4.08,2.38,2.88,0.0,0.0,0.0,2.5,2.62,0.5,1.0,2.0,2.12,1.5,0.25,1.88,2.38,0.25,1.88,0.0,3.88,3.12,1.62,1.75,0.38,2.75,1.12
31-1131.00,Nursing Assistants,0.135593220338983,3,1441.5,2.3,204.1,29.144095341278444,False,0.9826652221018418,0.4409534127843987,0.7118093174431203,5,1,0.2,True,Nicht hoch GPT-exponiert,3.0,2.12,3.0,2.25,3.0,1.75,0.75,2.12,1.62,3.12,2.88,2.75,2.25,2.12,0.0,2.12,1.88,2.0,3.0,3.0,2.75,2.0,2.12,2.25,3.12,0.0,2.0,3.88,3.75,2.12,2.25,0.0,3.0,0.12,2.0,2.12,2.75,0.12,0.25,2.88,3.0,2.0,1.88,2.75,3.25,2.12,3.12,2.0,2.0,0.88,3.0,2.88,0.71,1.22,2.22,1.69,2.78,2.65,2.97,1.63,0.97,-0.08,2.21,0.14,-0.34,2.22,1.77,0.71,2.02,2.1,2.15,1.93,0.25,4.83,3.85,3.11,4.54,4.36,3.48,3.71,2.25,3.0,0.0,0.38,0.0,2.62,2.5,0.38,0.62,1.88,1.75,0.88,0.12,1.88,1.75,0.0,1.88,0.0,3.88,3.25,1.38,2.0,0.62,2.25,0.88
31-1132.00,Orderlies,0.046875,2,54.0,3.3,7.8,13.759479956663057,False,0.5509209100758397,0.5444203683640303,0.547670639219935,5,0,0.0,True,Nicht hoch GPT-exponiert,2.25,2.12,2.75,2.38,2.75,1.62,0.75,2.88,2.62,3.12,2.62,2.38,2.0,1.88,0.0,2.62,2.25,2.12,2.5,2.38,2.5,1.12,1.75,2.12,3.0,0.0,1.25,3.12,3.12,2.0,2.0,0.38,2.75,0.88,2.25,1.75,2.12,0.38,0.88,2.5,2.88,1.88,1.62,2.75,3.88,2.12,3.38,1.62,1.75,1.38,2.75,2.12,0.46,0.91,1.67,1.5,2.07,2.62,1.71,1.25,0.53,-0.45,1.54,-0.21,-0.41,1.49,0.97,0.3,1.53,1.36,1.43,1.61,-0.27,4.91,4.42,4.07,4.51,4.86,4.25,4.23,1.62,2.62,0.12,0.25,0.0,2.25,1.62,0.0,0.25,1.62,1.62,1.25,0.12,1.38,1.5,0.0,1.25,0.0,2.62,2.5,1.25,1.0,0.25,2.12,1.62
31-1133.00,Psychiatric Aides,0.125,2,38.5,-0.4,5.3,27.627302275189596,False,0.4750812567713976,0.2513542795232936,0.36321776814734563,5,1,0.2,True,Nicht hoch GPT-exponiert,2.62,3.0,3.0,1.88,3.25,2.0,0.0,2.25,2.38,2.5,3.0,2.5,3.0,2.88,0.5,2.25,2.12,2.25,3.12,3.12,2.12,1.88,2.0,2.0,3.25,0.62,1.88,3.88,3.75,2.75,3.0,0.62,3.88,1.0,2.5,2.62,3.12,0.5,1.0,3.0,3.0,2.5,2.0,2.25,3.12,2.88,2.88,2.62,2.12,1.12,3.0,3.12,0.63,1.79,1.79,1.63,2.64,2.65,3.0,1.56,0.92,-0.1,2.21,0.35,0.04,2.14,1.94,1.05,2.63,2.31,2.26,2.63,1.26,4.81,4.5,3.65,3.72,4.55,2.9,3.71,3.0,3.62,0.0,0.0,0.0,2.88,3.0,1.0,1.0,2.38,2.88,1.5,0.38,2.12,3.0,0.12,1.62,0.0,3.25,4.12,2.0,2.0,0.75,2.88,1.0
31-2011.00,Occupational Therapy Assistants,0.2325581395348837,3,49.2,19.2,7.2,40.845070422535215,False,0.5362946912242686,0.9826652221018418,0.7594799566630552,5,1,0.2,True,Nicht hoch GPT-exponiert,2.88,2.12,3.12,2.5,3.62,1.75,0.0,2.12,0.75,2.62,2.88,3.0,2.62,3.12,0.0,2.0,2.0,1.75,3.12,3.25,2.75,2.0,2.5,2.62,3.25,0.0,2.12,4.12,4.12,3.12,2.88,0.0,4.0,0.88,1.5,1.5,3.0,0.12,0.62,3.0,3.12,2.12,1.12,2.25,3.0,2.75,2.62,1.75,2.62,1.38,3.88,3.75,1.45,1.72,2.31,1.66,2.43,2.59,3.0,1.45,1.21,1.15,2.1,1.05,0.73,2.02,1.94,1.35,1.91,1.9,2.26,1.83,1.12,4.85,4.67,4.55,4.47,4.83,3.55,4.7,3.0,3.12,0.62,0.38,0.12,3.25,3.0,0.75,1.5,2.62,3.0,1.75,0.75,2.25,3.0,0.38,1.5,0.25,3.25,3.88,2.88,2.88,0.88,2.88,1.88
31-2012.00,Occupational Therapy Aides,0.074074074074074,3,5.2,2.5,0.6,19.068255687974,False,0.08559046587215602,0.46208017334777896,0.2738353196099675,5,0,0.0,True,Nicht hoch GPT-exponiert,2.75,2.0,3.0,2.12,3.12,1.62,0.12,2.12,1.62,2.75,2.5,3.0,2.12,2.75,0.5,2.5,2.5,1.75,3.0,3.0,2.75,1.62,2.0,2.88,2.88,0.38,1.88,3.88,3.75,2.62,2.25,0.62,3.5,0.62,1.0,1.5,2.62,0.38,0.5,3.12,3.0,2.0,0.62,2.12,3.0,2.62,2.88,1.75,2.38,0.5,3.12,3.12,0.7,1.05,1.92,1.56,2.51,2.39,2.54,1.25,0.51,0.0,1.89,0.24,-0.34,1.56,1.12,0.52,0.92,1.55,1.92,1.32,0.29,4.95,4.77,3.77,3.82,4.49,2.97,4.11,2.88,3.0,0.75,0.38,0.0,3.0,2.88,0.5,0.88,2.38,2.25,1.12,1.62,2.12,2.88,0.12,1.62,0.75,3.75,3.5,2.12,2.12,0.62,2.88,1.12
31-2021.00,Physical Therapist Assistants,0.1025641025641025,3,111.5,22.0,19.8,24.26868905742145,False,0.7502708559046587,0.991332611050921,0.8708017334777898,5,0,0.0,True,Nicht hoch GPT-exponiert,3.0,2.12,3.0,2.25,3.62,2.0,0.0,2.12,0.88,2.88,3.0,2.88,2.88,3.12,0.0,2.38,2.0,2.12,3.25,3.12,2.88,2.12,2.25,2.88,3.88,0.0,2.12,4.0,4.12,2.88,3.0,0.0,3.88,1.0,1.0,0.88,3.0,0.0,0.0,3.5,3.75,2.62,1.38,2.62,3.0,2.75,3.0,2.12,3.0,1.25,3.88,3.25,1.42,1.48,2.44,1.76,2.64,2.59,2.57,1.22,1.1,0.97,2.17,1.05,0.64,2.02,1.7,1.21,1.91,1.94,2.22,1.49,0.72,4.95,4.92,3.91,3.36,4.97,3.6,3.52,3.0,3.12,0.88,1.62,0.0,3.38,3.0,0.88,0.88,2.62,2.12,1.88,1.62,2.62,3.12,1.0,2.75,1.0,3.75,3.75,2.88,2.75,1.25,3.0,2.12
31-2022.00,Physical Therapist Aides,0.1515151515151515,2,45.6,2.8,6.6,31.906825568797398,False,0.52329360780065,0.48537378114842905,0.5043336944745396,5,0,0.0,True,Nicht hoch GPT-exponiert,2.62,2.12,2.88,1.88,2.88,1.75,0.38,2.12,0.62,2.75,2.62,2.5,2.12,2.12,0.0,2.25,2.0,2.12,3.0,3.0,2.62,1.75,2.12,2.62,3.12,0.0,2.0,3.75,3.12,2.12,2.38,0.0,3.0,0.5,0.88,1.25,2.88,0.0,0.0,3.12,3.25,2.0,1.12,2.25,2.88,2.25,3.0,2.0,2.75,1.62,3.0,2.88,0.68,0.94,2.0,1.5,2.47,2.47,2.23,1.28,0.43,-0.16,1.7,0.12,-0.22,1.94,1.07,0.5,1.47,1.72,1.79,1.19,-0.19,4.8,4.55,3.85,3.39,4.49,3.21,3.04,2.62,3.0,0.5,0.25,0.0,2.88,2.12,0.38,0.5,2.12,2.12,1.25,0.75,2.0,2.25,0.38,1.88,0.0,3.0,3.38,2.12,2.12,1.12,2.38,1.62
31-9011.00,Massage Therapists,0.1851851851851851,3,168.0,15.4,24.7,35.969664138678226,False,0.7908992416034669,0.9664138678223185,0.8786565547128927,5,2,0.4,True,Nicht hoch GPT-exponiert,3.12,1.0,2.75,1.88,3.12,1.12,1.0,3.5,0.88,3.12,2.0,3.25,2.25,2.75,0.0,1.5,1.88,0.88,3.0,3.0,3.12,1.12,2.0,3.12,3.0,0.0,1.12,3.88,3.62,2.88,1.88,0.0,3.38,0.0,0.12,0.25,3.0,0.0,0.25,3.12,3.0,2.12,0.62,3.12,3.0,2.25,3.38,1.25,1.88,2.0,3.12,3.0,0.97,0.97,1.51,1.69,2.43,2.27,2.47,1.22,1.18,1.1,1.89,0.87,0.25,1.9,1.18,1.15,1.77,2.14,1.99,1.29,0.89,4.62,4.77,4.54,3.04,4.31,4.35,2.28,2.75,1.88,0.0,0.0,0.0,2.25,2.88,0.5,0.88,0.88,1.75,0.0,1.25,0.5,1.62,0.0,1.0,0.0,3.12,3.25,2.12,2.38,1.12,2.38,0.38
31-9091.00,Dental Assistants,0.1,3,381.9,6.4,52.9,24.052004333694473,False,0.8894907908992417,0.8223185265438786,0.8559046587215602,5,1,0.2,True,Nicht hoch GPT-exponiert,3.38,2.12,3.12,3.12,3.25,2.0,0.25,1.75,0.25,2.62,2.88,3.12,2.25,2.88,0.12,2.0,1.12,1.75,3.0,3.0,3.0,2.0,2.12,2.88,4.0,0.0,2.12,4.0,3.88,2.5,2.38,0.0,3.25,1.5,1.62,1.75,3.0,0.0,0.38,3.0,3.38,2.12,1.38,1.88,1.88,2.88,2.25,2.88,2.62,2.0,3.38,3.0,1.2,0.99,2.67,2.06,2.43,2.5,1.86,1.12,0.92,0.02,1.92,0.49,0.0,1.42,1.18,1.02,1.7,1.69,1.79,1.52,0.14,4.81,4.42,3.52,4.37,4.77,3.85,3.44,2.88,2.75,1.25,1.75,0.0,3.0,2.62,0.88,1.88,2.0,2.38,2.0,0.88,2.62,2.62,0.38,2.25,1.38,3.12,3.0,2.0,2.0,1.0,2.62,1.88
31-9092.00,Medical Assistants,0.141025641025641,3,811.0,12.5,112.3,30.498374864572046,False,0.9512459371614301,0.9474539544962081,0.949349945828819,5,0,0.0,True,Nicht hoch GPT-exponiert,3.0,2.12,3.12,2.25,3.5,1.38,0.0,1.25,0.25,1.75,2.88,3.0,3.12,2.88,0.38,1.62,0.75,2.0,3.25,3.12,2.25,2.75,2.75,2.12,3.88,0.25,3.0,4.12,4.0,2.75,2.88,0.38,3.75,0.75,1.12,1.38,2.88,0.25,0.62,3.12,3.25,2.62,0.62,1.88,2.12,3.0,2.25,2.88,2.12,1.25,3.75,3.62,1.07,1.29,2.77,2.1,2.47,2.65,2.17,1.15,1.1,0.02,2.21,0.81,0.04,1.67,1.4,1.02,1.98,1.72,2.06,1.76,0.64,5.0,4.27,3.22,4.38,4.32,3.31,3.8,2.88,3.12,0.5,1.0,0.0,3.0,3.0,1.12,1.38,2.25,2.38,1.25,0.75,2.25,2.88,0.62,1.75,0.75,3.25,3.88,2.38,2.38,0.62,2.88,1.38
31-9093.00,Medical Equipment Preparers,0.037037037037037,2,76.5,10.0,10.9,10.67172264355363,False,0.6300108342361863,0.919284940411701,0.7746478873239436,5,0,0.0,True,Nicht hoch GPT-exponiert,3.12,2.62,3.0,3.0,3.12,1.75,0.25,2.0,0.12,2.62,2.88,3.25,2.88,2.0,0.75,2.0,0.75,2.5,2.62,3.0,3.0,1.88,2.0,2.62,3.88,0.75,2.0,3.75,3.12,2.0,3.12,0.75,3.12,2.0,2.38,1.88,2.88,1.25,1.62,2.75,2.88,2.0,2.12,2.12,3.0,2.75,3.0,3.0,3.25,2.12,3.12,2.5,0.89,0.83,2.77,2.39,1.5,2.65,0.3,0.56,0.59,-0.39,1.79,0.45,-0.4,0.32,1.02,0.5,1.19,0.72,0.0,1.11,-0.21,4.54,4.68,4.03,4.6,4.09,4.49,4.28,2.5,2.88,2.62,2.0,2.12,2.25,2.75,0.88,2.0,1.62,1.38,2.62,0.38,3.0,1.62,0.75,3.12,2.38,2.5,2.62,2.12,2.0,0.5,2.75,2.62
31-9094.00,Medical Transcriptionists,0.2321428571428571,3,43.9,-4.9,7.4,40.57421451787649,False,0.5411700975081257,0.12459371614301191,0.33288190682556884,5,1,0.2,True,Nicht hoch GPT-exponiert,2.12,2.12,3.0,2.12,3.0,0.0,0.0,0.25,0.0,0.0,2.12,3.12,2.88,1.75,0.0,0.12,0.12,1.5,3.0,3.0,2.25,1.5,2.0,0.12,3.88,0.0,1.62,4.88,4.0,1.5,2.88,0.0,3.0,0.0,0.0,0.0,3.12,0.0,0.0,2.88,4.25,2.12,0.0,0.25,0.0,2.0,1.0,1.12,1.12,1.75,4.12,4.12,1.2,0.59,3.0,2.24,0.85,2.65,0.1,0.72,0.33,-0.47,2.17,0.76,-0.71,0.06,1.15,0.43,0.7,0.33,-0.14,1.04,0.08,4.38,4.92,3.76,4.8,3.13,2.97,4.11,2.5,2.12,0.0,0.0,0.0,1.62,2.62,0.0,0.12,1.12,1.25,0.12,0.88,0.75,1.38,0.5,1.12,0.0,2.0,2.75,1.38,1.38,0.12,2.75,0.0
31-9095.00,Pharmacy Aides,0.14,2,41.1,-0.1,6.1,30.065005417118094,False,0.5054171180931745,0.2611050920910076,0.383261105092091,5,0,0.0,True,Nicht hoch GPT-exponiert,2.25,1.38,2.75,1.38,3.0,1.25,0.38,1.25,0.0,2.38,2.75,2.88,2.12,1.75,0.0,1.12,0.75,1.0,2.75,2.75,2.12,2.25,1.88,2.12,3.62,0.0,2.25,4.0,3.5,1.5,2.62,0.0,3.0,0.5,0.62,1.0,2.25,0.0,0.38,3.0,3.38,1.75,0.25,1.38,2.0,2.12,2.75,2.5,2.12,0.88,3.12,2.75,0.57,0.71,2.37,1.96,1.88,2.39,1.43,0.84,0.47,-0.32,2.28,-0.07,-0.64,1.16,0.62,0.39,1.28,1.44,1.65,1.19,-0.3,4.85,4.36,3.68,4.49,4.26,3.63,3.47,2.38,2.75,0.5,0.38,0.0,2.0,2.25,0.88,1.38,1.62,1.62,1.0,0.5,1.62,1.75,0.5,1.75,0.12,3.12,2.88,1.5,1.12,0.62,2.25,0.88
31-9096.00,Veterinary Assistants and Laboratory Animal Caretakers,0.1481481481481481,2,117.8,8.7,22.2,31.63596966413868,False,0.7648970747562297,0.8965330444203684,0.830715059588299,5,0,0.0,True,Nicht hoch GPT-exponiert,3.0,2.12,3.0,2.25,3.0,2.0,0.5,1.88,0.5,3.0,3.0,3.0,2.88,2.25,0.0,2.12,2.12,2.12,3.0,3.0,2.88,2.12,2.0,2.88,3.25,0.0,2.12,3.75,3.0,2.0,2.88,0.0,3.75,1.25,2.0,1.38,2.62,0.0,0.0,3.0,3.0,2.12,1.75,2.12,2.88,2.0,3.0,2.5,2.12,1.88,3.0,3.0,1.07,1.26,2.31,1.96,2.3,2.53,1.8,1.12,1.13,-0.06,2.06,0.72,-0.02,1.56,1.67,1.02,2.02,1.6,1.61,1.96,0.91,4.48,4.52,3.46,4.7,4.35,3.26,3.78,2.25,3.0,0.75,0.75,0.0,2.88,2.75,1.75,2.0,2.0,2.25,1.88,1.62,2.12,2.25,0.38,2.0,0.62,3.12,3.0,2.0,2.0,0.88,2.38,1.75
31-9097.00,Phlebotomists,0.1097560975609756,3,139.7,5.6,18.4,25.243770314192847,False,0.7388949079089924,0.7697724810400867,0.7543336944745396,5,0,0.0,True,Nicht hoch GPT-exponiert,3.88,2.25,3.12,2.12,3.25,2.0,0.12,1.12,0.88,2.25,2.88,3.38,3.12,2.25,0.0,1.88,1.0,1.75,3.0,3.25,3.0,2.0,2.12,2.12,4.0,0.0,2.12,4.0,4.0,2.12,3.0,0.0,3.12,1.0,1.5,1.0,3.0,0.0,0.12,3.0,3.0,2.0,1.0,1.75,2.0,2.12,2.25,2.62,2.62,0.75,3.88,3.0,0.91,0.89,2.77,2.32,1.95,2.65,1.83,1.03,0.53,-0.37,2.1,0.22,-0.22,1.29,1.26,0.94,1.91,1.55,1.33,1.99,-0.36,4.82,4.82,3.82,4.81,4.05,4.45,4.45,2.38,3.0,0.75,1.0,0.0,3.0,2.62,0.75,1.12,2.38,1.75,1.25,0.25,1.75,2.5,0.62,2.25,0.62,3.25,3.25,2.0,1.88,0.62,3.0,1.62
31-9099.01,Speech-Language Pathology Assistants,0.2105263157894736,3,109.7,3.5,14.4,38.29902491874323,False,0.6960996749729144,0.570964247020585,0.6335319609967497,5,0,0.0,True,Nicht hoch GPT-exponiert,2.0,3.0,2.88,1.88,3.38,0.12,0.0,0.0,0.0,0.0,2.88,2.0,2.88,3.12,0.0,0.0,0.0,3.25,3.38,3.38,1.88,2.12,2.75,0.0,3.62,0.0,2.25,4.0,4.0,3.12,2.88,0.0,3.88,0.0,0.0,0.0,2.88,0.12,0.0,4.0,4.75,2.75,0.0,0.0,0.0,2.75,1.25,2.38,2.12,0.62,4.0,4.0,1.16,0.95,2.7,1.53,2.55,2.65,2.54,1.22,0.83,0.87,2.1,1.17,-0.36,2.02,1.67,1.1,1.73,1.87,2.24,1.52,0.97,4.77,4.74,3.28,4.3,4.22,2.13,3.46,3.12,3.0,0.38,0.25,0.0,3.0,3.12,0.62,1.0,2.0,2.5,0.38,0.75,1.75,2.62,0.38,0.5,0.12,3.38,3.88,2.62,3.12,1.0,2.88,0.25
31-9099.02,Endoscopy Technicians,0.0,2,109.7,3.5,14.4,3.1960996749729147,False,0.6960996749729144,0.570964247020585,0.6335319609967497,5,0,0.0,True,Nicht hoch GPT-exponiert,3.38,1.75,3.12,3.25,3.12,2.25,0.12,2.12,0.62,2.5,2.88,3.12,3.0,2.25,0.5,2.0,1.25,2.0,3.0,3.0,3.0,2.0,2.25,3.12,4.12,0.38,2.0,3.88,3.88,2.0,3.0,0.5,3.38,2.0,2.0,1.88,3.12,0.38,0.75,3.12,3.12,2.12,0.5,1.75,2.75,2.88,2.62,2.88,2.88,1.88,3.62,3.0,1.18,1.19,2.67,2.39,2.43,2.65,1.02,0.78,0.8,-0.22,1.99,0.87,-0.19,0.93,1.18,0.97,1.77,1.19,1.15,1.8,-0.3,4.73,4.87,3.65,4.5,4.64,3.88,3.73,3.0,3.0,2.88,2.12,0.0,3.0,2.88,0.5,1.0,2.0,2.0,3.0,0.25,3.0,2.25,0.25,3.0,2.5,3.0,3.12,2.38,2.12,0.62,2.88,2.75
33-1011.00,First-Line Supervisors of Correctional Officers,0.2826086956521739,3,57.1,-2.8,4.3,47.45395449620802,False,0.43391115926327195,0.1695557963163597,0.30173347778981585,5,0,0.0,True,Nicht hoch GPT-exponiert,2.5,3.0,3.0,2.12,4.0,2.0,0.5,2.12,3.0,2.12,3.25,2.0,3.25,3.0,1.5,2.88,3.0,2.0,3.88,3.12,2.25,2.0,2.38,2.25,3.25,1.0,2.25,4.0,4.0,2.75,3.12,2.12,4.0,0.88,3.12,2.88,3.62,1.5,2.0,3.75,3.25,2.75,1.88,3.0,3.88,3.0,3.12,1.88,2.5,0.75,3.88,4.0,1.45,1.32,2.19,2.62,1.08,2.93,0.93,0.47,0.97,-0.34,2.93,0.43,2.55,0.74,2.04,2.05,2.63,0.9,1.13,3.0,0.89,4.77,4.72,4.13,3.84,4.03,2.41,4.16,3.25,4.0,0.0,0.0,0.0,3.38,3.25,1.25,1.88,4.0,3.12,1.62,1.62,2.0,3.62,0.5,1.88,0.0,3.0,4.0,3.12,3.12,0.62,3.88,1.0
33-1012.00,First-Line Supervisors of Police and Detectives,0.3552631578947368,2,160.8,2.9,10.9,57.04225352112676,False,0.6300108342361863,0.4891657638136511,0.5595882990249187,5,2,0.4,True,Nicht hoch GPT-exponiert,3.0,2.88,3.62,2.88,4.12,2.38,0.0,2.12,2.5,2.0,3.5,2.75,3.62,3.38,1.88,2.12,2.0,2.62,4.0,3.88,3.0,2.62,3.0,2.88,3.75,1.88,2.75,4.0,4.0,3.12,3.0,2.25,4.12,2.38,3.12,2.88,3.25,1.88,2.25,3.62,3.62,3.0,1.88,2.12,2.88,3.12,2.62,2.75,2.88,1.38,4.0,4.0,1.8,2.17,2.37,2.39,2.07,2.93,1.54,0.4,1.93,0.58,2.93,1.05,3.0,1.04,2.23,2.09,2.63,1.55,1.7,2.67,1.33,4.7,4.95,4.43,4.25,4.19,2.77,3.5,4.0,4.0,0.75,0.88,0.0,3.88,3.88,2.75,2.75,4.0,3.12,2.0,2.12,2.25,4.0,0.5,2.12,0.75,3.5,4.0,3.25,3.25,0.62,3.88,1.38
33-1021.00,First-Line Supervisors of Firefighting and Prevention Workers,0.4056603773584905,3,97.2,3.4,6.5,65.54712892741061,False,0.5200433369447454,0.5579631635969664,0.5390032502708559,5,2,0.4,True,Nicht hoch GPT-exponiert,3.0,3.0,3.38,3.0,3.75,2.38,1.0,2.62,2.62,3.0,3.25,2.88,3.62,3.5,2.38,2.5,2.75,2.75,3.62,3.75,3.38,2.38,3.25,2.88,3.75,2.0,2.62,4.0,4.0,3.25,3.38,2.25,3.62,2.5,2.88,2.62,3.5,1.88,2.12,3.5,3.75,3.25,1.62,2.88,3.12,3.12,3.38,3.0,3.25,2.12,3.88,3.75,2.01,2.51,2.02,1.82,2.69,2.93,1.48,0.34,2.11,0.94,2.43,1.17,3.0,1.46,2.38,2.36,2.63,1.49,1.92,3.0,1.66,4.74,4.65,4.49,4.33,4.23,2.62,3.53,3.38,3.75,2.0,1.88,0.38,3.38,3.38,1.75,2.38,3.5,3.25,2.25,1.38,2.75,3.38,0.88,2.25,1.75,3.5,3.5,2.88,2.88,1.12,3.75,2.12
33-1091.00,First-Line Supervisors of Security Workers,0.2619047619047618,2,71.9,2.7,7.0,44.42036836403034,False,0.5325027085590466,0.4810400866738895,0.5067713976164681,5,0,0.0,True,Nicht hoch GPT-exponiert,2.38,2.5,3.0,2.5,3.5,2.25,0.12,1.75,1.75,1.88,4.12,2.12,3.5,2.75,1.62,1.88,1.25,2.25,3.88,3.12,2.0,2.0,2.62,2.38,3.75,2.12,2.12,3.62,3.88,2.75,2.88,2.12,3.88,1.62,2.12,2.75,3.75,2.0,2.0,3.38,3.88,3.5,0.12,1.75,1.88,2.62,2.5,2.75,2.62,2.0,3.38,3.62,1.55,1.54,2.05,2.47,1.84,2.93,1.25,0.4,1.59,0.07,2.93,0.47,2.52,0.9,1.97,1.76,2.42,1.19,1.52,2.21,1.16,4.98,4.57,4.63,4.7,3.75,2.92,3.41,3.38,3.88,1.12,1.0,0.0,3.25,3.12,2.62,2.38,3.75,2.88,1.88,1.5,1.88,3.25,0.88,2.12,1.25,3.0,3.5,2.75,2.75,0.5,3.38,1.75
33-2011.00,Firefighters,0.087719298245614,3,344.9,3.4,27.1,21.99349945828819,False,0.8039003250270856,0.5579631635969664,0.680931744312026,5,0,0.0,True,Nicht hoch GPT-exponiert,3.62,3.62,3.25,3.88,3.88,3.25,1.88,3.75,3.38,3.75,3.88,3.0,3.88,3.12,2.75,3.25,3.12,3.0,3.88,3.5,3.38,2.75,3.12,3.88,3.62,2.62,2.62,4.25,4.0,2.75,3.5,2.62,4.5,3.0,4.0,3.38,2.88,2.62,3.0,3.38,3.38,3.25,2.5,3.88,4.38,2.88,3.88,3.5,3.5,2.62,3.38,3.5,1.83,2.6,1.89,1.09,2.82,2.93,1.38,1.15,2.11,0.46,2.55,0.76,1.92,1.39,2.5,2.32,3.0,1.69,1.33,3.0,1.41,4.73,4.85,3.94,4.27,4.62,2.76,3.6,3.0,3.75,2.75,2.75,0.5,2.88,3.38,1.38,1.88,2.38,2.5,3.0,0.62,3.12,2.88,0.5,2.75,2.25,3.38,3.62,2.5,2.75,1.25,2.75,2.62
33-2021.00,Fire Inspectors and Investigators,0.3846153846153846,3,14.7,3.8,1.5,62.4593716143012,False,0.21451787648970747,0.6115926327193932,0.41305525460455034,5,1,0.2,True,Nicht hoch GPT-exponiert,2.38,2.38,3.62,2.12,4.0,2.38,0.12,2.0,2.0,2.12,3.0,2.12,3.75,3.0,2.12,1.75,1.88,2.25,3.88,3.62,2.12,2.25,2.88,2.38,3.38,1.62,2.38,4.12,4.0,3.0,3.12,1.62,3.88,1.38,2.25,1.62,3.38,1.5,2.5,3.75,3.88,2.75,0.5,1.5,2.25,2.75,2.62,2.62,2.88,2.25,4.0,4.0,1.83,1.61,2.77,2.62,1.6,2.65,0.86,0.29,1.62,0.42,2.93,1.71,1.42,0.56,1.94,1.7,2.22,1.41,0.99,2.13,1.26,4.92,4.95,4.54,4.53,3.5,2.65,3.94,3.25,3.62,0.25,0.25,0.0,3.12,3.0,1.75,2.0,2.5,2.75,1.88,1.75,2.62,3.25,1.0,2.38,0.38,3.38,3.12,3.0,2.75,1.12,3.12,1.75
33-2022.00,Forest Fire Inspectors and Prevention Specialists,0.375,3,2.9,14.6,0.3,61.159263271939324,False,0.03791982665222102,0.9577464788732394,0.4978331527627302,5,1,0.2,True,Nicht hoch GPT-exponiert,2.75,2.25,3.12,2.88,3.62,3.0,0.5,2.0,0.88,2.25,3.62,2.62,3.88,2.88,1.62,2.0,1.62,2.12,3.62,3.12,2.38,2.62,2.25,3.0,3.62,1.12,2.62,4.0,4.0,3.0,3.25,1.38,4.12,1.38,2.0,2.0,3.12,1.12,2.38,3.38,3.0,3.25,1.38,2.12,2.25,2.88,2.75,2.62,2.88,1.12,3.5,3.38,1.89,2.13,2.25,2.43,1.88,2.65,0.73,0.15,1.72,0.56,2.32,0.76,2.28,0.56,2.12,1.8,2.55,0.94,0.9,2.63,1.33,4.79,4.87,4.56,4.05,3.15,3.37,3.81,3.25,3.75,1.38,1.38,0.0,3.0,3.25,1.12,1.75,3.38,2.88,2.38,1.0,2.62,3.12,0.62,2.25,1.12,3.0,2.88,3.12,3.12,0.88,3.38,2.12
33-3011.00,Bailiffs,0.1607142857142857,3,19.0,-2.2,1.8,33.531960996749724,False,0.24647887323943662,0.18580715059588299,0.2161430119176598,5,0,0.0,True,Nicht hoch GPT-exponiert,1.5,2.0,2.25,0.88,3.0,1.5,0.0,2.25,3.12,2.12,2.88,1.38,2.25,1.62,0.62,2.25,2.0,1.25,3.0,2.88,1.25,0.5,1.88,2.12,3.12,0.75,0.88,3.25,3.25,1.38,2.25,1.0,3.88,0.75,2.88,2.5,3.12,0.75,0.88,3.12,3.25,2.25,2.0,2.25,3.25,2.5,3.0,1.5,1.38,0.38,3.0,2.25,0.77,1.08,1.94,2.58,1.03,2.65,0.71,-0.06,0.43,-0.64,2.93,0.07,1.06,0.61,1.7,1.5,2.5,0.84,0.77,2.28,-0.25,4.62,4.37,3.76,4.08,3.93,2.22,3.24,2.38,2.88,0.0,0.0,0.0,2.12,3.0,0.25,0.38,2.12,2.75,0.75,0.25,1.5,2.88,0.25,1.12,0.0,2.5,3.38,1.38,0.75,0.38,2.38,0.38
33-3012.00,Correctional Officers and Jailers,0.2386363636363636,2,387.5,-7.8,30.1,41.82015167930661,False,0.8169014084507042,0.07746478873239436,0.4471830985915493,5,0,0.0,True,Nicht hoch GPT-exponiert,3.0,3.12,3.0,2.88,3.5,2.75,0.25,3.0,3.0,3.0,3.38,3.0,3.25,2.88,1.88,2.75,2.5,2.75,3.75,3.0,3.0,1.88,2.38,3.0,3.5,1.75,2.12,3.88,3.88,2.25,3.0,2.62,4.0,2.0,3.0,3.0,3.75,2.12,2.12,3.62,3.25,2.88,2.75,3.12,3.75,3.0,3.12,2.38,3.0,1.38,3.0,3.0,0.77,1.02,2.16,2.5,0.53,2.74,0.62,-0.43,0.35,-0.66,2.93,-0.06,1.16,0.45,2.01,1.5,2.59,0.57,0.43,3.0,-0.84,4.67,4.93,4.22,4.5,4.17,2.59,4.45,2.88,3.5,1.0,1.0,0.0,2.88,3.0,0.75,0.88,2.5,3.0,2.12,0.5,2.25,3.0,0.62,2.12,0.88,3.0,3.75,2.62,2.12,0.75,3.0,1.62
33-3021.00,Detectives and Criminal Investigators,0.3,3,117.9,-0.7,7.8,49.24160346695558,False,0.5509209100758397,0.23835319609967498,0.3946370530877573,5,0,0.0,True,Nicht hoch GPT-exponiert,2.38,2.88,3.62,2.25,4.25,2.38,0.62,1.75,2.62,2.38,3.5,2.12,3.62,3.75,2.25,2.0,1.75,2.12,4.12,3.88,2.25,2.38,3.0,2.25,3.75,2.25,2.25,4.12,3.88,3.12,3.0,2.62,4.38,2.38,3.12,3.0,3.25,1.88,2.38,3.62,4.0,3.38,2.12,2.25,2.5,3.12,2.75,2.5,2.88,2.0,4.0,3.62,2.01,2.3,2.67,2.47,1.08,2.93,1.07,0.12,2.03,1.2,2.93,2.08,1.67,0.5,2.46,1.98,2.38,0.35,1.31,3.0,1.85,4.82,4.83,4.54,4.61,3.76,2.68,3.78,3.62,3.38,0.0,0.75,0.0,3.12,3.75,1.12,1.38,2.5,2.88,2.25,0.88,2.12,3.0,1.12,2.0,0.0,3.12,3.88,2.5,3.0,0.88,3.12,1.38
33-3021.02,Police Identification and Records Officers,0.3461538461538461,3,117.9,-0.7,7.8,55.52546045503792,False,0.5509209100758397,0.23835319609967498,0.3946370530877573,5,1,0.2,True,Nicht hoch GPT-exponiert,3.0,2.38,3.88,2.62,4.0,2.12,0.0,1.12,0.75,2.0,3.0,2.75,3.75,3.0,1.5,1.88,1.0,2.0,4.0,4.0,2.62,2.88,2.0,2.75,4.12,1.12,2.25,4.0,4.0,2.88,3.0,1.25,3.75,1.75,2.0,2.0,3.0,0.88,2.0,3.62,3.38,2.38,1.25,1.38,2.0,3.0,2.12,3.0,2.88,2.12,3.88,4.0,1.15,1.75,3.0,2.62,1.57,2.65,0.54,0.5,1.26,0.89,2.93,1.71,0.69,0.54,2.15,1.5,2.63,1.49,0.65,2.47,1.14,3.66,4.37,4.49,4.52,3.61,2.67,3.17,3.0,3.0,0.0,0.0,0.0,3.0,3.0,0.62,0.62,2.5,3.0,2.62,0.5,2.62,3.0,0.25,1.88,0.0,3.0,3.0,2.62,2.12,0.62,3.0,0.62
33-3021.06,Intelligence Analysts,0.3970588235294117,4,117.9,-0.7,7.8,63.705308775731304,False,0.5509209100758397,0.23835319609967498,0.3946370530877573,5,0,0.0,True,Nicht hoch GPT-exponiert,0.75,2.0,3.75,0.62,4.62,0.25,0.0,0.38,0.0,0.0,3.0,0.75,4.0,4.0,0.0,0.0,0.0,2.0,4.75,4.0,0.62,2.88,2.75,0.12,3.88,0.0,2.75,4.75,4.5,3.5,3.12,0.0,4.12,0.0,0.0,0.0,3.0,0.0,0.0,4.0,4.12,3.62,0.0,0.0,0.0,2.38,1.25,2.12,2.75,0.62,4.75,4.62,2.14,2.17,2.77,2.5,1.03,2.65,0.28,0.42,1.79,1.58,2.93,2.28,0.78,-0.09,2.12,1.54,1.5,0.32,0.56,1.67,2.08,4.35,4.52,4.3,4.39,3.0,2.83,3.78,3.62,3.5,0.0,0.0,0.0,3.12,3.75,0.5,0.5,2.12,3.0,0.0,2.12,1.38,3.12,1.38,0.12,0.0,2.88,3.12,2.88,3.0,0.75,3.0,0.0
33-3031.00,Fish and Game Wardens,0.1590909090909091,4,7.0,-6.0,0.5,32.936078006500544,False,0.06988082340195016,0.10184182015167931,0.08586132177681474,5,0,0.0,True,Nicht hoch GPT-exponiert,2.62,2.12,3.12,3.25,3.75,3.0,0.0,2.0,1.75,2.12,4.0,2.5,3.5,3.0,3.0,2.38,2.25,2.38,4.0,3.12,2.5,2.25,2.25,3.0,3.75,2.12,2.5,4.12,4.0,3.0,2.75,2.25,4.12,2.62,3.0,2.88,3.25,2.25,3.25,3.88,3.25,3.0,2.25,2.88,2.88,3.0,2.75,2.75,2.38,0.88,3.75,3.75,1.55,2.05,1.92,2.21,1.17,2.62,1.12,0.64,1.93,0.67,2.93,0.87,1.75,0.82,2.04,1.7,2.38,1.28,1.04,2.24,1.24,4.67,4.68,4.76,4.14,4.03,2.48,3.94,3.25,3.38,1.88,1.25,0.0,3.12,3.25,0.75,0.62,2.88,2.88,2.88,2.5,2.62,3.38,0.5,2.75,1.88,3.12,3.5,3.25,3.25,0.75,3.0,1.88
33-3041.00,Parking Enforcement Workers,0.3205128205128205,2,8.4,-1.5,0.7,52.437703141928495,False,0.10184182015167931,0.2134344528710726,0.15763813651137595,5,3,0.6,True,Nicht hoch GPT-exponiert,2.12,2.12,2.38,2.75,3.0,2.12,0.0,1.62,1.5,2.12,3.12,2.25,2.25,2.25,2.0,2.0,1.62,2.12,2.75,3.0,2.12,1.5,2.25,2.62,3.12,2.0,1.75,3.5,3.88,2.25,2.5,1.62,3.12,1.75,2.38,2.38,2.25,1.75,2.25,2.88,2.62,2.12,1.62,2.0,2.12,2.12,2.75,2.38,2.12,1.0,3.0,2.5,0.32,0.38,2.02,1.11,0.2,2.16,-0.25,-0.56,0.28,-0.66,1.79,-0.3,-0.05,0.36,1.02,1.1,1.84,0.14,0.61,1.46,-0.3,3.92,4.09,3.74,4.01,2.48,3.97,2.83,2.38,2.75,1.62,1.12,0.0,2.75,2.25,0.38,0.38,2.38,2.12,2.25,0.38,2.12,2.12,0.75,2.0,1.0,2.88,2.88,2.12,1.75,0.38,2.62,2.0
33-3051.00,Police and Sheriff's Patrol Officers,0.2327586206896551,3,698.8,3.1,53.7,40.9534127843987,False,0.8911159263271939,0.5216684723726978,0.7063921993499458,5,0,0.0,True,Nicht hoch GPT-exponiert,3.12,3.0,3.5,2.62,4.12,2.75,0.75,2.62,3.25,2.88,3.88,2.38,3.75,3.0,2.75,2.88,2.62,2.75,3.88,3.62,2.88,1.88,3.12,3.0,3.88,2.5,2.25,4.0,4.12,2.75,3.25,2.62,4.25,3.38,3.62,3.5,3.25,2.62,2.62,3.5,4.0,2.88,2.88,3.0,3.38,3.25,3.0,2.88,2.62,2.5,3.75,3.5,1.66,2.3,2.16,2.32,1.7,2.93,1.54,0.7,1.93,0.02,2.93,0.43,1.98,0.93,2.19,2.2,2.63,1.81,1.4,3.0,1.2,4.76,4.77,4.5,4.72,4.0,2.65,3.96,2.88,3.62,0.25,0.5,0.0,3.25,3.62,1.25,1.25,2.62,3.38,2.0,0.25,2.12,3.75,0.75,1.0,0.0,3.5,4.0,2.62,2.5,0.75,3.0,1.12
33-3051.04,Customs and Border Protection Officers,0.2619047619047618,3,698.8,3.1,53.7,44.42036836403034,False,0.8911159263271939,0.5216684723726978,0.7063921993499458,5,0,0.0,True,Nicht hoch GPT-exponiert,2.25,2.5,3.12,2.62,4.0,2.38,0.0,1.62,1.88,2.5,3.38,2.88,3.38,2.88,2.0,2.0,1.75,1.75,4.0,3.38,2.62,2.12,2.25,2.75,4.12,1.25,2.5,4.0,4.0,2.38,3.12,1.38,4.12,1.88,2.75,2.25,3.38,1.12,1.5,3.88,4.12,2.75,1.88,2.0,2.75,2.75,2.25,2.75,2.38,0.88,4.0,3.75,1.71,1.75,2.63,2.58,0.78,2.65,0.64,-0.35,1.02,-0.37,2.93,0.81,1.64,0.45,2.04,1.83,2.5,0.57,1.2,2.55,1.2,4.83,4.63,4.2,4.55,4.19,3.54,3.86,3.0,3.38,0.0,0.0,0.0,3.0,3.5,0.75,1.12,2.75,3.0,2.12,0.62,2.25,3.12,0.5,1.88,0.0,3.0,3.38,2.38,2.5,0.5,3.25,0.88
33-3052.00,Transit and Railroad Police,0.4375,3,3.1,3.0,0.2,70.26002166847238,False,0.02275189599133261,0.5032502708559047,0.26300108342361866,5,4,0.8,True,Nicht hoch GPT-exponiert,2.88,2.88,3.0,2.75,3.88,2.88,0.0,2.88,3.12,2.5,3.88,2.5,3.38,3.0,2.62,2.75,2.25,2.75,3.88,3.0,2.75,2.0,2.25,3.0,3.25,3.0,2.12,4.0,4.0,3.0,3.0,2.62,4.0,2.5,3.12,3.12,3.25,2.12,2.75,3.25,3.25,3.12,2.12,3.0,3.12,2.75,3.25,2.75,2.88,2.12,3.25,3.25,1.27,2.02,2.08,2.43,1.2,2.93,1.43,-0.23,1.5,-0.35,2.89,0.45,1.89,0.74,1.97,1.76,2.55,1.28,1.13,2.93,1.12,4.7,4.29,4.41,4.35,4.14,2.97,3.8,3.0,3.25,0.0,0.0,0.0,3.0,3.12,1.12,1.12,2.88,3.12,2.25,1.75,2.25,3.38,0.75,1.62,0.0,3.0,3.25,2.75,2.25,0.62,3.12,1.5
33-9011.00,Animal Control Workers,0.1333333333333333,2,12.2,3.9,1.3,28.98158179848321,False,0.19393282773564463,0.6218851570964247,0.4079089924160346,5,0,0.0,True,Nicht hoch GPT-exponiert,3.0,2.0,3.0,2.75,3.12,2.0,0.25,1.88,1.25,2.62,3.0,2.62,2.88,2.88,2.0,2.0,1.75,2.0,3.75,3.0,3.0,1.75,2.0,2.88,3.0,1.25,1.5,3.88,4.0,2.75,2.0,1.88,3.88,2.0,2.0,2.12,3.0,2.0,1.88,3.0,3.0,2.0,1.25,1.88,3.0,3.0,2.88,2.0,2.0,1.0,3.38,3.0,0.89,1.61,2.0,1.69,1.77,2.41,1.71,0.9,1.26,0.09,2.1,0.45,0.98,0.95,1.94,1.35,2.18,1.44,1.15,2.36,1.26,4.58,4.96,4.54,4.08,3.81,2.81,3.96,2.88,3.0,0.0,0.0,0.0,2.62,2.88,0.62,0.75,2.0,2.62,1.62,0.5,1.75,3.0,0.12,1.0,0.0,3.0,3.0,2.0,2.0,0.12,3.0,0.38
33-9021.00,Private Detectives and Investigators,0.3888888888888888,3,43.6,6.0,3.9,62.94691224268689,False,0.4014084507042254,0.795774647887324,0.5985915492957747,5,0,0.0,True,Nicht hoch GPT-exponiert,1.75,1.75,3.12,2.5,4.0,2.0,0.0,0.38,0.25,0.62,3.38,2.25,3.5,3.38,1.12,0.5,0.38,2.0,4.12,3.38,1.75,2.25,2.12,2.12,3.75,0.88,2.38,4.0,4.0,3.12,3.0,0.88,4.12,0.62,1.75,2.12,3.25,0.75,1.12,3.62,3.75,2.75,0.0,0.12,0.5,2.62,1.88,2.0,2.25,1.0,4.0,4.0,2.01,1.79,2.57,1.86,0.06,2.59,0.39,0.2,1.96,1.3,2.89,1.93,0.71,0.15,2.19,1.98,2.34,0.15,0.59,2.13,1.91,4.33,4.16,4.61,4.74,3.05,2.74,4.32,3.0,2.88,0.0,0.38,0.0,2.25,3.38,1.12,1.0,2.0,2.88,1.38,1.5,0.88,3.0,1.0,1.25,0.0,2.88,3.5,2.88,2.88,0.62,3.0,0.38
33-9031.00,Gambling Surveillance Officers and Gambling Investigators,0.3125,2,10.3,0.3,1.3,51.02925243770314,False,0.19393282773564463,0.2822318526543879,0.23808234019501626,5,0,0.0,True,Nicht hoch GPT-exponiert,1.75,2.25,2.62,1.62,3.5,1.12,0.0,0.62,1.38,1.0,4.0,1.75,3.5,2.12,0.0,0.88,0.88,1.5,3.75,3.12,1.5,1.38,2.12,0.62,3.88,0.25,1.5,3.75,3.75,2.12,3.25,1.0,4.12,0.0,0.88,1.25,4.0,0.0,0.38,3.12,3.25,3.38,0.38,1.12,1.62,3.0,1.75,2.12,2.25,0.88,3.12,3.12,0.89,1.02,2.67,2.54,0.5,2.65,-0.33,-0.5,0.28,-0.57,2.93,0.56,-0.07,-0.34,1.55,1.1,2.22,-0.2,0.97,1.99,1.29,4.65,4.7,4.39,4.83,4.1,3.43,3.14,2.5,3.0,0.0,0.0,0.0,3.0,3.12,0.62,0.62,2.5,2.38,1.62,0.5,2.12,2.38,0.38,1.88,0.25,2.38,2.88,2.25,2.38,0.62,3.0,0.75
33-9032.00,Security Guards,0.2499999999999999,2,1262.1,0.4,161.0,42.4160346695558,False,0.9696641386782232,0.28602383531960995,0.6278439869989165,5,0,0.0,True,Nicht hoch GPT-exponiert,2.12,2.5,2.0,2.25,3.0,2.12,0.0,2.0,2.12,2.12,3.38,1.88,3.12,2.12,2.0,2.12,1.75,2.38,3.0,3.12,1.62,1.12,2.0,2.12,3.12,1.5,1.12,3.62,3.5,2.12,3.0,1.38,3.75,1.62,2.0,2.0,3.88,1.75,2.0,3.0,3.12,2.38,1.0,2.38,2.75,2.38,2.88,2.25,2.25,1.12,3.0,2.5,0.71,0.46,1.79,2.58,1.26,2.93,0.88,-0.59,0.9,-0.69,2.93,-0.12,0.61,0.82,1.9,1.26,2.38,1.14,0.9,2.21,0.45,4.89,4.42,4.44,4.41,3.38,2.17,3.05,2.38,3.0,0.12,0.0,0.0,2.25,2.5,0.5,0.5,2.0,2.38,2.0,0.62,2.25,3.0,0.25,1.25,0.0,2.62,3.12,1.25,1.38,0.25,2.12,1.25
33-9091.00,Crossing Guards and Flaggers,0.2631578947368421,2,91.4,3.6,18.0,44.63705308775731,False,0.733477789815818,0.5828819068255688,0.6581798483206934,5,0,0.0,True,Nicht hoch GPT-exponiert,2.0,2.12,1.88,0.88,2.62,1.5,0.25,1.0,0.62,1.75,3.12,1.88,1.38,0.88,1.5,2.0,0.88,1.75,2.62,2.38,1.88,0.38,1.0,2.0,2.75,0.62,0.5,3.12,3.62,0.88,2.0,1.12,3.12,0.5,2.5,1.12,2.88,0.75,1.5,3.0,3.0,1.38,1.75,2.0,1.5,2.5,2.88,1.88,1.25,0.5,2.0,1.75,0.2,0.36,1.79,2.62,2.03,2.65,1.54,0.42,0.36,-0.71,1.89,-0.29,1.06,1.36,0.88,1.26,1.73,1.33,1.36,1.55,-0.48,4.1,3.72,4.25,3.9,4.12,3.79,2.21,1.88,2.5,0.0,0.0,0.0,1.5,2.5,0.38,0.5,1.0,1.38,0.0,0.25,0.62,1.75,0.0,0.25,0.0,2.62,2.5,0.88,0.75,0.0,1.62,0.38
33-9092.00,"Lifeguards, Ski Patrol, and Other Recreational Protective Service Workers",0.16,2,149.7,5.8,42.7,33.20693391115926,False,0.8634886240520043,0.7833152762730228,0.8234019501625136,5,1,0.2,True,Nicht hoch GPT-exponiert,2.25,2.5,2.38,1.12,3.12,2.12,0.5,2.12,1.38,2.62,3.75,1.5,3.62,2.25,1.38,2.88,1.88,1.88,3.0,2.88,2.12,0.75,2.25,2.38,3.0,0.38,1.0,3.75,4.0,2.0,3.0,1.12,4.12,1.0,2.12,2.0,3.25,1.38,1.62,3.25,3.0,3.0,1.88,3.0,3.5,3.0,3.0,1.75,2.0,0.0,2.88,2.62,0.8,1.79,1.76,2.24,2.3,2.65,1.8,0.84,1.26,-0.39,2.13,0.33,1.53,1.49,1.97,1.6,2.63,1.55,1.11,2.51,1.04,4.5,4.55,3.82,3.65,3.99,2.56,2.98,2.62,2.88,0.25,0.5,0.0,2.5,3.0,0.12,0.38,2.0,2.0,0.5,0.25,1.25,2.5,0.0,1.5,0.25,3.12,3.25,1.12,1.38,0.0,1.88,0.75
33-9093.00,Transportation Security Screeners,0.23,2,50.1,-6.0,4.7,39.978331527627304,False,0.447453954496208,0.10184182015167931,0.27464788732394363,5,0,0.0,True,Nicht hoch GPT-exponiert,2.88,3.12,3.0,2.5,3.38,2.12,0.38,2.38,1.5,2.88,3.75,2.75,3.88,2.5,1.25,2.5,2.0,2.5,3.5,3.25,3.0,1.5,2.62,2.62,3.75,0.25,1.5,3.75,3.62,2.38,3.62,0.62,3.88,2.5,3.12,2.62,3.75,0.5,0.38,3.5,3.88,2.88,1.88,2.62,3.38,2.88,2.75,2.62,2.75,1.75,3.12,2.62,0.73,1.26,2.77,2.62,1.53,2.65,0.91,-0.1,0.38,-0.68,2.55,-0.14,-0.02,0.71,1.4,1.21,2.38,0.84,0.97,2.17,0.72,4.54,4.41,3.0,4.33,4.44,4.07,3.41,2.75,3.38,1.5,1.62,0.0,2.88,2.88,1.0,1.12,2.38,2.5,2.5,1.38,2.88,3.0,0.88,2.5,1.25,2.75,3.0,2.0,2.38,0.0,2.12,1.88
33-9099.02,Retail Loss Prevention Specialists,0.3414634146341463,2,84.0,2.5,23.3,54.929577464788736,False,0.7778981581798483,0.46208017334777896,0.6199891657638137,5,1,0.2,True,Nicht hoch GPT-exponiert,1.88,1.88,3.0,1.88,3.12,2.12,0.0,1.12,1.62,1.25,3.38,2.25,3.12,2.75,1.12,2.0,1.5,2.12,3.5,3.0,2.0,2.12,2.25,2.0,3.12,1.38,2.62,3.62,3.62,2.75,2.75,1.38,3.62,1.25,2.38,2.12,3.5,1.62,1.88,3.0,3.12,2.62,1.75,1.62,2.12,2.25,2.25,2.0,2.62,0.62,3.12,3.38,1.89,1.51,2.53,2.47,0.5,2.65,-0.37,-0.59,1.82,0.42,2.93,0.92,1.24,-0.14,1.97,1.73,2.38,-0.06,0.45,2.1,0.7,4.76,4.56,4.51,4.3,3.9,2.33,3.45,2.88,3.12,0.0,0.38,0.0,3.0,3.0,1.62,1.5,2.88,2.62,1.38,0.75,2.38,2.88,1.0,2.25,0.0,2.75,3.12,2.75,3.0,0.88,2.75,1.88
35-1011.00,Chefs and Head Cooks,0.2619047619047618,3,197.3,7.1,24.4,44.42036836403034,False,0.7887323943661971,0.8494041170097508,0.819068255687974,5,3,0.6,True,Nicht hoch GPT-exponiert,3.0,2.5,3.25,2.62,4.12,2.0,0.75,2.25,0.88,3.0,2.62,3.0,2.88,3.75,0.88,1.88,1.5,2.0,3.38,3.75,3.12,3.0,3.0,2.25,3.5,0.62,3.0,4.0,4.0,3.88,3.25,0.88,4.12,1.62,2.38,2.0,3.25,0.75,0.75,3.62,3.38,2.25,1.75,2.12,2.12,3.25,3.0,3.12,3.12,2.62,3.25,3.38,1.95,1.86,2.5,1.47,1.88,2.65,0.67,0.29,1.89,1.97,1.82,1.35,2.58,1.26,1.7,1.8,1.95,0.76,1.7,2.13,1.26,4.58,4.87,3.67,3.62,4.21,4.38,4.75,3.5,4.12,1.12,1.88,0.0,3.5,3.12,3.25,3.38,3.88,3.75,2.38,2.62,2.62,3.62,0.5,3.12,1.0,3.38,3.75,3.0,3.12,0.75,3.88,1.75
35-1012.00,First-Line Supervisors of Food Preparation and Serving Workers,0.2555555555555555,2,1215.0,6.0,183.9,43.87865655471289,False,0.9739978331527628,0.795774647887324,0.8848862405200434,5,1,0.2,True,Nicht hoch GPT-exponiert,2.75,2.88,3.0,2.0,3.0,2.0,0.12,1.88,0.38,2.12,3.0,2.62,2.62,3.0,0.0,2.0,1.0,1.5,3.0,3.0,2.62,2.88,2.88,2.0,3.0,0.25,3.0,4.0,4.0,2.88,2.88,0.12,3.12,0.62,1.12,0.5,3.0,0.12,0.88,3.0,3.0,2.0,1.0,2.0,2.0,3.0,2.25,2.75,3.0,2.0,3.75,3.0,1.42,1.41,1.97,1.2,2.26,2.56,1.27,0.96,1.5,0.7,1.92,0.35,2.49,1.49,1.58,1.63,1.91,1.0,2.13,1.99,0.66,4.58,3.85,3.74,4.1,4.36,3.72,3.44,3.0,4.0,0.62,0.38,0.0,3.12,3.0,2.88,3.0,3.88,3.12,1.75,1.12,2.25,3.12,0.25,2.75,0.62,3.62,3.62,3.0,3.12,0.5,3.62,1.38
35-2011.00,"Cooks, Fast Food",0.0263157894736842,2,669.5,-13.5,82.1,8.775731310942579,False,0.9295774647887324,0.03629469122426869,0.4829360780065005,5,0,0.0,True,Nicht hoch GPT-exponiert,2.5,1.25,2.25,1.25,2.75,0.25,0.0,1.88,1.38,2.0,2.0,2.0,1.38,2.0,0.0,1.62,1.25,0.88,2.25,2.88,2.5,1.12,2.0,2.0,3.0,0.0,1.62,3.0,2.75,2.0,1.88,0.0,2.62,0.5,1.12,0.75,2.62,0.0,0.0,2.62,2.88,1.75,1.12,1.88,2.25,2.5,2.62,2.0,1.5,1.25,2.75,1.88,0.54,0.48,1.38,0.55,1.14,2.06,0.05,0.12,0.16,-0.68,0.7,-0.2,-0.71,0.98,0.77,0.3,1.05,0.16,0.36,1.29,-0.75,3.27,4.93,3.09,3.9,3.58,2.42,3.26,2.12,2.12,0.0,0.0,0.0,2.0,2.12,0.62,0.38,1.5,2.12,1.5,0.38,1.75,2.12,0.0,1.25,0.0,2.12,2.62,1.25,1.12,0.25,2.12,0.0
35-2012.00,"Cooks, Institution and Cafeteria",0.0862068965517241,2,466.1,2.0,69.7,21.72264355362947,False,0.9089924160346695,0.40303358613217766,0.6560130010834235,5,0,0.0,True,Nicht hoch GPT-exponiert,3.0,2.12,3.0,2.25,3.0,2.0,0.5,2.0,0.25,2.12,2.62,3.0,2.0,2.38,0.0,2.0,1.5,1.88,3.0,3.12,3.0,2.12,2.12,2.25,3.0,0.0,2.75,3.5,3.38,2.5,2.5,0.12,3.12,1.62,1.88,1.38,3.0,0.0,0.12,2.88,2.88,1.88,1.5,2.0,2.25,3.0,3.0,2.62,2.75,2.25,3.0,2.62,0.87,0.76,2.08,1.5,1.57,2.65,0.37,0.56,0.72,-0.06,1.37,0.22,0.83,0.98,0.9,0.52,1.4,0.44,0.45,1.49,-0.34,4.62,4.8,3.65,3.92,3.79,3.72,4.4,2.88,3.12,0.25,0.62,0.0,2.75,2.88,1.88,2.62,3.0,2.0,2.0,1.62,2.38,2.5,0.0,2.5,0.0,3.0,2.88,2.0,2.12,0.75,3.0,1.12
35-2013.00,"Cooks, Private Household",0.28,3,34.2,5.1,5.3,46.74972914409534,False,0.4750812567713976,0.7416034669555797,0.6083423618634887,5,3,0.6,True,Nicht hoch GPT-exponiert,3.0,1.62,3.0,2.25,3.12,2.0,0.38,2.12,1.38,2.5,2.75,3.0,2.12,3.12,0.0,1.75,1.12,2.0,3.0,3.0,2.88,2.0,2.0,2.88,3.25,0.0,2.12,3.38,3.0,3.12,2.25,0.0,3.12,1.0,1.12,1.62,3.0,0.0,0.0,2.88,3.0,2.0,0.0,1.75,2.62,2.12,3.0,3.0,2.38,2.12,3.0,2.62,0.8,1.54,2.11,0.72,1.63,2.59,1.0,0.93,1.26,1.86,1.79,1.0,0.69,1.36,0.77,1.21,1.66,1.26,0.81,1.38,0.99,3.62,3.62,4.04,3.58,2.5,3.65,4.15,2.88,3.0,0.0,0.88,0.0,1.38,3.0,2.38,2.88,2.88,2.25,2.0,2.0,2.38,2.88,0.38,1.88,0.25,3.5,3.0,2.0,2.0,0.75,3.0,1.25
35-2014.00,"Cooks, Restaurant",0.1216216216216216,2,1460.2,14.9,250.7,26.706392199349942,False,0.9848320693391116,0.9631635969664138,0.9739978331527628,5,1,0.2,True,Nicht hoch GPT-exponiert,3.0,2.25,2.88,3.0,2.75,1.25,0.75,2.0,0.88,2.62,2.75,3.0,2.38,2.38,0.0,2.0,1.12,2.12,2.38,3.0,3.25,1.88,2.0,2.75,3.38,0.0,2.12,3.0,3.12,2.62,3.0,0.12,3.0,0.75,1.88,1.5,2.88,0.12,0.5,2.5,2.75,2.0,1.25,2.0,2.25,3.0,3.0,3.0,2.38,2.5,2.75,2.25,1.25,1.29,2.02,1.29,1.63,2.41,0.18,0.61,1.26,1.15,1.21,0.43,-0.26,1.01,1.46,0.97,1.31,0.22,0.68,1.55,0.62,4.11,3.42,3.78,4.1,3.97,4.06,3.03,2.0,2.62,0.0,0.88,0.0,2.0,2.38,1.62,1.75,2.38,2.12,2.0,0.62,2.25,1.75,0.0,2.25,0.0,2.12,2.62,1.88,2.12,0.0,3.0,0.5
35-2015.00,"Cooks, Short Order",0.0,2,151.1,-5.6,20.6,3.1960996749729147,False,0.7556879739978332,0.10834236186348863,0.4320151679306609,5,0,0.0,True,Nicht hoch GPT-exponiert,2.88,2.25,2.75,2.5,2.38,0.88,0.25,2.0,0.75,2.75,2.75,2.88,1.88,1.88,0.0,1.88,1.75,2.12,2.25,3.0,3.0,1.75,2.12,2.25,3.12,0.0,1.88,3.0,2.75,1.62,2.75,0.12,2.62,1.5,1.88,1.0,2.75,0.12,0.12,2.38,2.75,2.12,1.0,2.0,2.12,2.88,3.12,2.62,2.12,1.12,2.25,1.88,0.75,1.11,1.6,0.5,1.28,2.11,0.15,0.4,0.72,-0.08,0.8,-0.02,-0.3,1.16,0.95,0.69,1.47,0.33,1.27,1.8,-0.36,3.66,4.66,4.11,3.33,4.06,3.81,3.52,2.25,3.0,0.0,0.38,0.0,2.25,2.0,1.0,1.62,2.0,2.0,1.12,0.0,1.62,2.12,0.0,1.62,0.0,2.75,2.5,1.12,1.75,0.12,3.12,1.38
35-2021.00,Food Preparation Workers,0.0462962962962962,2,902.7,-3.4,148.0,13.651137594799568,False,0.9631635969664138,0.1533044420368364,0.5582340195016251,5,0,0.0,True,Nicht hoch GPT-exponiert,2.75,2.12,2.62,2.0,2.12,1.88,0.25,2.0,1.0,2.5,2.25,2.88,1.88,1.75,0.0,1.62,1.25,1.75,2.0,2.5,2.88,1.38,1.75,1.88,3.0,0.0,1.62,3.0,2.38,1.75,1.88,0.12,2.12,0.38,0.75,0.25,2.0,0.0,0.88,2.5,2.75,1.75,0.62,2.0,2.0,1.88,3.0,1.88,1.88,1.5,2.12,1.75,0.49,0.53,1.84,1.2,1.0,2.14,0.02,0.56,0.38,-0.43,0.74,-0.36,-0.52,0.56,0.59,0.07,0.87,0.29,0.13,0.97,-0.46,4.18,4.1,2.93,4.15,3.29,3.25,3.91,2.0,2.12,0.0,0.12,0.0,2.0,2.0,0.5,0.5,1.5,1.62,0.88,0.0,1.88,1.75,0.0,1.75,0.0,2.0,2.12,1.5,1.38,0.0,2.12,1.0
35-3011.00,Bartenders,0.1388888888888889,2,756.7,5.9,129.6,29.739978331527627,False,0.9609967497291441,0.7908992416034669,0.8759479956663054,5,3,0.6,True,Nicht hoch GPT-exponiert,3.0,3.0,2.88,2.62,3.0,2.12,0.0,2.0,0.62,2.88,2.88,3.0,2.75,2.88,0.0,2.5,2.0,2.5,3.0,3.0,3.0,2.12,2.75,2.88,3.5,0.0,2.25,3.75,3.75,2.75,2.62,0.12,3.25,1.38,1.38,1.38,3.0,0.25,0.12,3.0,3.5,2.12,1.5,2.12,2.62,2.88,2.88,2.62,2.62,1.75,3.0,2.88,0.71,1.54,1.64,1.23,1.84,2.14,1.38,0.67,1.15,1.07,1.89,0.29,1.11,1.94,0.95,1.26,2.02,1.05,2.38,1.96,0.85,4.7,4.2,4.03,3.88,4.14,3.73,1.75,2.62,3.0,0.12,0.25,0.0,3.0,2.88,2.0,2.12,2.5,2.88,0.88,0.0,2.0,3.0,0.25,1.88,0.0,3.12,3.0,2.0,2.12,0.5,2.5,1.25
35-3023.00,Fast Food and Counter Workers,0.0729166666666666,2,3796.0,6.1,904.3,18.634886240520043,False,0.9994582881906826,0.8022751895991332,0.9008667388949079,5,1,0.2,True,Nicht hoch GPT-exponiert,2.12,2.0,2.0,1.88,2.0,0.5,0.0,1.75,0.12,2.0,2.5,2.0,1.88,1.88,0.0,1.38,1.0,1.0,2.0,2.0,2.12,1.62,2.0,1.25,2.88,0.0,1.88,3.0,3.0,1.75,2.0,0.38,2.38,0.38,1.12,0.62,2.0,0.0,0.75,3.0,3.0,1.75,0.38,1.88,0.88,2.0,2.38,1.75,1.12,0.62,2.0,1.88,0.38,0.64,1.26,0.04,1.84,2.06,1.17,0.78,0.4,-0.48,1.18,-0.33,-0.32,1.46,0.75,0.34,1.25,0.84,1.74,1.24,-0.5,4.89,4.36,4.39,4.09,4.36,4.1,2.4,1.62,2.75,0.0,0.0,0.0,2.0,1.88,0.5,1.12,1.75,1.62,0.62,0.0,1.62,2.0,0.12,1.0,0.0,2.75,2.0,1.62,1.62,0.25,1.88,0.5
35-3023.01,Baristas,0.1578947368421052,2,3796.0,6.1,904.3,32.71939328277356,False,0.9994582881906826,0.8022751895991332,0.9008667388949079,5,3,0.6,True,Nicht hoch GPT-exponiert,2.88,2.62,2.75,2.62,2.62,1.62,0.25,2.0,1.75,2.88,2.12,3.12,2.62,2.38,0.0,1.75,1.5,2.12,2.5,2.75,2.88,1.88,2.5,2.62,3.0,0.0,2.0,3.25,3.5,2.12,2.5,0.0,2.75,1.75,2.5,0.75,2.5,0.38,0.38,3.12,3.25,2.62,0.75,2.0,2.25,2.5,3.0,2.38,2.38,2.0,3.12,2.62,0.71,1.17,1.64,0.45,2.07,2.08,1.32,1.12,0.85,0.33,1.18,0.06,-0.19,1.74,0.77,0.69,1.5,1.21,2.2,1.24,0.18,4.67,4.28,4.05,3.67,4.0,4.11,2.14,2.25,2.75,1.62,1.12,0.0,2.5,2.25,1.12,1.12,1.88,2.5,2.25,0.25,2.38,2.5,0.0,1.88,1.5,2.88,2.62,1.38,1.25,0.5,2.38,1.62
35-3031.00,Waiters and Waitresses,0.2244897959183673,2,2329.7,-0.7,456.7,39.219934994582886,False,0.9924160346695557,0.23835319609967498,0.6153846153846154,5,3,0.6,True,Nicht hoch GPT-exponiert,2.38,2.38,2.12,1.88,2.38,0.75,0.5,2.12,0.88,2.75,2.25,2.25,2.0,2.0,0.0,2.75,1.88,2.0,2.0,2.25,2.75,1.5,2.62,2.25,3.0,0.0,1.88,3.0,3.25,1.88,2.12,0.12,3.12,0.12,0.5,0.0,2.38,0.12,0.88,3.0,3.12,2.0,0.62,2.75,2.25,2.75,3.0,2.25,1.75,0.12,2.88,2.12,0.86,1.35,1.53,0.41,2.38,2.14,1.89,1.28,1.1,0.0,1.51,0.0,0.1,2.02,1.26,1.24,1.77,1.14,2.47,1.67,0.62,4.82,4.52,3.4,3.54,3.91,3.63,2.79,2.0,2.62,0.0,0.0,0.0,1.88,2.0,0.62,0.75,1.62,2.0,0.38,0.0,1.12,2.38,0.12,1.38,0.0,3.0,2.5,1.5,1.38,0.0,2.12,0.75
35-3041.00,"Food Servers, Nonrestaurant",0.1111111111111111,2,277.2,3.0,48.0,25.568797399783318,False,0.875406283856988,0.5032502708559047,0.6893282773564464,5,3,0.6,True,Nicht hoch GPT-exponiert,2.62,2.12,2.12,2.0,2.12,1.5,0.0,1.25,0.5,2.12,2.25,2.25,2.0,1.88,0.0,2.12,1.38,2.0,2.25,2.12,2.25,1.12,1.75,2.0,3.0,0.0,1.88,3.0,3.0,1.88,2.12,0.0,2.62,1.12,1.12,0.62,2.25,0.0,0.62,3.0,3.0,1.25,0.75,2.12,2.12,2.12,2.38,1.88,2.12,0.88,2.75,2.12,0.51,0.83,2.02,0.95,2.03,2.16,1.48,0.99,0.61,-0.3,1.34,-0.32,-0.36,1.42,0.84,0.41,1.25,1.39,1.65,1.27,0.0,4.31,4.68,3.78,3.93,4.41,3.59,4.43,2.12,2.62,0.25,0.12,0.0,1.88,2.12,1.0,1.0,2.0,1.38,1.12,0.62,1.38,2.0,0.12,2.0,0.0,2.12,2.62,1.25,1.12,0.75,2.12,1.12
35-9011.00,Dining Room and Cafeteria Attendants and Bartender Helpers,0.0,2,527.4,6.3,99.6,3.1960996749729147,False,0.9371614301191766,0.8158179848320694,0.876489707475623,5,0,0.0,True,Nicht hoch GPT-exponiert,2.75,2.0,2.25,1.88,2.12,1.62,0.88,2.12,0.75,3.0,2.88,2.75,1.75,2.12,0.0,2.12,1.88,2.0,2.12,2.25,3.0,1.25,1.5,2.88,3.0,0.0,1.25,2.75,2.5,1.75,1.88,0.12,2.12,0.12,0.5,0.75,2.12,0.0,0.5,2.25,2.88,1.38,1.5,2.88,3.0,2.0,3.0,1.88,2.0,1.5,2.0,1.25,0.29,0.62,1.3,0.17,2.14,2.06,0.6,0.84,0.36,-0.35,0.62,-0.33,-0.56,1.36,0.39,0.15,1.08,0.7,1.47,1.02,-0.48,4.76,4.46,3.12,3.88,4.42,4.15,2.87,2.0,2.88,0.0,0.0,0.0,1.88,2.12,1.38,1.12,2.12,1.75,0.88,0.25,1.5,1.88,0.12,1.5,0.0,2.12,2.0,1.12,1.12,0.12,2.12,1.12
35-9021.00,Dishwashers,0.0,2,477.7,0.2,76.8,3.1960996749729147,False,0.9252437703141928,0.2768147345612134,0.6010292524377031,5,0,0.0,True,Nicht hoch GPT-exponiert,3.0,2.0,2.12,2.0,2.0,1.38,0.12,1.88,0.88,3.12,2.0,2.12,2.0,1.75,0.62,2.0,1.75,1.5,2.0,2.12,3.5,0.62,1.12,2.75,2.25,0.38,0.75,2.12,2.0,1.75,2.0,0.62,2.0,2.0,2.0,1.5,2.0,0.5,0.75,2.0,2.0,1.25,1.75,2.12,2.75,1.88,3.0,1.75,1.75,0.88,2.0,1.5,0.29,-0.06,1.34,0.15,0.95,2.06,-0.1,0.32,0.01,-0.59,0.17,-0.5,-0.68,0.45,0.75,-0.02,0.55,0.1,-0.25,0.8,-0.52,3.85,4.39,2.69,3.24,3.38,3.38,3.35,1.75,2.0,2.0,1.0,0.0,1.0,2.0,0.5,0.5,1.5,1.5,2.0,0.0,2.0,1.62,0.0,2.0,1.75,2.0,2.0,0.88,0.88,0.0,2.0,2.0
35-9031.00,"Hosts and Hostesses, Restaurant, Lounge, and Coffee Shop",0.3285714285714285,2,429.9,-1.5,107.7,52.97941495124594,False,0.9458288190682557,0.2134344528710726,0.5796316359696642,5,4,0.8,True,Nicht hoch GPT-exponiert,2.0,2.0,2.62,1.62,2.75,0.88,0.0,0.88,0.25,1.75,2.88,2.0,2.38,1.88,0.0,1.75,0.88,1.12,2.75,2.75,2.0,1.88,2.12,1.88,3.0,0.0,2.12,3.0,3.0,1.75,2.12,0.25,2.88,0.12,0.12,0.12,2.62,0.0,0.5,3.0,3.12,2.12,0.5,2.0,1.88,2.5,3.0,1.62,1.88,0.12,2.88,2.0,0.62,1.14,1.4,0.24,2.51,2.06,1.83,1.12,0.97,-0.47,1.06,-0.32,0.25,2.14,0.55,1.18,1.63,1.55,2.45,1.27,0.41,4.81,4.72,4.16,3.84,4.21,4.2,2.18,1.62,2.88,0.0,0.0,0.0,2.0,2.0,0.12,0.12,2.0,2.5,0.25,0.0,0.75,2.62,0.0,1.0,0.0,3.0,2.88,1.75,1.38,0.0,2.12,0.25
37-1011.00,First-Line Supervisors of Housekeeping and Janitorial Workers,0.2551020408163265,2,269.8,2.5,33.0,43.770314192849405,False,0.8342361863488624,0.46208017334777896,0.6481581798483207,5,0,0.0,True,Nicht hoch GPT-exponiert,2.25,1.25,3.0,2.25,3.0,1.88,0.12,2.12,0.62,2.25,3.0,2.12,2.25,2.62,0.38,2.0,1.62,1.5,3.0,3.0,2.12,2.0,2.0,2.0,3.12,0.62,2.62,3.75,3.75,2.25,2.12,0.62,3.0,1.5,1.12,1.5,2.25,0.38,1.12,3.12,3.12,2.12,1.5,2.25,2.25,2.12,2.88,2.12,2.12,1.38,3.0,3.0,1.3,1.11,2.0,1.38,1.88,2.62,1.25,1.19,1.5,0.51,1.76,0.37,2.46,1.36,1.49,1.26,1.7,1.05,1.65,1.58,0.39,4.45,4.81,3.63,4.01,3.07,3.33,4.36,2.88,3.5,1.75,1.12,0.0,3.12,2.88,2.5,3.0,3.88,3.0,1.75,1.5,2.0,3.12,0.0,2.62,1.38,3.12,3.38,2.12,2.38,0.38,3.75,1.88
37-1012.00,"First-Line Supervisors of Landscaping, Lawn Service, and Groundskeeping Workers",0.2454545454545454,3,224.7,2.3,23.2,42.25352112676056,False,0.776273022751896,0.4409534127843987,0.6086132177681474,5,0,0.0,True,Nicht hoch GPT-exponiert,3.0,2.75,3.0,3.12,3.12,2.75,0.62,2.0,1.25,2.62,3.12,3.0,3.12,3.0,1.88,2.12,1.88,2.12,3.12,3.12,3.0,2.5,2.25,3.0,3.25,1.12,2.5,4.0,4.0,3.0,3.12,1.25,3.12,2.25,2.75,2.12,3.12,1.38,1.88,3.0,3.0,2.12,0.75,2.12,3.0,2.88,2.88,2.88,3.25,1.38,3.62,3.12,1.69,1.38,1.86,1.2,1.88,2.56,0.86,0.7,1.53,0.92,1.66,0.65,2.68,1.13,1.74,1.66,1.7,0.9,1.65,1.49,0.72,4.57,4.78,4.11,4.01,3.52,2.76,4.29,3.0,3.75,2.12,1.62,0.38,3.0,3.0,2.25,2.88,3.88,3.0,2.88,2.12,3.0,3.0,0.75,2.88,1.88,3.12,3.62,2.88,2.88,1.0,3.88,2.12
37-2011.00,"Janitors and Cleaners, Except Maids and Housekeeping Cleaners",0.0277777777777777,3,2447.7,2.0,351.3,9.100758396533044,False,0.9891657638136512,0.40303358613217766,0.6960996749729145,5,0,0.0,True,Nicht hoch GPT-exponiert,2.75,1.88,2.62,2.12,2.62,2.0,0.25,2.0,0.88,3.0,2.75,2.5,2.12,1.88,0.62,2.38,2.12,1.88,2.5,2.75,2.38,0.88,1.5,2.62,3.12,0.0,0.75,2.88,2.88,1.88,2.0,0.0,2.75,1.12,1.12,0.88,2.12,0.0,0.25,2.25,2.25,1.38,0.88,2.38,3.0,2.0,3.0,2.25,2.12,1.0,2.38,2.0,0.6,0.11,1.38,1.09,0.85,2.14,0.07,0.34,0.51,-0.45,0.96,-0.33,-0.47,0.59,0.55,0.12,0.37,0.36,-0.46,0.6,-0.44,3.71,4.4,4.43,3.23,3.0,3.29,2.96,2.12,2.25,2.0,1.5,0.0,1.38,2.12,0.5,0.62,1.75,1.88,1.5,0.12,2.0,2.0,0.25,1.5,1.62,2.25,2.12,1.38,1.25,0.25,2.12,2.12
37-2012.00,Maids and Housekeeping Cleaners,0.0588235294117647,2,1356.8,0.4,193.5,15.492957746478872,False,0.980498374864572,0.28602383531960995,0.633261105092091,5,2,0.4,True,Nicht hoch GPT-exponiert,2.12,1.38,2.0,1.88,2.12,1.12,0.62,2.25,0.38,3.12,2.88,2.12,2.0,1.88,0.0,2.38,1.38,1.12,2.12,2.12,2.12,1.0,1.25,1.88,3.0,0.0,1.25,2.88,3.0,1.88,2.0,0.0,2.12,0.5,0.38,0.62,2.12,0.0,0.0,2.12,2.5,1.25,1.25,2.88,2.12,2.0,3.25,1.88,1.88,0.88,2.5,2.0,0.41,0.11,1.74,0.24,1.17,2.14,0.37,0.87,0.35,-0.3,1.18,-0.47,-0.7,0.79,0.73,0.07,0.31,0.23,0.2,0.44,-0.67,3.76,4.41,3.21,3.63,3.01,4.77,3.9,2.12,2.62,0.0,0.25,0.0,2.12,2.12,0.62,0.88,2.0,2.12,0.62,0.25,1.38,2.12,0.0,1.75,0.0,2.62,2.12,1.0,1.0,0.0,2.25,0.88
37-2021.00,Pest Control Workers,0.2291666666666666,2,102.4,4.9,13.4,39.76164680390033,False,0.6700975081256771,0.723726977248104,0.6969122426868906,5,3,0.6,True,Nicht hoch GPT-exponiert,2.88,2.25,3.0,3.0,3.0,2.62,0.25,2.0,1.0,3.25,3.12,2.75,3.25,2.75,2.0,2.38,2.25,2.5,3.0,3.0,2.88,2.25,2.12,2.75,3.25,2.0,2.88,3.62,3.62,2.75,3.0,2.0,3.0,2.12,2.25,2.5,2.88,1.88,2.25,3.12,3.38,2.38,1.75,2.25,2.5,2.88,3.0,2.75,2.88,1.88,3.0,3.0,0.95,0.46,2.11,2.06,0.92,2.14,0.15,-0.08,0.76,-0.02,1.54,0.43,0.21,0.59,1.52,0.32,1.19,0.57,0.59,1.19,0.37,4.38,4.7,4.48,4.11,2.88,3.72,4.14,3.0,3.0,1.88,1.88,0.0,2.88,2.88,2.0,2.0,2.88,2.88,2.62,1.25,2.75,3.0,0.0,2.38,1.88,3.0,2.88,2.62,2.0,0.62,3.0,2.0
37-3011.00,Landscaping and Groundskeeping Workers,0.024390243902439,2,1192.5,3.6,158.2,8.125677139761647,False,0.9653304442036836,0.5828819068255688,0.7741061755146262,5,0,0.0,True,Nicht hoch GPT-exponiert,2.75,2.25,2.38,3.5,2.38,2.5,1.12,2.38,1.5,3.12,2.62,2.5,1.88,1.88,1.75,2.62,2.12,2.0,2.5,2.62,3.12,0.5,1.25,3.62,2.88,1.12,1.0,3.0,2.75,1.88,1.88,1.62,2.88,2.12,2.5,2.12,2.88,0.88,1.62,2.0,2.0,1.25,1.75,2.5,3.75,1.88,3.5,2.25,2.75,0.88,2.0,1.38,0.65,0.57,1.3,1.11,0.78,2.06,-0.1,-0.14,0.65,0.19,0.82,-0.03,-0.3,0.36,1.15,0.43,0.53,0.16,-0.12,0.7,-0.44,3.19,3.98,2.53,3.19,4.03,3.18,3.28,2.12,2.38,1.88,1.75,0.25,1.75,2.25,0.12,0.5,1.75,1.38,2.62,0.25,2.25,1.62,0.0,2.0,2.0,2.12,2.0,1.62,1.62,0.62,2.0,2.0
37-3012.00,"Pesticide Handlers, Sprayers, and Applicators, Vegetation",0.0555555555555555,2,29.6,3.8,4.1,14.680390032502707,False,0.4219934994582882,0.6115926327193932,0.5167930660888407,5,2,0.4,True,Nicht hoch GPT-exponiert,2.62,2.0,3.0,3.0,3.0,2.88,0.25,2.12,0.88,2.38,2.62,3.0,2.5,2.25,1.38,2.12,1.62,2.0,2.88,3.0,3.0,2.0,1.75,3.0,3.25,1.38,2.62,3.25,3.0,2.12,2.25,1.25,2.88,2.5,2.5,2.0,2.62,1.25,1.62,2.88,2.5,2.38,1.75,2.12,3.0,2.25,2.75,2.38,2.38,1.62,3.0,2.62,1.03,0.86,2.22,2.58,0.49,2.33,-0.18,-0.14,0.61,0.49,1.73,0.62,-0.19,0.13,1.18,0.64,0.9,0.36,-0.39,1.24,-0.19,3.62,4.23,4.28,4.21,2.14,3.42,4.17,2.88,2.75,2.25,1.88,0.0,2.12,2.88,1.12,1.25,2.25,1.75,3.0,0.38,2.88,2.38,0.0,2.25,1.88,2.25,2.5,2.0,2.0,0.38,2.88,2.12
37-3013.00,Tree Trimmers and Pruners,0.0609756097560975,2,60.1,3.3,7.4,16.034669555796317,False,0.5411700975081257,0.5444203683640303,0.542795232936078,5,0,0.0,True,Nicht hoch GPT-exponiert,3.25,3.25,2.88,4.0,3.0,3.5,1.12,3.38,0.88,4.0,3.12,3.0,2.75,2.25,2.12,2.88,3.12,2.62,3.0,3.0,3.75,1.0,1.75,3.75,3.25,1.38,0.88,3.38,3.12,2.25,2.38,2.12,3.25,3.12,4.0,2.88,3.12,1.88,2.5,2.75,2.75,2.0,2.75,3.12,3.88,2.88,3.88,2.38,3.12,2.38,2.62,2.5,1.12,1.0,1.49,2.5,1.23,2.47,-0.06,-0.12,0.97,0.22,1.03,0.37,0.95,0.52,2.01,1.32,1.31,0.33,0.07,1.83,0.29,4.22,4.72,4.39,3.82,3.36,3.53,3.71,2.75,3.12,2.38,2.12,0.38,3.0,2.5,1.0,1.0,2.62,2.0,3.12,0.38,3.0,2.12,0.0,2.62,2.0,2.5,2.5,2.0,1.62,0.62,3.0,2.25
39-1013.00,First-Line Supervisors of Gambling Services Workers,0.3365384615384615,2,32.5,2.0,3.3,54.062838569880824,False,0.37486457204767065,0.40303358613217766,0.38894907908992415,5,0,0.0,True,Nicht hoch GPT-exponiert,2.12,2.88,2.5,2.12,3.38,0.75,0.5,1.62,2.0,1.75,3.25,2.5,3.0,2.25,1.75,1.62,1.62,1.88,3.5,3.25,2.25,2.25,3.12,1.88,3.5,1.25,2.62,3.75,4.0,2.62,2.75,1.0,3.75,0.88,1.12,0.88,3.38,1.12,0.88,3.25,3.62,2.88,0.75,2.0,1.75,3.12,2.75,2.0,2.12,1.75,3.62,3.38,1.3,1.61,2.19,2.06,1.88,2.59,1.07,0.32,1.26,-0.35,2.47,0.41,2.43,1.26,1.58,1.76,2.14,0.84,2.13,2.1,1.12,4.85,4.42,3.69,4.54,4.46,3.14,4.0,3.0,3.12,1.25,1.12,0.38,3.38,3.0,1.25,1.12,3.5,3.12,1.38,0.88,2.0,3.12,1.25,1.5,1.12,3.5,3.5,2.62,2.88,0.75,3.38,1.25
39-1022.00,First-Line Supervisors of Personal Service Workers,0.3620689655172414,3,149.1,6.7,16.3,58.234019501625134,False,0.7193932827735645,0.8374864572047671,0.7784398699891658,5,2,0.4,True,Nicht hoch GPT-exponiert,2.0,2.0,3.0,0.5,3.5,0.75,0.0,1.38,0.5,2.0,2.88,1.75,2.5,3.0,0.0,1.0,0.88,2.0,3.12,3.0,1.75,2.0,2.0,1.25,3.12,0.0,2.0,3.88,3.88,3.0,2.62,0.0,3.75,0.0,0.0,0.12,2.88,0.0,0.0,3.38,3.75,2.0,0.0,2.0,1.62,2.88,2.5,1.75,2.12,1.0,3.62,3.5,1.7,1.58,1.75,1.17,2.22,2.47,1.77,1.12,1.53,0.65,1.96,0.51,2.58,1.78,1.7,1.66,1.95,1.44,2.24,1.73,1.1,5.0,4.53,4.57,4.73,3.96,2.88,4.4,3.0,3.62,0.0,0.0,0.0,3.0,3.0,1.88,2.0,3.88,3.0,1.0,1.25,2.12,3.0,0.25,2.5,0.0,3.0,3.88,2.88,2.88,0.62,3.75,1.0
39-2011.00,Animal Trainers,0.1379310344827586,2,47.3,5.1,7.1,29.360780065005414,False,0.5346695557963164,0.7416034669555797,0.6381365113759481,5,0,0.0,True,Nicht hoch GPT-exponiert,2.75,2.38,2.88,2.75,3.5,2.38,0.25,2.75,0.5,3.12,3.12,2.75,2.75,3.12,1.38,2.88,1.88,2.25,3.25,3.0,2.88,1.75,2.25,3.0,3.12,1.5,1.88,3.88,4.0,3.25,2.38,1.88,4.0,1.75,2.38,2.5,2.88,1.75,1.88,3.0,2.88,2.5,2.25,2.75,3.0,2.88,3.0,2.12,2.5,1.62,3.0,2.88,1.55,1.58,1.94,1.26,1.84,2.5,1.71,1.06,1.44,0.99,1.54,0.84,0.9,1.67,2.19,1.47,1.95,1.55,1.18,1.58,1.33,4.23,4.52,4.78,3.45,3.48,3.4,2.89,2.75,3.0,0.0,0.12,0.0,3.12,2.88,1.5,1.75,2.5,2.25,1.75,1.0,1.5,2.88,0.12,2.12,0.0,3.0,3.0,2.62,2.62,0.75,2.75,1.25
39-2021.00,Animal Caretakers,0.1818181818181818,2,392.1,12.1,74.6,35.6988082340195,False,0.9203683640303358,0.9452871072589383,0.9328277356446371,5,0,0.0,True,Nicht hoch GPT-exponiert,2.75,2.12,2.62,1.88,3.0,1.5,0.38,2.12,0.62,3.0,2.62,2.38,2.12,1.75,0.0,2.0,1.25,1.62,2.88,2.75,2.25,1.5,2.0,2.12,3.0,0.0,1.75,3.25,3.25,1.88,2.12,0.12,3.25,0.0,0.62,0.75,2.38,0.75,0.5,2.88,3.0,2.0,1.38,2.25,3.12,2.12,3.0,2.0,2.0,0.5,2.75,2.25,0.75,0.55,1.94,1.53,1.99,2.27,1.07,1.12,1.07,-0.1,1.7,0.43,0.06,1.71,1.61,0.89,1.53,1.72,1.02,1.27,0.6,4.76,4.88,3.64,3.53,3.65,3.1,3.32,2.25,2.5,0.5,0.62,0.12,2.0,2.12,0.75,0.88,1.75,1.62,0.75,0.0,1.38,1.75,0.25,1.5,0.25,2.88,2.25,1.75,1.62,0.62,2.0,1.25
39-3011.00,Gambling Dealers,0.1486486486486486,2,88.7,-0.6,14.1,31.74431202600217,False,0.6863488624052004,0.24485373781148428,0.46560130010834233,5,0,0.0,True,Nicht hoch GPT-exponiert,2.5,2.25,2.75,1.75,3.0,0.88,0.38,1.12,0.12,2.0,2.75,2.88,2.75,1.88,0.0,0.88,0.75,1.75,2.88,3.12,2.75,2.0,2.25,2.0,3.25,0.0,2.75,3.75,3.75,1.75,2.88,0.38,3.12,0.0,0.25,0.5,3.0,0.12,0.12,3.0,3.0,2.75,0.12,1.62,1.25,2.62,2.25,2.12,2.12,1.25,2.88,1.88,0.32,0.69,2.37,0.87,1.57,2.3,0.75,0.42,-0.26,-0.69,2.32,-0.29,-0.47,1.39,0.29,1.32,1.98,0.23,2.2,1.8,-0.44,4.62,4.53,2.38,4.65,4.51,4.14,2.32,2.0,2.75,0.12,0.0,0.0,2.62,2.38,0.5,0.25,1.75,2.25,0.25,0.0,0.88,2.38,0.0,1.0,0.0,2.88,2.75,0.88,1.12,0.12,2.5,0.38
39-3012.00,Gambling and Sports Book Writers and Runners,0.2307692307692307,2,8.2,-6.1,1.2,40.140845070422536,False,0.17876489707475623,0.09913326110509209,0.13894907908992415,5,0,0.0,True,Nicht hoch GPT-exponiert,2.0,2.12,2.75,1.75,3.12,1.12,0.12,0.38,0.0,0.5,3.0,2.38,2.38,2.12,0.0,0.75,0.0,1.75,2.75,3.12,2.12,2.38,2.25,1.25,3.5,0.0,2.62,3.88,3.88,1.75,2.75,0.38,2.88,1.12,1.25,0.38,3.0,0.0,0.12,3.12,2.88,2.12,1.12,1.12,0.5,2.75,2.12,2.0,2.12,0.5,3.12,2.75,0.22,0.5,2.25,1.23,1.23,2.15,0.18,0.12,-0.19,-0.68,2.21,-0.19,-0.63,0.74,0.31,0.71,1.37,0.33,1.36,1.4,-0.21,4.62,4.21,3.06,4.34,4.4,4.04,2.71,2.25,3.0,0.0,0.0,0.0,2.25,2.5,1.12,0.88,2.62,2.0,0.75,0.12,1.75,2.5,0.38,1.62,0.0,2.62,2.88,1.75,1.0,0.0,2.12,0.75
39-3021.00,Motion Picture Projectionists,0.0757575757575757,2,2.0,-3.7,0.5,19.555796316359697,False,0.06988082340195016,0.14680390032502708,0.10834236186348861,5,0,0.0,True,Nicht hoch GPT-exponiert,2.88,2.62,2.88,3.0,2.75,2.0,0.0,1.0,0.38,1.75,4.0,2.88,2.75,1.88,1.38,1.12,0.5,2.75,2.88,3.0,2.88,0.38,1.38,2.5,3.88,1.5,1.0,3.5,3.12,2.0,2.88,0.62,2.88,2.38,2.88,1.38,3.0,1.0,0.75,3.0,3.0,1.88,0.5,1.0,2.0,2.12,2.0,3.25,2.88,1.25,3.0,2.5,0.71,0.11,2.37,1.69,0.09,2.41,-0.17,-0.28,0.2,-0.48,0.7,0.29,-0.56,-0.14,0.6,0.39,0.63,0.04,-0.37,0.74,-0.38,3.52,4.33,3.98,4.3,2.36,2.57,3.56,2.25,2.62,2.62,2.0,0.5,1.88,2.25,0.0,0.5,1.62,2.0,2.75,1.62,3.0,2.0,0.62,2.62,2.25,2.5,2.25,1.25,1.12,0.25,2.62,2.75
39-3031.00,"Ushers, Lobby Attendants, and Ticket Takers",0.1999999999999999,2,121.7,1.2,30.8,37.1614301191766,False,0.819068255687974,0.33098591549295775,0.5750270855904659,5,0,0.0,True,Nicht hoch GPT-exponiert,2.0,2.12,2.12,1.75,2.38,1.38,0.0,1.25,0.62,1.38,2.62,1.88,2.12,2.0,0.0,1.38,1.38,2.0,2.25,2.25,1.88,1.25,1.75,1.5,3.0,0.5,1.75,2.88,3.0,2.0,2.12,0.25,2.88,0.75,0.75,0.62,2.12,0.0,0.75,2.88,3.0,2.0,0.5,1.38,1.62,2.0,2.38,2.0,1.88,0.88,2.5,2.12,0.26,0.71,1.26,0.64,2.43,2.06,1.74,1.15,0.59,-0.5,1.26,-0.33,0.16,1.94,0.34,0.64,1.5,1.39,2.15,0.97,0.39,4.86,4.69,3.68,3.74,4.26,3.31,2.46,2.12,2.38,0.0,0.0,0.0,1.12,2.12,0.0,0.0,2.0,2.25,0.62,0.38,1.75,2.5,0.38,1.62,0.0,3.0,3.0,1.38,1.38,0.0,2.0,0.88
39-3091.00,Amusement and Recreation Attendants,0.3653846153846154,2,392.3,3.4,102.4,58.72156013001083,False,0.9382448537378115,0.5579631635969664,0.7481040086673889,5,3,0.6,True,Nicht hoch GPT-exponiert,2.25,1.88,2.0,2.0,2.5,1.5,0.0,1.12,1.38,2.0,2.25,2.0,2.12,2.0,0.62,1.5,1.38,1.5,2.12,2.38,2.0,1.38,2.0,2.0,3.0,0.0,1.5,3.0,3.62,2.0,2.12,0.12,3.0,0.88,1.0,1.5,2.25,0.12,0.5,3.0,3.0,2.12,0.38,1.75,2.0,2.12,2.12,1.25,2.0,1.25,2.75,2.0,0.29,0.06,1.36,1.2,1.81,2.11,0.82,0.72,0.23,-0.95,1.31,-0.4,0.38,1.67,0.35,0.71,1.31,0.84,1.11,0.97,-0.17,4.94,4.99,3.47,2.89,3.86,3.39,1.98,2.12,2.62,0.88,0.12,0.0,2.0,2.12,0.0,0.5,2.0,2.12,2.0,0.25,2.25,2.5,0.25,1.38,0.88,2.75,2.38,1.12,1.12,0.62,2.12,1.38
39-3092.00,Costume Attendants,0.2361111111111111,2,6.7,5.9,1.8,41.386782231852656,False,0.24647887323943662,0.7908992416034669,0.5186890574214518,5,0,0.0,True,Nicht hoch GPT-exponiert,3.0,1.5,3.0,2.62,2.88,1.62,0.0,1.62,0.88,1.88,2.62,3.0,2.5,3.12,0.62,1.38,1.12,1.62,2.88,3.0,2.88,1.0,1.0,2.25,3.25,0.0,1.25,3.88,3.12,3.12,2.25,0.0,3.0,0.62,1.12,0.5,2.75,0.0,0.0,2.88,2.5,1.62,0.38,1.5,2.12,1.38,2.0,3.0,2.75,1.25,2.88,2.88,0.99,1.61,2.44,0.9,2.1,2.36,1.05,0.72,1.1,1.15,0.76,0.79,0.21,1.01,1.18,0.67,1.05,0.84,1.79,1.43,0.81,4.47,4.73,4.2,4.08,4.05,3.67,4.21,2.38,3.12,0.0,0.12,0.0,2.0,2.38,1.38,1.38,2.12,2.38,1.25,2.12,1.25,2.38,0.0,1.5,0.0,2.75,3.0,1.62,1.75,0.62,2.25,0.75
39-3093.00,"Locker Room, Coatroom, and Dressing Room Attendants",0.1451612903225806,2,15.6,6.4,4.2,31.094257854821233,False,0.42903575297941493,0.8223185265438786,0.6256771397616467,5,0,0.0,True,Nicht hoch GPT-exponiert,1.62,0.5,2.25,1.38,2.62,0.0,0.0,0.62,0.0,2.88,2.0,1.38,1.0,1.62,0.0,1.25,1.0,0.25,2.38,2.62,1.5,0.25,1.0,1.12,3.0,0.0,0.38,3.0,3.25,0.88,0.88,0.0,2.88,0.0,0.0,0.0,2.12,0.0,0.12,2.75,3.0,0.88,0.5,1.75,1.25,1.62,2.38,1.12,0.5,0.0,2.88,2.25,0.22,0.21,1.4,0.52,1.7,2.01,0.91,0.87,0.19,-0.28,1.48,-0.35,-0.47,1.36,0.2,0.15,1.08,0.96,1.02,0.48,-0.36,4.73,4.43,3.87,3.22,3.56,3.38,3.24,2.0,2.38,0.0,0.25,0.0,1.62,2.25,0.0,0.5,1.38,2.0,0.5,0.25,0.62,2.25,0.0,0.25,0.0,2.62,2.62,0.0,0.38,0.0,2.12,0.0
39-4011.00,Embalmers,0.04,3,3.6,1.3,0.6,11.863488624052005,False,0.08559046587215602,0.3418201516793066,0.21370530877573132,5,0,0.0,True,Nicht hoch GPT-exponiert,4.0,1.5,2.75,3.0,3.12,2.0,0.0,1.25,0.62,2.0,2.88,3.12,2.75,2.88,1.12,1.75,1.5,1.5,3.0,3.25,3.12,1.5,1.62,2.75,4.0,1.12,1.62,4.0,3.88,2.75,2.25,1.12,3.25,1.12,1.25,1.25,2.25,1.12,1.5,3.12,3.25,1.38,0.75,1.88,3.0,2.12,3.0,3.5,3.0,1.75,3.25,3.0,0.91,0.57,2.77,1.47,1.47,2.59,1.4,1.12,0.72,-0.22,2.1,0.29,0.59,0.69,1.4,0.03,2.02,1.63,0.31,2.06,-0.3,4.56,4.97,4.49,4.57,4.25,2.59,4.74,3.0,3.0,1.0,1.0,0.0,2.62,3.0,1.12,1.25,2.75,2.62,2.25,1.88,2.12,2.12,0.25,1.88,1.0,3.0,3.88,2.12,2.12,1.0,3.12,1.62
39-4021.00,Funeral Attendants,0.2333333333333333,2,32.5,3.1,5.7,41.11592632719393,False,0.5,0.5216684723726978,0.5108342361863489,5,1,0.2,True,Nicht hoch GPT-exponiert,2.25,1.12,2.12,2.12,2.88,2.0,0.12,1.38,0.62,1.5,2.62,1.75,1.12,1.88,1.0,1.62,0.75,1.38,2.5,2.62,2.0,0.88,1.75,2.12,3.0,0.75,1.12,3.62,3.62,1.62,1.25,1.0,3.0,0.88,1.0,1.25,2.0,0.5,1.62,3.0,3.12,1.0,0.38,1.5,2.62,2.12,2.38,1.75,2.12,0.5,3.0,2.75,0.56,0.94,2.08,1.41,2.43,2.65,2.64,1.82,0.85,-0.56,2.13,-0.06,0.5,0.87,1.02,0.94,2.22,2.38,1.47,2.06,0.72,4.21,4.53,3.6,4.05,3.25,2.06,3.66,2.0,3.0,1.0,0.5,0.0,1.5,2.38,0.62,0.62,1.12,1.5,1.88,0.62,1.75,2.0,0.25,1.5,0.25,3.12,3.25,1.62,0.88,0.25,2.38,1.12
39-4031.00,"Morticians, Undertakers, and Funeral Arrangers",0.0930232558139534,3,27.5,3.1,3.2,22.968580715059588,False,0.36836403033586135,0.5216684723726978,0.4450162513542796,5,1,0.2,True,Nicht hoch GPT-exponiert,3.0,2.12,3.12,2.88,3.5,2.12,0.12,1.38,0.88,2.12,3.0,2.38,2.75,3.0,1.12,1.75,1.12,2.0,3.0,3.12,2.75,2.75,2.38,2.88,3.62,1.0,2.88,3.88,4.0,3.0,2.25,1.0,3.5,1.62,1.75,2.0,3.0,1.0,2.0,3.75,3.75,2.38,0.62,1.62,2.75,3.0,2.38,2.25,2.88,2.0,3.75,3.75,1.16,1.35,2.67,2.03,2.3,2.65,2.61,1.78,1.47,0.15,2.51,0.51,1.81,0.76,1.67,1.5,2.5,2.31,2.24,2.24,0.97,4.73,4.78,4.24,4.54,3.76,2.02,3.74,3.12,4.0,0.0,0.38,0.0,3.0,3.0,2.62,2.5,3.5,3.5,2.62,2.38,2.75,3.5,0.38,2.5,0.0,4.0,4.38,3.0,3.25,0.75,3.5,0.75
39-5011.00,Barbers,0.0735294117647058,3,76.0,4.1,8.4,18.905742145178763,False,0.5644637053087758,0.6392199349945829,0.6018418201516793,5,0,0.0,True,Nicht hoch GPT-exponiert,3.5,1.62,2.12,3.0,2.88,1.25,0.12,2.0,0.25,1.38,1.5,3.12,2.0,2.25,0.0,0.62,0.75,0.88,2.88,2.38,3.0,0.88,1.5,2.38,3.25,0.0,1.25,3.38,3.38,2.62,1.38,0.0,2.88,0.38,0.5,0.25,3.0,0.0,0.0,2.62,3.12,1.62,0.0,1.12,1.0,2.25,2.88,2.38,3.0,2.0,2.88,2.0,0.78,0.89,1.86,1.0,1.88,2.03,1.43,0.99,0.8,0.97,0.96,0.62,0.61,1.53,0.62,1.13,1.31,1.39,2.26,0.82,-0.07,4.81,4.29,4.79,4.37,4.79,4.38,2.39,2.12,2.38,1.0,1.25,0.0,0.75,2.12,1.12,1.12,1.75,1.5,1.5,1.25,1.5,2.0,0.0,1.62,0.88,3.0,2.88,0.88,0.75,0.5,2.75,1.12
39-5012.00,"Hairdressers, Hairstylists, and Cosmetologists",0.0526315789473684,3,575.2,5.6,75.8,14.355362946912242,False,0.9230769230769231,0.7697724810400867,0.846424702058505,5,0,0.0,True,Nicht hoch GPT-exponiert,3.75,2.0,3.0,3.0,3.12,1.88,0.12,1.88,0.75,2.75,2.62,3.75,2.88,3.12,0.0,1.25,1.0,1.88,3.0,3.0,3.75,1.88,2.12,2.75,4.0,0.0,2.0,3.25,3.38,3.12,2.5,0.0,3.12,0.0,0.0,0.0,2.88,0.0,0.0,3.0,3.25,2.12,0.0,1.5,1.88,3.0,3.0,3.0,3.62,1.88,3.0,2.12,1.12,1.19,2.05,1.0,2.07,2.14,1.92,0.81,1.29,1.47,0.91,0.69,0.57,1.98,0.79,1.32,1.47,1.49,2.4,1.07,0.81,4.82,4.83,4.76,4.27,4.69,4.71,3.41,2.88,2.5,0.38,1.12,0.0,3.0,2.5,0.75,1.12,2.25,2.38,0.5,1.88,1.62,2.75,0.38,1.0,0.0,3.25,3.12,2.12,2.25,1.0,2.62,0.62
39-5091.00,"Makeup Artists, Theatrical and Performance",0.2439024390243902,3,7.0,8.1,1.1,41.9284940411701,False,0.1635969664138678,0.8672806067172264,0.5154387865655471,5,3,0.6,True,Nicht hoch GPT-exponiert,4.0,2.12,3.62,2.25,3.38,1.75,0.5,1.75,0.5,2.38,3.25,3.5,2.75,3.62,1.25,1.12,0.88,1.5,3.0,3.0,3.5,2.0,2.25,2.5,4.12,0.0,2.25,4.0,3.88,3.62,2.62,0.0,3.25,0.0,0.0,0.0,3.25,0.0,0.0,2.75,3.12,2.5,0.75,1.5,1.75,2.12,2.62,4.75,4.0,1.5,3.0,3.0,1.71,1.86,2.7,0.95,1.84,2.2,1.02,0.08,1.29,2.33,0.68,1.35,0.83,1.36,1.4,1.7,1.31,0.8,1.97,1.46,1.14,4.62,4.86,4.15,3.9,4.95,3.76,4.5,2.62,3.0,0.0,1.25,0.0,2.75,3.0,3.0,2.75,2.12,2.25,0.12,2.38,1.25,2.75,0.38,2.38,0.0,3.0,3.0,2.12,2.12,1.0,2.75,0.62
39-5092.00,Manicurists and Pedicurists,0.0555555555555555,2,210.1,7.0,24.8,14.680390032502707,False,0.7925243770314193,0.8450704225352113,0.8187973997833153,5,0,0.0,True,Nicht hoch GPT-exponiert,3.12,1.75,2.5,2.25,2.38,1.25,0.0,0.88,0.0,0.0,2.12,3.0,2.0,2.0,0.0,0.0,0.0,1.75,2.25,2.12,2.38,0.38,0.88,1.5,3.12,0.0,1.12,2.75,2.75,2.12,2.0,0.0,2.5,0.25,0.25,0.25,2.25,0.0,0.0,2.75,3.0,1.75,0.0,0.12,0.5,2.0,0.88,2.25,2.0,0.62,2.25,1.75,0.7,0.66,2.22,1.03,1.88,2.03,1.71,0.78,0.35,0.67,0.87,-0.07,-0.38,1.63,0.68,0.94,1.31,1.14,2.06,0.76,-0.59,4.5,3.84,3.9,3.78,4.58,4.54,2.23,2.0,2.25,0.0,0.62,0.0,2.0,2.12,0.38,0.5,1.88,2.12,0.12,0.5,0.88,2.12,0.0,1.38,0.0,2.62,2.62,1.75,1.75,0.88,2.12,0.38
39-5093.00,Shampooers,0.0714285714285714,2,18.5,5.5,2.7,18.201516793066087,False,0.33098591549295775,0.7643553629469122,0.547670639219935,5,0,0.0,True,Nicht hoch GPT-exponiert,2.75,1.25,2.25,2.12,2.38,0.75,0.38,2.0,0.0,2.38,1.75,2.75,1.75,1.75,0.0,1.0,0.38,1.25,2.38,2.0,2.88,0.75,1.38,1.75,2.88,0.0,0.88,2.62,2.88,1.62,1.62,0.0,2.25,0.0,0.0,0.0,2.38,0.0,0.0,2.5,2.75,1.38,0.5,1.88,1.5,2.25,2.75,2.0,1.62,1.12,2.5,2.0,0.43,0.23,1.26,1.0,1.84,1.83,1.83,1.09,0.17,-0.28,0.7,-0.21,-0.59,1.53,0.26,0.43,1.0,1.33,1.83,0.43,-0.4,4.92,4.54,3.62,4.73,4.63,4.42,3.33,1.88,2.62,0.0,0.38,0.0,2.0,2.12,0.5,0.38,1.62,1.62,0.38,0.25,1.62,1.62,0.0,0.62,0.0,2.75,2.62,0.75,0.75,0.38,2.25,0.62
39-5094.00,Skincare Specialists,0.106060606060606,3,97.4,6.7,14.5,24.702058504875406,False,0.7009750812567714,0.8374864572047671,0.7692307692307693,5,2,0.4,True,Nicht hoch GPT-exponiert,3.25,1.12,3.12,2.88,3.0,1.25,0.0,1.5,0.12,2.12,2.25,3.0,2.38,3.0,0.12,0.5,0.25,1.38,3.0,2.88,2.75,0.75,1.5,2.12,3.88,0.0,1.0,3.75,3.88,2.75,2.0,0.0,3.0,0.25,0.38,0.38,2.75,0.0,0.0,3.0,3.25,1.75,0.0,1.38,1.5,2.0,2.12,2.88,2.12,1.12,3.12,2.88,1.07,0.99,2.22,1.79,1.95,2.2,2.17,1.22,1.0,0.92,1.37,0.79,0.12,1.94,0.84,1.32,1.28,1.9,2.22,1.11,0.64,4.99,5.0,4.34,3.86,4.67,3.49,2.59,2.62,2.75,0.0,1.0,0.0,2.62,2.88,0.75,1.0,1.88,2.38,1.25,1.75,1.62,2.5,0.38,1.38,0.0,3.5,3.0,2.0,1.88,0.5,2.75,0.5
39-6011.00,Baggage Porters and Bellhops,0.2777777777777778,2,32.5,-1.6,4.6,46.37053087757313,False,0.4431202600216685,0.20693391115926327,0.3250270855904659,5,2,0.4,True,Nicht hoch GPT-exponiert,2.25,2.62,2.25,2.75,2.25,2.12,0.25,2.62,1.25,2.88,2.75,2.25,2.12,2.12,1.25,2.75,2.0,2.12,2.12,2.5,2.5,1.62,2.12,2.75,3.12,1.0,1.5,3.12,3.62,2.0,2.38,1.25,2.75,1.5,1.75,2.0,2.88,1.38,2.25,3.0,3.0,2.0,1.25,2.88,3.75,2.88,3.12,2.0,2.12,1.12,2.88,2.12,0.62,1.08,1.26,0.45,2.22,2.25,1.54,1.28,1.02,-0.32,1.7,-0.16,-0.36,1.67,0.86,0.71,1.5,1.46,2.29,1.24,-0.05,4.41,4.15,4.33,3.29,4.13,2.54,2.38,2.12,2.75,0.75,0.5,0.0,2.5,2.25,1.0,1.0,2.25,2.12,2.12,0.25,2.12,2.12,0.25,1.62,0.75,3.0,2.38,2.0,2.12,0.25,2.25,1.75
39-6012.00,Concierges,0.7,2,45.6,2.3,6.8,98.0498374864572,True,0.5276273022751896,0.4409534127843987,0.48429035752979416,5,3,0.6,True,Hoch GPT-exponiert mit guten Wechseloptionen,0.5,2.0,2.88,0.0,3.0,0.75,0.0,0.25,0.38,0.0,2.75,0.5,2.0,3.0,0.0,0.5,0.38,1.25,2.88,3.0,0.12,2.0,2.88,0.38,3.0,0.0,2.12,4.0,4.0,3.0,2.0,0.12,3.12,0.0,0.0,0.0,2.62,0.0,0.5,3.88,4.0,2.12,0.0,0.38,1.0,2.0,1.88,1.12,1.75,0.88,2.88,3.0,0.8,2.13,1.7,0.79,2.78,2.65,2.27,1.22,1.93,0.99,1.73,0.65,0.14,2.49,1.52,1.66,1.7,1.97,2.47,1.8,1.29,4.73,4.82,4.41,3.76,3.64,2.24,3.86,2.88,3.0,0.0,0.0,0.0,2.0,3.0,0.88,0.88,2.0,2.88,0.0,0.25,0.38,3.0,0.25,0.38,0.0,4.0,3.0,2.0,2.0,0.88,2.88,0.25
39-7011.00,Tour Guides and Escorts,0.3461538461538461,3,55.8,8.1,13.0,55.52546045503792,False,0.6587215601300108,0.8672806067172264,0.7630010834236186,5,1,0.2,True,Nicht hoch GPT-exponiert,0.62,1.5,2.75,0.38,2.88,0.62,0.0,0.62,0.25,0.25,3.12,0.38,2.12,2.38,0.25,1.5,1.0,1.0,2.88,2.88,0.62,1.12,2.75,0.38,2.88,0.12,1.12,4.0,3.88,2.62,1.38,0.0,3.0,0.0,0.0,0.0,2.25,0.12,1.5,4.0,3.25,1.5,0.38,1.62,0.5,2.5,2.0,1.25,1.38,0.25,3.12,2.25,0.77,1.72,1.49,0.77,2.34,2.11,1.54,0.84,1.26,1.02,1.54,1.35,1.45,2.1,0.9,1.57,1.7,1.6,2.45,1.11,1.14,4.45,4.49,4.06,3.82,4.14,1.96,3.41,2.12,3.0,0.0,0.0,0.0,2.25,2.12,0.0,0.38,1.62,2.0,0.12,0.88,0.88,2.12,0.0,0.25,0.0,2.88,3.0,1.0,1.0,0.62,2.12,0.0
39-7012.00,Travel Guides,0.4,2,55.8,8.1,13.0,64.68039003250271,False,0.6587215601300108,0.8672806067172264,0.7630010834236186,5,1,0.2,True,Nicht hoch GPT-exponiert,2.12,2.25,3.0,2.38,3.25,2.0,0.0,1.0,0.75,0.88,3.12,1.88,2.75,3.25,1.0,0.88,0.5,2.12,3.0,3.0,1.88,2.0,2.75,2.0,3.38,1.0,2.62,4.0,4.0,3.25,2.62,1.25,3.38,1.0,2.0,1.88,2.88,0.88,2.5,4.12,4.12,2.12,0.0,1.12,1.0,3.0,1.5,2.0,2.62,0.75,3.62,3.0,1.58,2.42,2.0,1.17,2.43,2.65,1.65,0.93,1.82,1.25,1.7,1.17,1.81,1.94,1.9,1.8,2.18,1.46,2.45,1.99,1.64,4.81,4.41,4.77,4.29,3.38,2.51,4.07,3.12,3.62,0.0,0.5,0.0,3.0,3.0,2.38,2.38,2.75,3.38,2.0,1.62,2.12,3.38,1.0,1.5,0.12,3.88,3.25,2.62,2.62,1.0,3.0,0.5
39-9011.00,Childcare Workers,0.3295454545454545,2,991.6,-2.9,160.2,53.19609967497292,False,0.9680390032502708,0.1657638136511376,0.5669014084507042,5,1,0.2,True,Nicht hoch GPT-exponiert,2.62,2.25,2.88,0.0,3.0,1.38,0.25,1.75,0.62,2.62,3.0,2.38,2.88,3.0,0.0,2.0,1.88,2.0,3.0,3.0,2.0,1.88,2.62,2.0,3.0,0.0,1.88,3.75,3.5,2.88,2.38,0.0,3.38,0.0,0.25,0.12,3.12,0.12,0.25,3.0,3.12,2.75,0.88,2.12,2.25,2.88,2.25,2.38,2.62,0.5,3.12,3.0,0.62,1.22,1.69,1.79,2.82,3.0,3.0,1.49,1.26,0.6,2.21,0.29,0.47,2.53,1.4,0.89,2.14,2.07,2.36,1.93,0.74,4.76,4.55,4.03,3.34,4.27,2.96,3.49,2.88,3.0,0.0,0.0,0.0,2.88,3.0,0.0,0.25,2.12,2.62,0.0,0.12,1.5,2.88,0.0,1.88,0.0,3.25,3.25,2.12,2.25,0.88,2.88,1.12
39-9011.01,Nannies,0.3513513513513513,2,991.6,-2.9,160.2,56.44637053087757,False,0.9680390032502708,0.1657638136511376,0.5669014084507042,5,1,0.2,True,Nicht hoch GPT-exponiert,2.75,2.25,2.75,2.0,3.25,2.0,0.25,2.0,1.38,2.75,2.88,2.12,2.88,3.0,1.25,2.12,1.88,2.25,3.0,3.0,2.25,0.62,2.75,2.75,3.0,1.88,1.62,3.88,3.88,3.0,2.38,2.0,4.0,1.12,1.88,2.62,3.0,1.25,1.88,3.12,3.12,2.75,0.62,2.12,2.88,3.0,3.0,2.0,2.62,1.0,3.0,2.88,0.54,1.72,2.02,2.28,2.82,2.93,2.27,1.42,1.44,0.46,2.55,0.51,0.76,2.53,1.83,1.35,2.1,1.97,2.36,1.96,0.93,4.38,4.67,4.48,3.2,4.56,2.84,2.88,3.0,3.12,0.0,0.0,0.0,3.0,3.0,1.38,1.62,2.12,3.0,1.25,1.0,1.25,3.12,0.0,1.12,0.0,3.5,3.75,2.0,2.5,1.0,3.0,0.38
39-9031.00,Exercise Trainers and Group Fitness Instructors,0.2352941176470588,3,370.1,11.9,74.2,41.278439869989164,False,0.9154929577464789,0.942578548212351,0.9290357529794149,5,1,0.2,True,Nicht hoch GPT-exponiert,2.88,2.0,3.0,1.0,3.0,1.38,3.25,3.75,2.88,4.0,3.12,1.88,2.0,3.0,0.0,3.75,3.0,1.0,3.0,3.0,3.0,1.0,2.25,3.0,2.88,0.0,1.12,3.75,4.0,3.0,2.0,0.75,3.0,0.5,0.38,0.38,3.0,0.0,0.88,3.62,3.0,2.0,1.75,4.0,3.75,2.88,4.0,1.12,2.0,0.75,3.0,2.88,1.77,1.75,1.3,0.62,2.3,2.19,1.92,0.87,1.53,1.28,1.63,0.76,1.95,2.53,1.77,1.9,1.7,1.66,2.33,1.35,0.93,4.76,4.76,4.62,2.95,4.19,3.62,2.95,2.75,3.0,0.62,0.88,0.0,3.75,3.0,0.0,0.38,2.0,2.0,0.75,1.88,1.25,2.88,0.12,1.38,0.12,3.25,3.0,2.0,2.38,1.0,3.0,1.38
39-9032.00,Recreation Workers,0.25,4,327.7,4.1,68.1,43.12026002166847,False,0.9068255687973997,0.6392199349945829,0.7730227518959913,5,0,0.0,True,Nicht hoch GPT-exponiert,2.0,2.0,3.0,1.12,3.25,1.75,0.12,2.0,1.0,2.12,3.0,2.0,2.5,3.12,0.25,2.88,1.88,1.88,3.0,3.0,0.75,2.0,2.0,1.88,3.25,0.0,2.12,4.0,4.0,3.5,2.25,0.0,3.12,0.0,0.88,0.62,3.0,0.0,0.0,3.25,3.12,2.62,1.0,2.75,2.12,2.88,2.62,1.62,2.5,0.62,3.25,3.12,0.87,1.29,1.28,0.9,2.43,2.41,1.27,1.22,1.47,1.41,1.6,0.37,1.95,1.78,1.34,1.05,1.7,1.75,2.4,1.11,0.95,4.81,4.59,4.1,3.29,3.86,2.24,3.3,3.0,4.0,0.0,0.38,0.0,3.38,3.0,2.12,2.38,3.38,2.88,0.75,1.88,1.75,3.12,0.38,1.5,0.0,3.75,4.0,2.75,2.75,1.0,3.12,0.88
39-9041.00,Residential Advisors,0.28,3,91.2,3.8,17.4,46.74972914409534,False,0.7313109425785482,0.6115926327193932,0.6714517876489707,5,0,0.0,True,Nicht hoch GPT-exponiert,1.0,2.12,2.88,0.38,3.25,1.0,0.0,1.12,0.5,1.12,3.0,1.75,2.38,3.0,0.38,1.12,1.0,2.12,3.0,2.88,1.0,2.0,2.0,1.38,3.12,0.5,2.0,4.0,4.0,3.0,2.0,0.5,3.62,0.38,0.88,0.88,2.75,0.5,0.62,3.38,4.0,2.12,0.62,1.25,1.25,2.12,2.12,2.0,2.12,0.25,3.75,3.25,1.12,2.05,1.55,1.38,2.51,2.65,2.5,1.22,1.79,0.82,2.21,0.53,2.19,2.27,1.61,1.63,2.22,2.1,2.4,1.99,1.31,4.57,4.49,3.85,3.52,3.46,1.84,3.67,3.0,3.38,0.0,0.0,0.0,3.0,3.12,2.0,2.12,3.0,3.0,1.0,1.75,2.0,3.0,0.5,1.25,0.0,3.12,3.5,2.88,2.75,0.88,3.25,0.88
41-1011.00,First-Line Supervisors of Retail Sales Workers,0.4054054054054054,2,1432.6,-5.0,125.1,65.43878656554712,False,0.9577464788732394,0.1218851570964247,0.539815817984832,5,3,0.6,True,Nicht hoch GPT-exponiert,2.38,2.25,3.0,1.5,3.62,0.88,0.0,2.0,0.75,2.5,3.0,2.38,2.75,3.12,0.0,2.0,1.62,2.0,3.0,3.12,2.0,2.88,2.75,2.25,3.5,0.0,2.88,3.88,4.0,3.12,2.62,0.0,3.62,0.38,0.5,0.88,2.75,0.12,0.25,3.25,3.88,2.88,0.88,1.75,2.25,2.38,2.25,2.5,2.75,1.75,3.38,3.75,2.01,1.72,1.97,1.09,2.22,2.62,1.54,0.87,1.86,0.87,1.96,0.49,2.43,1.94,1.77,1.7,1.91,1.16,2.29,1.8,0.99,4.85,4.95,4.3,3.99,3.63,2.71,4.22,3.5,3.62,0.0,0.0,0.0,3.62,3.0,2.75,2.75,3.62,3.62,0.88,2.12,1.5,3.62,1.0,2.0,0.0,3.75,3.75,2.88,3.0,0.88,3.62,0.38
41-1012.00,First-Line Supervisors of Non-Retail Sales Workers,0.4444444444444444,4,320.0,0.0,24.8,71.07258938244854,False,0.7925243770314193,0.2681473456121343,0.5303358613217768,5,3,0.6,True,Nicht hoch GPT-exponiert,0.5,1.88,3.12,0.62,3.88,0.88,0.0,0.25,0.12,0.0,3.0,2.25,2.75,3.62,0.0,0.0,0.0,1.38,3.88,3.12,0.75,3.12,2.75,0.0,3.62,0.0,3.12,4.0,4.12,3.38,2.75,0.0,3.12,0.12,0.25,0.0,2.75,0.0,0.12,4.0,4.0,2.0,0.0,0.25,0.0,2.25,1.38,1.38,2.88,0.5,4.0,3.88,2.24,1.65,1.92,1.03,2.1,2.65,1.22,0.32,1.66,1.04,1.54,0.87,2.96,1.16,1.58,1.76,1.5,1.23,2.31,1.73,1.2,4.7,4.91,4.05,4.22,3.05,3.23,4.64,3.62,4.0,0.0,0.0,0.0,4.0,3.88,3.0,3.0,4.0,3.75,0.88,2.12,1.0,3.88,0.62,2.0,0.0,3.12,4.0,3.12,3.5,0.5,4.0,0.12
41-2011.00,Cashiers,0.3604651162790697,2,3157.2,-9.9,542.6,57.96316359696642,False,0.9945828819068255,0.0628385698808234,0.5287107258938245,5,0,0.0,True,Nicht hoch GPT-exponiert,2.0,1.5,2.75,2.0,2.62,0.75,0.0,1.12,0.88,2.0,2.12,2.25,2.0,2.0,0.0,1.62,1.25,2.0,2.62,2.75,2.12,2.0,2.25,2.0,3.12,0.0,2.25,3.5,3.0,2.0,2.25,0.0,2.75,0.5,0.5,0.88,2.75,0.0,0.0,2.88,3.0,1.88,0.0,1.88,2.0,2.75,2.62,1.88,1.5,1.38,3.0,2.5,0.32,0.59,1.92,1.0,1.92,2.3,1.32,0.84,0.3,-0.47,2.06,-0.27,-0.41,1.46,0.55,0.58,1.5,1.09,1.97,0.97,-0.36,4.96,4.56,3.45,3.9,3.35,3.22,3.06,2.0,2.62,0.0,0.0,0.0,2.0,2.0,0.62,0.5,2.0,2.0,0.5,0.0,1.25,2.0,0.0,0.38,0.0,2.88,2.75,1.75,1.5,0.0,2.5,0.38
41-2012.00,Gambling Change Persons and Booth Cashiers,0.3095238095238095,2,22.6,-6.4,4.0,50.59588299024919,False,0.4122426868905742,0.09371614301191766,0.25297941495124593,5,0,0.0,True,Nicht hoch GPT-exponiert,2.38,2.75,3.0,2.12,2.88,1.38,0.12,1.25,0.25,1.88,3.0,2.62,2.5,2.12,0.0,1.62,1.12,2.0,2.62,3.0,2.12,2.38,2.12,1.88,3.12,0.0,3.0,3.25,3.25,2.12,3.0,0.0,3.0,1.0,1.12,1.25,2.88,0.62,0.25,3.0,3.0,2.12,0.88,1.25,1.75,2.25,2.0,2.5,2.12,1.62,2.88,2.25,0.23,-0.17,2.7,2.14,1.26,2.65,0.18,0.5,-0.28,-0.64,2.84,-0.32,-0.54,0.54,0.46,0.56,1.53,0.33,0.9,1.29,-0.73,4.87,4.71,3.11,4.84,3.8,4.56,3.38,2.25,2.38,1.0,1.0,0.0,2.12,2.12,1.12,1.0,2.12,2.12,1.75,0.25,2.12,2.25,0.38,2.0,1.62,2.88,2.12,1.62,1.5,0.0,1.75,1.75
41-2021.00,Counter and Rental Clerks,0.6774193548387096,2,408.2,3.2,45.9,96.91224268689056,True,0.8721560130010835,0.5330444203683641,0.7026002166847238,5,3,0.6,True,Hoch GPT-exponiert mit guten Wechseloptionen,2.12,2.12,2.88,2.5,2.88,1.88,0.0,1.12,0.5,1.38,2.75,2.0,2.62,2.12,0.62,1.5,1.12,2.0,2.75,3.0,2.0,2.38,2.12,2.0,3.12,0.75,2.75,3.88,3.75,2.12,2.12,0.88,2.75,1.12,1.62,1.75,3.0,0.62,0.75,3.25,3.38,2.0,0.5,1.38,2.0,2.62,2.0,2.0,2.12,1.38,3.12,3.0,0.62,0.83,1.81,0.74,1.95,2.11,1.27,0.7,0.74,-0.22,1.6,-0.1,0.02,1.46,0.53,1.05,1.31,1.16,2.31,1.04,-0.13,4.91,5.0,3.94,4.0,3.7,2.82,3.27,2.38,3.0,0.62,0.75,0.0,2.62,2.25,1.75,1.88,2.25,2.88,2.0,0.0,2.25,2.88,0.5,1.0,0.62,3.25,2.88,1.88,1.88,0.75,2.38,1.0
41-2022.00,Parts Salespersons,0.3428571428571428,2,272.1,3.1,30.2,55.146262188515706,False,0.8179848320693391,0.5216684723726978,0.6698266522210184,5,1,0.2,True,Nicht hoch GPT-exponiert,2.88,2.25,3.12,2.12,3.0,1.12,0.0,1.62,0.62,2.5,3.0,2.88,2.88,2.75,1.0,1.88,1.75,2.12,3.0,3.0,2.38,2.25,2.88,2.0,3.88,0.62,2.75,3.88,4.0,2.5,3.0,0.75,2.88,0.88,1.12,1.25,3.0,0.75,1.12,3.25,3.75,2.88,0.12,1.88,2.5,2.75,2.75,2.88,2.88,1.12,3.25,2.88,1.2,0.81,2.02,1.14,1.77,2.11,1.22,-0.5,1.13,0.22,1.7,0.74,0.76,1.19,1.55,1.26,1.19,1.07,2.06,1.02,0.64,5.0,4.24,4.55,4.02,3.95,3.1,4.07,2.88,3.0,1.75,2.0,0.0,2.5,2.88,0.5,1.62,2.0,3.0,2.0,0.25,2.12,3.25,0.38,2.12,1.75,3.12,2.88,2.0,2.0,0.5,2.75,1.75
41-2031.00,Retail Salespersons,0.3552631578947368,2,3936.7,-0.5,555.8,57.04225352112676,False,0.9956663055254604,0.24810400866738894,0.6218851570964247,5,1,0.2,True,Nicht hoch GPT-exponiert,2.0,2.12,2.88,2.0,3.0,1.25,0.0,1.12,0.75,1.62,2.38,2.25,2.12,2.88,0.0,1.75,1.38,1.75,2.88,2.88,1.88,2.25,2.25,1.75,3.0,0.0,2.62,3.62,3.88,2.62,2.12,0.0,3.25,0.38,0.5,0.0,2.62,0.0,0.0,3.12,3.62,2.12,0.5,1.75,1.75,2.5,2.75,2.0,2.12,0.38,3.0,3.0,1.58,1.17,1.49,0.06,1.88,1.98,1.62,-0.49,1.53,0.44,1.4,0.47,0.81,2.06,1.78,1.57,1.5,1.09,2.6,1.16,0.64,4.89,4.88,3.43,4.15,3.74,2.76,3.42,2.5,3.0,0.0,0.0,0.0,2.75,2.75,1.25,1.0,2.12,3.75,1.38,0.62,1.5,4.0,0.25,1.25,0.0,3.88,3.12,1.88,2.0,1.0,2.88,0.88
41-3011.00,Advertising Sales Agents,0.6923076923076923,4,103.7,-6.4,9.3,97.72481040086673,True,0.5937161430119177,0.09371614301191766,0.34371614301191766,5,1,0.2,True,Hoch GPT-exponiert mit begrenzten Wechseloptionen,0.38,1.88,3.25,1.38,3.62,1.75,0.0,0.0,0.0,0.0,2.75,1.12,2.75,3.88,0.25,0.0,0.0,1.75,3.25,3.38,0.0,2.88,3.0,0.88,3.75,0.25,2.88,4.0,4.0,3.38,2.62,0.25,3.12,0.38,0.38,0.38,2.88,0.5,0.5,4.0,4.0,2.62,0.0,0.0,0.0,2.88,2.0,2.62,2.88,0.25,3.88,3.75,2.35,1.75,1.34,-0.57,1.57,2.06,1.22,-1.22,1.96,1.63,1.21,0.92,1.53,2.1,2.75,2.24,1.6,0.72,2.81,1.76,1.47,4.79,4.71,4.55,4.03,3.2,1.99,4.46,3.12,3.25,0.0,0.0,0.0,2.75,3.25,1.88,1.75,2.38,3.88,2.0,2.0,2.0,4.0,1.12,0.75,0.0,3.75,3.62,2.88,2.75,1.12,3.0,0.0
41-3021.00,Insurance Sales Agents,0.5303030303030303,4,568.8,3.7,47.0,84.50704225352112,True,0.8743228602383532,0.5964247020585048,0.735373781148429,5,0,0.0,True,Hoch GPT-exponiert mit begrenzten Wechseloptionen,0.0,1.38,3.25,0.5,3.62,0.38,0.0,0.0,0.0,0.0,2.38,1.12,2.75,3.0,0.0,0.0,0.0,0.75,3.25,3.0,0.0,3.0,2.5,0.38,3.62,0.0,3.0,4.12,4.12,3.0,2.25,0.0,3.5,0.0,0.0,0.0,2.5,0.0,0.0,3.75,3.75,2.12,0.0,0.0,0.0,2.38,1.25,1.38,1.75,0.5,4.0,3.75,2.24,1.68,2.08,1.2,1.63,2.56,1.54,-0.59,2.03,1.17,2.21,0.81,1.29,1.98,2.42,2.2,1.7,1.31,2.74,1.58,1.31,4.73,4.93,3.88,4.7,3.44,2.16,4.52,3.12,3.0,0.0,0.0,0.0,2.88,3.25,0.25,0.12,1.88,3.38,1.0,1.5,1.25,3.88,0.75,0.12,0.0,3.5,3.0,3.0,3.0,0.75,3.0,0.0
41-3031.00,"Securities, Commodities, and Financial Services Sales Agents",0.5192307692307693,4,514.5,3.3,38.1,82.5027085590466,True,0.8515709642470206,0.5444203683640303,0.6979956663055255,5,0,0.0,True,Hoch GPT-exponiert mit begrenzten Wechseloptionen,0.12,2.0,3.25,0.12,4.25,0.38,0.0,0.0,0.0,0.12,2.62,0.0,3.12,3.75,0.12,0.0,0.0,1.5,3.5,3.38,0.12,3.38,2.75,0.12,3.62,0.12,3.62,3.88,4.12,3.0,3.12,0.12,3.75,0.0,0.25,0.12,2.62,0.12,0.5,3.5,4.0,3.38,0.0,0.0,0.0,2.75,1.62,1.12,2.25,1.62,4.12,3.62,2.38,2.05,2.67,1.03,0.87,2.56,1.07,-0.8,2.03,1.25,2.89,2.04,1.53,1.29,2.26,2.44,1.98,0.72,2.47,2.47,1.99,4.69,4.71,4.33,4.55,2.98,2.2,3.86,3.5,3.12,0.12,0.38,0.12,3.25,3.5,2.75,1.38,2.62,3.25,0.12,1.62,0.88,3.62,1.5,0.88,0.0,3.62,3.25,3.38,3.62,0.88,2.88,0.12
41-3041.00,Travel Agents,0.5625,3,65.7,2.2,7.1,87.75731310942578,True,0.5346695557963164,0.43066088840736727,0.4826652221018418,5,1,0.2,True,Hoch GPT-exponiert mit begrenzten Wechseloptionen,0.75,2.12,3.0,0.5,3.75,0.62,0.0,0.38,0.0,0.0,1.88,1.5,2.38,3.5,0.0,0.0,0.0,0.75,3.0,3.0,0.75,2.0,2.75,0.0,3.88,0.0,2.88,4.0,4.0,3.0,2.0,0.0,2.88,0.0,0.0,0.12,2.38,0.0,0.0,3.62,4.0,2.0,0.0,0.0,0.0,2.88,1.5,0.88,2.12,1.75,3.75,3.0,1.3,1.58,2.19,0.9,2.03,2.33,1.44,0.45,1.41,0.77,1.79,0.79,0.81,1.63,1.37,1.41,1.37,1.28,2.38,1.27,0.95,4.45,4.05,4.03,4.78,3.19,3.08,3.73,2.88,2.88,0.0,0.12,0.0,2.62,3.0,2.0,0.75,1.62,3.25,0.62,1.25,0.75,3.5,0.75,0.25,0.0,4.0,3.12,2.0,2.0,0.88,2.88,0.0
41-4011.00,"Sales Representatives, Wholesale and Manufacturing, Technical and Scientific Products",0.5701754385964912,4,303.2,1.9,27.2,88.40736728060672,True,0.8055254604550379,0.39219934994582883,0.5988624052004334,5,2,0.4,True,Hoch GPT-exponiert mit guten Wechseloptionen,0.0,1.62,3.0,1.88,3.88,1.5,0.0,0.0,0.0,0.0,2.75,2.0,2.75,3.62,0.0,0.0,0.0,1.62,3.25,3.25,0.0,2.75,3.12,1.88,3.62,0.0,3.12,4.5,4.62,3.62,2.12,0.0,3.62,0.0,0.0,0.0,2.25,0.0,0.0,4.12,4.0,2.88,0.0,0.0,0.0,2.12,1.75,2.0,2.25,0.0,4.0,3.88,2.31,1.79,2.02,0.69,1.53,2.19,1.27,-1.16,1.96,1.39,1.6,1.86,1.53,1.63,3.0,2.36,1.7,0.98,2.81,1.61,1.43,4.57,4.56,4.27,4.36,2.83,2.1,3.93,3.12,3.38,0.0,0.62,0.0,3.12,3.38,2.62,2.5,2.5,4.0,1.25,2.5,1.62,4.0,1.0,1.12,0.0,3.38,3.75,3.0,2.62,1.62,3.0,0.0
41-4012.00,"Sales Representatives, Wholesale and Manufacturing, Except Technical and Scientific Products",0.7068965517241379,4,1310.5,0.3,114.8,98.26652221018418,True,0.952329360780065,0.2822318526543879,0.6172806067172265,5,3,0.6,True,Hoch GPT-exponiert mit guten Wechseloptionen,1.75,1.25,3.0,1.88,3.25,1.25,0.12,0.5,0.5,0.75,2.25,2.0,2.25,3.12,0.75,0.62,0.38,0.88,3.12,3.12,1.38,2.38,2.25,2.0,3.25,0.62,2.5,4.0,4.12,3.0,2.12,0.75,3.25,0.62,0.75,1.0,2.38,0.5,0.75,3.88,4.0,2.12,0.25,0.75,0.62,2.12,1.62,1.75,2.25,0.62,3.88,3.75,2.31,1.79,1.3,-0.45,1.47,2.06,1.57,-1.25,2.03,1.25,1.23,0.97,1.45,2.1,3.0,2.4,1.7,0.98,2.81,1.61,1.31,5.0,4.65,4.51,3.75,3.07,2.49,3.78,3.0,3.12,0.0,0.0,0.0,2.75,3.0,1.0,1.0,1.75,3.88,1.0,1.25,0.75,4.0,0.5,0.38,0.0,3.12,3.5,2.12,2.12,0.75,3.0,0.0
41-9011.00,Demonstrators and Product Promoters,0.3974358974358974,2,79.2,-0.1,14.0,63.86782231852655,False,0.6836403033586133,0.2611050920910076,0.4723726977248104,5,0,0.0,True,Nicht hoch GPT-exponiert,1.88,2.62,3.0,1.12,3.0,2.0,0.0,1.88,0.88,2.0,3.25,1.75,2.38,3.0,0.0,1.88,1.38,2.0,3.0,3.0,1.38,2.12,2.88,2.0,3.38,0.0,2.12,3.75,3.88,3.0,2.5,0.0,3.0,0.62,0.62,0.0,2.88,0.0,0.38,4.0,3.88,2.0,0.0,1.75,2.12,3.0,2.12,2.25,3.12,0.5,3.0,3.0,1.27,1.29,1.34,-0.44,1.92,1.83,1.19,-0.65,1.69,0.65,1.03,0.49,0.78,2.14,1.4,1.8,1.11,1.07,2.67,0.95,0.66,4.82,4.27,4.04,3.34,3.69,3.68,3.82,2.38,3.25,0.0,0.0,0.0,3.0,2.62,0.62,0.88,2.38,2.88,0.88,2.0,2.0,3.88,0.12,1.88,0.0,3.12,3.25,2.0,2.12,0.88,2.88,1.62
41-9012.00,Models,0.4,2,6.7,-0.5,1.2,64.68039003250271,False,0.17876489707475623,0.24810400866738894,0.2134344528710726,5,3,0.6,True,Nicht hoch GPT-exponiert,1.62,0.38,2.62,0.0,2.0,0.5,0.62,1.5,0.25,2.75,2.12,0.38,0.62,2.12,0.62,2.62,2.62,0.25,2.0,2.0,0.5,0.88,1.12,2.0,2.12,0.0,0.62,3.0,2.62,2.12,0.38,0.25,2.0,0.12,0.25,0.62,2.25,0.0,0.88,2.62,2.75,0.25,0.25,2.0,1.38,2.12,2.75,2.12,2.0,0.0,2.38,2.25,0.3,0.94,0.79,-0.75,0.8,1.31,0.28,-1.09,-0.28,0.33,0.51,-0.28,-0.81,1.16,0.39,2.28,1.0,0.05,1.86,1.02,0.41,4.69,3.98,3.73,2.76,3.34,1.93,1.67,1.75,2.0,0.0,0.0,0.0,0.38,1.88,0.0,0.0,0.75,1.75,0.0,0.38,0.0,1.75,0.0,0.12,0.0,1.62,2.62,0.75,0.12,0.5,2.0,0.0
41-9021.00,Real Estate Brokers,0.421875,4,111.3,3.3,9.7,67.82231852654388,False,0.6110509209100758,0.5444203683640303,0.5777356446370531,5,0,0.0,True,Nicht hoch GPT-exponiert,0.12,1.0,2.5,0.62,4.0,1.38,0.0,0.0,0.0,0.0,2.38,0.25,2.12,2.62,0.0,0.0,0.0,0.62,3.12,3.0,0.12,2.75,2.0,0.38,4.12,0.0,2.12,4.0,4.0,2.62,2.0,0.0,3.5,0.0,0.12,0.12,2.0,0.0,0.5,3.25,3.75,1.25,0.0,0.0,0.0,2.12,1.75,0.75,1.5,0.88,4.0,3.62,2.17,1.68,2.25,0.9,1.84,2.44,1.3,-0.6,2.14,1.28,2.21,1.17,2.19,1.63,2.46,2.28,1.91,1.09,2.54,1.8,1.43,4.69,4.78,4.89,4.03,3.16,1.92,3.92,2.88,2.88,0.0,0.0,0.0,2.25,4.0,2.0,0.88,2.75,4.0,1.0,1.0,0.75,4.0,0.5,2.25,0.0,3.25,3.12,2.25,2.38,0.38,3.0,0.62
41-9022.00,Real Estate Sales Agents,0.4107142857142857,3,420.9,3.1,36.6,66.57638136511376,False,0.8494041170097508,0.5216684723726978,0.6855362946912242,5,0,0.0,True,Nicht hoch GPT-exponiert,0.75,1.62,3.12,1.38,3.88,1.88,0.12,0.38,0.25,0.25,3.25,1.5,3.0,3.12,1.0,0.25,0.25,1.75,3.25,3.0,0.62,3.0,2.75,1.5,4.0,1.12,3.0,4.0,4.0,2.75,2.62,0.88,3.5,0.88,1.25,0.88,2.5,0.88,1.75,3.38,4.0,2.38,0.5,0.38,0.5,2.5,1.75,2.75,2.88,0.62,4.0,3.12,2.35,1.79,2.14,0.48,1.74,2.44,1.68,-0.55,2.03,0.99,2.32,0.94,1.56,1.86,2.19,2.16,1.7,1.0,2.54,1.83,1.35,4.95,4.72,4.57,4.05,3.84,1.95,4.52,3.0,3.62,0.0,0.0,0.0,3.0,3.75,2.12,1.38,2.75,3.88,1.5,1.25,1.5,4.12,0.62,2.0,0.0,3.75,3.75,2.75,3.0,0.62,3.12,0.88
41-9031.00,Sales Engineers,0.5340909090909091,4,56.8,5.5,5.0,85.26543878656555,True,0.46316359696641385,0.7643553629469122,0.613759479956663,5,1,0.2,True,Hoch GPT-exponiert mit begrenzten Wechseloptionen,1.38,1.5,4.0,1.25,4.0,2.0,0.0,0.0,0.0,0.0,3.25,2.0,2.88,4.0,0.0,0.0,0.0,1.38,4.0,4.0,1.5,3.62,3.12,0.5,3.88,0.0,3.88,4.88,5.0,3.75,2.88,0.0,4.0,0.0,0.0,0.0,2.88,0.0,0.0,4.12,4.0,3.0,0.0,0.0,0.0,2.62,1.25,2.5,3.12,0.62,4.62,4.12,2.24,2.05,1.97,0.67,1.84,2.53,1.35,-0.16,2.03,2.09,1.79,2.16,1.75,1.6,2.42,2.2,1.66,1.0,2.47,1.8,1.51,4.56,4.46,4.46,3.97,2.13,2.06,4.02,4.0,3.62,0.0,1.0,0.0,3.75,4.0,2.38,2.38,3.0,4.0,1.0,2.75,1.75,4.25,1.38,1.75,0.0,3.88,3.88,3.88,3.75,2.88,3.12,1.5
41-9041.00,Telemarketers,0.5277777777777778,2,67.4,-22.1,6.5,83.96533044420367,True,0.5200433369447454,0.009750812567713976,0.26489707475622964,5,0,0.0,True,Hoch GPT-exponiert mit begrenzten Wechseloptionen,0.75,1.62,2.25,0.5,2.62,0.25,0.0,0.0,0.0,0.0,1.0,1.12,1.25,2.25,0.0,0.0,0.0,1.12,2.62,2.12,0.5,0.75,1.5,0.0,3.0,0.0,1.0,3.75,3.75,2.12,0.75,0.0,2.62,0.0,0.0,0.0,2.62,0.0,0.0,3.75,3.5,0.75,0.0,0.0,0.0,2.12,1.12,0.62,0.75,0.62,3.0,2.88,1.89,0.86,1.25,-0.79,0.87,1.78,0.67,-1.21,0.47,-0.48,1.03,-0.4,-0.17,2.18,2.04,1.66,1.91,-0.25,2.67,1.8,-0.03,4.88,3.62,3.53,4.58,3.38,3.54,3.74,2.0,2.25,0.0,0.0,0.0,1.25,2.12,0.25,0.25,1.12,2.62,0.12,0.38,0.25,3.62,0.25,0.12,0.0,3.12,3.0,0.88,0.88,0.25,2.12,0.0
41-9091.00,"Door-to-Door Sales Workers, News and Street Vendors, and Related Workers",0.5217391304347826,2,25.3,-10.0,2.7,83.261105092091,True,0.33098591549295775,0.06175514626218852,0.19637053087757314,5,2,0.4,True,Hoch GPT-exponiert mit guten Wechseloptionen,0.12,0.75,2.75,0.12,2.88,0.0,0.0,0.0,0.0,0.0,2.12,0.75,1.38,3.0,0.0,0.0,0.0,0.5,2.88,2.88,0.25,1.62,2.12,0.12,2.88,0.12,2.0,3.62,3.75,3.0,0.5,0.0,2.88,0.0,0.0,0.0,2.38,0.0,0.25,3.5,3.5,1.12,0.0,0.25,0.38,2.12,1.88,1.0,1.25,0.5,3.0,2.88,2.91,1.75,0.74,-0.7,0.85,1.83,0.71,-1.3,1.96,0.82,0.98,0.12,1.13,2.67,2.93,2.36,0.82,0.88,2.79,1.49,1.53,4.48,4.14,4.79,2.96,3.67,1.79,3.04,2.25,3.12,0.0,0.0,0.0,2.12,2.88,0.88,1.25,1.38,3.38,0.62,1.12,0.38,4.0,0.62,0.12,0.0,3.12,3.12,1.75,2.0,0.75,2.88,0.0
43-1011.00,First-Line Supervisors of Office and Administrative Support Workers,0.53125,3,1558.4,-0.3,144.5,84.77789815817984,True,0.962080173347779,0.25460455037919827,0.6083423618634887,5,5,1.0,True,Hoch GPT-exponiert mit guten Wechseloptionen,0.62,2.38,3.0,0.0,3.62,1.38,0.0,0.62,0.38,0.62,2.88,2.12,2.38,3.0,0.0,0.38,0.25,2.0,3.25,3.25,0.5,2.75,2.5,0.88,3.5,0.0,2.88,4.0,4.0,3.38,2.62,0.0,3.62,0.0,0.0,0.0,2.62,0.0,0.0,3.75,3.5,2.38,0.0,0.5,0.62,2.88,0.88,1.88,2.62,0.5,4.0,4.0,1.83,1.51,2.08,1.56,2.26,2.65,1.38,1.06,1.53,0.87,1.99,0.74,2.52,1.26,1.67,1.73,2.02,1.33,2.13,1.73,1.08,4.7,4.93,4.03,4.23,2.89,3.17,4.04,3.25,3.75,0.0,0.0,0.0,3.62,3.12,2.62,2.62,3.75,3.62,0.25,2.5,2.0,3.5,1.0,2.75,0.0,3.5,3.88,3.0,3.0,0.62,3.75,1.38
43-2011.00,"Switchboard Operators, Including Answering Service",0.4838709677419355,2,36.6,-26.3,2.8,77.08559046587216,False,0.34073672806067173,0.004333694474539545,0.17253521126760563,5,0,0.0,True,Nicht hoch GPT-exponiert,1.88,2.0,2.25,1.75,2.62,0.12,0.0,0.5,0.0,0.0,2.25,2.0,2.0,1.88,0.0,0.0,0.0,2.0,2.5,2.38,1.75,1.0,2.12,0.62,3.25,0.0,1.75,3.75,4.0,1.75,2.12,0.0,2.75,0.0,0.12,1.0,2.38,0.0,0.0,3.88,4.0,2.38,0.0,0.0,0.0,2.38,1.0,1.25,1.5,1.12,2.88,2.88,0.27,0.86,1.86,0.32,2.07,2.36,1.19,0.9,0.14,-0.48,1.51,-0.28,-0.66,1.36,0.2,0.52,1.8,1.19,1.92,1.43,-0.25,4.98,4.6,3.71,3.93,3.75,3.61,3.22,2.12,2.62,0.0,0.0,0.0,1.88,2.12,0.0,0.0,1.38,2.12,0.75,0.5,1.38,2.25,0.38,0.75,0.0,2.88,3.0,1.62,0.88,0.0,2.25,0.5
43-2021.00,Telephone Operators,0.5526315789473684,2,4.0,-27.5,0.3,86.89057421451788,True,0.03791982665222102,0.0032502708559046588,0.020585048754062838,5,0,0.0,True,Hoch GPT-exponiert mit begrenzten Wechseloptionen,1.62,2.0,2.25,1.62,2.62,0.5,0.0,0.5,0.0,0.0,1.75,2.38,2.12,1.75,0.0,0.0,0.0,2.0,2.75,2.62,1.38,1.38,1.5,0.0,2.88,0.0,1.38,3.62,3.75,1.75,2.0,0.0,2.88,0.75,1.12,0.5,3.0,0.0,0.0,3.75,4.12,2.12,0.0,0.0,0.0,2.0,1.25,1.12,0.88,0.62,3.0,2.62,0.36,0.91,1.97,0.62,2.22,2.27,1.54,0.96,0.3,-0.71,1.7,-0.26,-0.71,1.39,0.59,0.46,1.84,1.26,1.79,1.76,0.04,5.0,4.6,3.72,4.17,2.9,4.11,3.69,2.5,2.25,0.0,0.0,0.0,1.88,1.88,0.38,0.38,1.75,1.75,0.25,0.12,0.88,1.75,0.38,0.12,0.0,3.12,2.88,1.62,1.12,0.25,2.0,0.0
43-3011.00,Bill and Account Collectors,0.4285714285714285,2,166.9,-10.5,13.7,69.12242686890573,False,0.6798483206933911,0.05796316359696641,0.36890574214517874,5,0,0.0,True,Nicht hoch GPT-exponiert,0.75,2.12,3.0,0.5,2.88,0.75,0.0,0.12,0.0,0.0,2.62,1.75,2.88,2.75,0.0,0.0,0.0,2.0,3.12,2.88,0.5,2.62,2.12,0.0,3.5,0.0,2.75,3.88,3.88,2.62,2.62,0.0,3.0,0.0,0.0,0.0,3.0,0.0,0.0,3.0,3.0,2.12,0.0,0.0,0.0,2.12,0.62,1.5,2.0,0.38,3.75,3.5,1.5,0.94,2.28,0.98,0.49,2.47,0.62,-0.7,1.13,-0.24,2.17,-0.02,0.32,0.45,2.12,1.57,2.26,0.27,1.92,2.1,0.31,4.9,3.8,3.24,4.04,2.79,2.66,3.9,2.88,2.88,0.0,0.0,0.0,2.38,2.75,0.75,0.5,2.0,3.12,0.0,0.25,1.0,3.62,0.38,0.88,0.0,2.75,3.0,2.38,2.0,0.0,2.88,0.5
43-3021.00,Billing and Posting Clerks,0.4166666666666666,3,429.8,-0.4,42.2,67.28060671722643,False,0.8624052004333694,0.2513542795232936,0.5568797399783315,5,1,0.2,True,Nicht hoch GPT-exponiert,1.38,1.75,3.0,1.25,3.38,0.0,0.0,0.75,0.0,0.0,1.88,1.5,2.62,2.0,0.0,0.0,0.0,1.0,3.12,3.25,1.25,2.75,2.62,0.0,3.62,0.0,3.0,3.5,3.75,1.75,2.5,0.0,3.12,0.0,0.0,0.25,2.5,0.12,0.0,3.0,3.38,2.38,0.0,0.0,0.0,2.0,1.88,1.25,1.5,2.25,3.25,3.0,0.77,0.09,2.74,1.79,0.8,2.47,-0.01,0.17,0.25,-0.37,2.1,-0.09,-0.49,0.02,0.86,0.34,0.75,0.53,0.2,0.66,-0.73,4.32,4.0,4.09,4.29,2.59,3.45,3.93,2.62,2.62,0.5,0.5,0.0,2.38,2.75,0.88,0.88,2.12,2.25,1.0,0.38,1.38,2.12,1.12,1.12,0.88,2.75,2.62,2.12,2.25,0.38,2.75,1.0
43-3031.00,"Bookkeeping, Accounting, and Auditing Clerks",0.313953488372093,3,1613.4,-5.8,170.0,51.24593716143012,False,0.9707475622968581,0.1056338028169014,0.5381906825568797,5,0,0.0,True,Nicht hoch GPT-exponiert,1.75,1.25,3.0,1.75,3.12,0.0,0.0,0.5,0.0,0.0,2.38,2.38,2.88,2.0,0.0,0.0,0.0,1.0,3.25,3.12,1.75,3.88,2.25,0.0,4.0,0.0,3.88,4.0,3.75,1.75,2.88,0.0,3.0,0.0,0.0,0.0,2.88,0.0,0.0,3.25,3.12,2.25,0.0,0.0,0.0,2.0,1.25,1.5,1.75,0.88,3.88,3.62,1.18,0.11,3.0,2.28,0.55,2.65,-0.1,0.24,0.26,-0.43,2.28,0.24,-0.54,-0.1,0.97,0.41,0.68,0.44,0.0,0.7,-0.92,4.48,4.55,3.75,4.68,2.77,4.14,3.87,2.88,2.75,0.0,0.0,0.0,2.0,2.88,1.75,0.88,2.0,2.38,0.12,0.38,0.62,2.12,0.38,0.12,0.0,2.88,2.75,2.12,2.12,0.12,2.88,0.0
43-3041.00,Gambling Cage Workers,0.4193548387096774,2,14.1,-5.0,1.3,67.4972914409534,False,0.19393282773564463,0.1218851570964247,0.15790899241603468,5,0,0.0,True,Nicht hoch GPT-exponiert,2.12,2.75,2.88,2.0,3.12,0.38,0.0,1.0,0.38,2.0,2.12,2.0,2.12,2.12,0.0,1.12,0.62,0.88,3.0,3.0,2.12,2.5,2.25,1.5,3.5,0.0,2.88,3.75,3.88,1.88,2.88,0.0,3.12,0.25,0.12,0.12,3.0,0.0,0.12,3.0,3.12,2.12,0.38,1.88,1.5,2.75,2.62,1.62,1.5,0.5,3.0,3.0,0.49,0.25,2.77,2.54,1.08,2.65,0.5,0.53,-0.08,-0.68,2.8,-0.33,-0.41,0.64,0.79,0.97,1.87,0.8,1.18,1.55,-0.61,4.96,3.88,3.26,4.97,4.06,4.11,4.07,2.25,2.75,0.0,0.0,0.0,2.75,2.38,1.0,0.75,2.25,2.62,1.38,0.12,1.5,2.25,0.38,1.75,0.0,3.0,3.0,1.38,1.25,0.0,2.75,0.5
43-3051.00,Payroll and Timekeeping Clerks,0.4864864864864865,3,161.1,-16.7,13.0,77.51895991332611,False,0.6587215601300108,0.020585048754062838,0.33965330444203684,5,2,0.4,True,Nicht hoch GPT-exponiert,0.88,1.25,2.88,0.5,3.0,0.0,0.0,0.38,0.0,0.0,2.12,1.62,2.62,2.12,0.0,0.0,0.0,1.12,3.0,3.12,1.0,3.38,2.0,0.0,3.75,0.0,3.38,3.88,3.88,2.12,2.62,0.0,3.25,0.0,0.0,0.0,2.88,0.0,0.0,3.12,3.12,2.12,0.0,0.0,0.0,2.12,1.5,1.12,1.75,0.88,3.88,3.5,0.85,0.25,3.0,2.24,0.95,2.65,0.2,0.42,0.3,-0.34,2.28,0.2,-0.5,-0.07,0.97,0.41,0.95,0.65,0.25,0.8,-0.92,3.82,4.83,3.49,4.91,2.7,3.0,4.25,3.0,2.12,0.0,0.0,0.0,2.12,2.88,0.25,0.0,2.0,2.0,0.0,0.38,1.0,2.0,1.0,0.75,0.0,2.75,2.88,2.25,1.88,0.38,3.0,0.0
43-3061.00,Procurement Clerks,0.4571428571428571,2,61.9,-8.7,4.6,72.91440953412784,False,0.4431202600216685,0.07042253521126761,0.25677139761646806,5,1,0.2,True,Nicht hoch GPT-exponiert,0.62,1.5,2.88,0.0,3.12,0.0,0.0,0.5,0.25,0.5,1.62,0.62,2.12,2.38,0.0,0.0,0.0,1.25,3.0,3.0,0.62,2.88,1.88,0.5,3.88,0.0,2.5,3.88,4.0,2.25,2.12,0.0,3.12,0.0,0.0,0.0,2.38,0.0,0.0,3.0,3.0,2.0,0.0,0.0,0.5,2.0,1.12,1.38,1.25,0.5,4.0,3.12,1.18,0.78,2.37,1.79,1.17,2.47,0.32,0.45,0.57,0.11,2.1,0.51,0.08,0.15,0.95,1.1,0.66,0.78,1.09,0.84,0.08,4.58,4.29,4.35,4.85,3.01,2.62,3.42,3.12,2.88,0.0,0.0,0.0,2.25,3.12,2.62,2.12,2.75,3.5,0.0,1.25,0.25,2.38,0.62,0.88,0.0,3.0,3.0,2.38,2.0,0.5,3.0,0.0
43-3071.00,Tellers,0.3333333333333333,2,347.4,-12.9,29.8,53.62946912242686,False,0.8158179848320694,0.04008667388949079,0.4279523293607801,5,0,0.0,True,Nicht hoch GPT-exponiert,2.12,1.62,3.0,2.0,3.25,1.0,0.0,0.88,0.38,0.75,2.62,2.38,2.62,2.38,0.0,0.75,0.25,1.5,3.12,3.0,2.12,3.0,2.12,1.88,3.38,0.0,3.12,3.75,3.88,2.25,2.75,0.0,3.25,1.0,0.88,0.88,3.0,0.0,0.0,3.62,3.62,2.25,0.5,0.75,1.5,2.88,2.0,2.25,2.0,1.62,3.12,3.0,0.97,0.66,3.0,2.47,1.92,2.65,1.0,0.75,0.57,-0.35,2.72,0.04,-0.32,1.32,0.93,1.26,1.56,1.36,1.74,1.27,-0.86,4.96,4.88,3.67,4.8,4.02,4.57,3.53,2.88,2.75,0.0,0.0,0.0,2.88,2.88,1.0,0.88,2.25,2.12,1.38,0.25,2.0,2.38,0.38,1.5,0.0,3.0,3.0,2.12,2.25,0.5,2.88,0.62
43-4011.00,Brokerage Clerks,0.8,3,40.8,-9.5,4.1,99.56663055254604,True,0.4219934994582882,0.06500541711809317,0.24349945828819067,5,2,0.4,True,Hoch GPT-exponiert mit guten Wechseloptionen,1.62,2.0,3.0,1.62,3.75,0.62,0.0,0.0,0.0,0.0,2.75,2.62,2.75,2.38,0.0,0.0,0.0,1.88,3.12,3.0,1.62,3.0,2.38,0.0,3.88,0.0,3.75,3.88,4.0,2.38,2.62,0.0,3.12,0.0,0.0,0.0,3.0,0.0,0.0,3.5,3.75,2.5,0.0,0.0,0.0,2.75,0.25,1.88,2.0,0.38,3.75,3.62,1.12,1.11,2.67,0.84,0.64,2.65,0.48,0.42,0.43,-0.22,1.99,0.1,-0.34,0.59,1.02,0.5,1.43,0.88,1.18,0.72,-0.21,4.84,4.67,3.88,4.73,3.71,3.44,4.61,2.88,2.88,0.0,0.0,0.0,2.0,2.88,1.25,1.0,2.12,2.5,0.25,0.75,1.12,2.12,1.75,0.12,0.0,3.12,3.0,2.12,2.25,0.0,3.12,0.0
43-4021.00,Correspondence Clerks,0.7321428571428571,2,6.9,-5.6,0.7,98.69989165763813,True,0.10184182015167931,0.10834236186348863,0.10509209100758396,5,3,0.6,True,Hoch GPT-exponiert mit guten Wechseloptionen,0.12,1.5,3.0,0.0,3.0,0.25,0.0,0.12,0.0,0.0,2.25,1.12,2.62,3.0,0.0,0.0,0.0,0.75,3.0,3.0,0.12,2.62,2.0,0.0,3.62,0.0,2.62,3.88,3.88,2.75,2.12,0.0,3.0,0.0,0.0,0.0,3.0,0.0,0.0,2.88,3.0,2.62,0.0,0.0,0.0,1.88,1.25,1.0,2.0,1.62,4.0,4.0,0.82,0.46,2.5,1.32,1.57,2.36,1.0,0.72,0.43,-0.3,1.73,0.29,-0.36,0.66,0.93,0.62,1.37,1.09,-0.03,0.97,0.1,4.79,4.76,4.16,4.52,2.96,3.62,3.83,2.75,2.88,0.0,0.0,0.0,2.0,3.0,0.38,0.5,2.25,2.75,0.12,0.25,0.38,2.88,0.38,0.5,0.0,3.0,2.88,2.12,2.12,0.25,2.88,0.0
43-4031.00,"Court, Municipal, and License Clerks",0.5909090909090908,2,180.4,3.0,18.5,91.11592632719393,True,0.7432286023835319,0.5032502708559047,0.6232394366197183,5,2,0.4,True,Hoch GPT-exponiert mit guten Wechseloptionen,1.75,1.62,2.75,1.38,3.12,0.0,0.0,0.88,0.0,0.0,2.25,1.88,2.62,2.5,0.0,0.0,0.0,1.62,3.12,3.0,1.38,2.12,2.5,0.0,3.88,0.0,2.12,3.62,3.75,2.0,2.12,0.0,2.88,0.0,0.12,0.38,2.38,0.0,0.0,3.12,3.38,2.38,0.0,0.0,0.0,2.38,1.75,1.12,1.62,2.25,3.62,3.38,0.89,0.83,2.67,2.03,1.67,2.65,0.79,0.64,0.55,-0.35,2.36,0.26,-0.34,0.59,0.93,0.82,1.5,1.31,1.52,1.32,-0.07,4.79,4.74,3.88,4.36,3.27,3.53,4.08,2.62,3.0,0.25,0.5,0.0,2.38,2.62,1.25,1.0,2.62,2.25,0.75,0.38,1.12,2.12,0.88,1.12,0.25,3.0,2.75,2.25,2.25,0.75,3.0,0.5
43-4041.00,"Credit Authorizers, Checkers, and Clerks",0.5750000000000001,2,12.0,-6.2,1.0,89.1115926327194,True,0.1495124593716143,0.09750812567713976,0.12351029252437704,5,0,0.0,True,Hoch GPT-exponiert mit begrenzten Wechseloptionen,0.25,1.38,2.88,0.0,3.12,0.5,0.0,0.75,0.0,0.0,2.0,0.25,2.88,2.25,0.88,0.0,0.0,0.88,3.12,3.12,0.38,2.5,2.25,0.0,3.62,0.0,2.5,3.75,3.62,2.12,2.12,0.0,3.0,0.0,0.0,0.0,2.5,0.0,0.12,2.88,3.0,2.25,0.0,0.0,0.0,2.0,1.62,1.0,1.62,1.38,3.5,3.25,1.3,0.48,2.67,2.17,0.98,2.38,0.64,0.53,0.76,-0.2,2.21,0.76,-0.07,-0.13,1.1,1.02,1.37,0.76,1.27,1.02,0.39,4.88,4.7,4.38,4.7,3.48,3.88,4.67,2.25,2.75,0.0,0.0,0.0,2.5,3.25,1.38,1.25,2.38,2.5,0.12,0.25,0.0,2.75,0.88,0.38,0.0,3.0,3.0,1.75,1.62,0.0,2.75,0.0
43-4051.00,Customer Service Representatives,0.7045454545454546,2,2814.0,-5.5,341.7,98.15817984832069,True,0.9880823401950163,0.11213434452871072,0.5501083423618635,5,1,0.2,True,Hoch GPT-exponiert mit begrenzten Wechseloptionen,1.62,2.0,2.88,1.0,3.12,0.25,0.0,0.38,0.25,0.38,2.62,2.12,2.88,2.62,0.0,0.25,0.12,1.88,3.12,3.0,1.38,2.12,2.12,0.25,3.25,0.0,2.25,3.75,3.88,2.62,2.38,0.0,3.25,0.0,0.0,0.0,2.88,0.0,0.0,3.25,3.25,2.12,0.0,0.25,0.38,2.12,0.62,1.88,2.12,0.62,3.12,3.12,0.81,1.14,1.86,0.77,2.34,2.41,2.14,1.25,0.55,-0.34,1.7,-0.11,-0.38,2.06,1.34,1.05,2.38,1.6,2.26,1.8,0.27,4.85,3.61,3.05,4.53,3.24,4.2,4.55,3.0,3.0,0.0,0.0,0.0,2.88,3.0,0.5,0.5,2.12,3.0,0.0,0.62,1.0,3.0,0.62,0.12,0.0,3.62,3.0,2.12,2.12,0.88,3.0,0.0
43-4061.00,"Eligibility Interviewers, Government Programs",0.62,3,166.8,1.0,14.0,93.71614301191767,True,0.6836403033586133,0.3120260021668472,0.4978331527627302,5,2,0.4,True,Hoch GPT-exponiert mit guten Wechseloptionen,1.5,1.5,3.12,1.12,3.75,0.0,0.0,0.12,0.0,0.0,2.12,1.25,2.75,2.75,0.0,0.0,0.0,1.38,3.62,3.25,1.25,2.62,2.0,0.0,3.62,0.0,2.38,4.0,4.12,2.62,2.25,0.0,3.38,0.0,0.0,0.0,2.88,0.0,0.0,4.0,3.88,2.0,0.0,0.0,0.0,2.12,1.38,1.5,2.0,0.75,3.88,3.88,0.87,0.99,2.63,1.76,1.77,2.62,1.71,1.09,0.72,-0.41,2.47,0.37,0.06,0.76,1.1,1.1,1.87,1.55,1.45,1.38,0.08,4.42,3.95,3.63,4.64,2.6,3.54,4.28,3.0,3.0,0.0,0.0,0.0,2.38,3.25,0.12,0.0,1.88,2.88,0.0,0.0,0.5,2.88,0.25,0.0,0.0,3.62,3.88,2.38,2.25,0.25,3.0,0.0
43-4071.00,File Clerks,0.4705882352941176,2,84.3,-15.9,7.3,74.59371614301192,False,0.5384615384615384,0.023835319609967497,0.281148429035753,5,0,0.0,True,Nicht hoch GPT-exponiert,2.12,1.0,3.38,1.5,3.0,0.62,0.12,1.0,0.25,1.75,2.75,2.62,2.88,2.88,0.0,1.25,1.25,0.75,2.88,3.0,2.25,2.12,2.25,1.25,4.0,0.12,2.0,3.38,3.38,2.5,2.88,0.0,3.0,0.12,0.25,0.0,3.0,0.0,0.0,2.88,3.0,2.12,0.12,1.25,2.0,2.12,2.0,1.88,2.12,2.0,3.12,3.25,0.28,0.16,2.53,1.17,1.0,2.25,-0.05,0.29,0.25,-0.34,1.66,-0.12,-0.64,0.01,0.4,0.0,0.33,0.28,0.2,0.24,-0.73,4.65,4.78,3.43,4.16,2.97,3.06,4.15,2.38,2.38,0.0,0.12,0.0,2.0,2.0,1.0,1.25,1.75,2.0,1.38,0.88,0.88,2.12,0.75,1.5,0.0,2.88,2.5,1.88,1.75,0.38,2.75,0.12
43-4081.00,"Hotel, Motel, and Resort Desk Clerks",0.3974358974358974,2,264.2,3.7,43.6,63.86782231852655,False,0.8645720476706392,0.5964247020585048,0.730498374864572,5,1,0.2,True,Nicht hoch GPT-exponiert,2.0,2.12,3.0,1.75,3.0,0.5,0.0,0.88,0.75,0.62,2.75,2.0,2.25,3.0,0.0,0.5,0.62,1.88,3.0,3.0,2.0,2.0,2.5,0.75,3.5,0.0,2.38,3.75,4.0,2.38,2.38,0.0,3.0,0.0,0.0,0.0,2.88,0.0,0.75,3.25,3.62,2.12,0.0,0.5,1.0,2.25,2.0,2.0,2.12,0.38,3.12,3.0,0.7,1.38,2.02,1.0,2.51,2.53,1.74,1.06,1.1,-0.14,1.73,0.0,0.19,1.9,0.93,1.18,1.73,1.58,2.33,1.8,0.74,4.95,4.84,4.2,4.14,3.54,3.79,3.2,2.75,3.12,0.0,0.0,0.0,2.88,2.88,0.88,0.75,3.0,2.88,0.12,0.0,1.5,2.88,0.88,1.38,0.0,3.62,3.25,2.12,2.25,0.88,3.0,0.5
43-4111.00,"Interviewers, Except Eligibility and Loan",0.4310344827586206,3,164.3,-11.6,15.8,69.50162513542794,False,0.7145178764897074,0.047670639219934995,0.3810942578548212,5,0,0.0,True,Nicht hoch GPT-exponiert,1.12,2.0,3.12,1.0,3.25,0.12,0.0,0.25,0.0,0.0,2.12,1.75,2.5,2.25,0.62,0.0,0.0,2.0,3.12,3.12,1.0,2.12,2.38,0.12,3.75,0.0,2.25,3.88,4.0,2.25,2.25,0.0,3.12,0.0,0.0,0.12,3.0,0.0,0.0,4.0,4.0,2.38,0.0,0.0,0.0,2.12,0.88,1.75,1.25,0.5,3.88,3.38,0.73,0.95,2.19,1.0,2.14,2.16,1.43,0.78,0.72,-0.26,1.73,0.1,0.47,1.42,0.88,0.97,1.37,1.44,2.22,1.02,0.29,5.0,4.78,3.76,4.67,4.16,3.91,4.2,3.12,3.0,0.0,0.0,0.0,2.88,2.75,0.88,0.88,2.88,3.12,0.0,1.62,1.12,3.12,1.12,0.12,0.0,3.25,3.25,2.25,2.25,0.38,3.25,0.0
43-4121.00,"Library Assistants, Clerical",0.4396551724137931,2,84.5,-6.7,12.8,70.63921993499459,False,0.6511375947995667,0.08829902491874322,0.36971830985915494,5,0,0.0,True,Nicht hoch GPT-exponiert,2.12,2.12,3.0,1.38,2.62,0.5,0.0,1.25,0.25,2.25,2.75,2.12,2.62,2.12,0.0,1.12,1.38,1.88,2.75,3.12,2.12,1.88,2.25,1.75,3.62,0.25,2.25,3.5,3.75,2.0,2.62,0.25,2.88,0.0,0.0,0.0,2.62,0.0,1.12,3.0,3.12,2.12,0.0,1.0,2.0,2.12,2.0,1.88,2.25,0.62,3.12,3.0,0.62,0.5,2.41,1.06,2.07,2.25,1.05,0.9,0.67,-0.08,1.37,0.58,-0.13,0.84,0.47,0.44,1.28,1.23,1.58,0.66,-0.27,4.54,4.82,3.9,4.17,3.9,3.52,3.38,2.12,2.88,0.25,0.0,0.0,2.5,2.25,1.12,1.62,2.12,2.12,0.0,0.25,1.0,2.12,0.5,1.25,0.25,3.0,2.75,1.88,1.75,0.38,2.5,0.25
43-4131.00,Loan Interviewers and Clerks,0.5,3,177.6,-2.3,13.3,79.68580715059588,True,0.6668472372697725,0.18255687973997833,0.4247020585048754,5,0,0.0,True,Hoch GPT-exponiert mit begrenzten Wechseloptionen,0.38,2.0,3.25,0.5,3.75,0.5,0.0,0.25,0.0,0.0,2.75,2.12,2.88,3.0,0.0,0.0,0.0,2.0,3.5,3.62,0.38,3.25,2.75,0.0,3.88,0.0,3.25,4.12,4.12,2.75,2.75,0.0,3.38,0.0,0.0,0.0,3.0,0.0,0.0,3.38,4.0,2.75,0.0,0.0,0.0,2.5,0.75,1.75,2.38,0.5,4.0,3.88,1.3,0.69,2.84,2.17,1.35,2.65,0.86,0.53,0.65,-0.43,2.17,0.33,0.02,0.56,1.2,1.21,1.43,1.23,1.52,1.02,-0.15,4.97,4.64,4.42,4.7,2.78,3.15,4.53,3.0,3.0,0.0,0.0,0.0,3.0,3.75,1.25,0.25,2.25,3.0,0.0,2.12,1.62,3.12,1.12,1.0,0.0,3.25,3.12,2.75,2.62,0.75,3.12,0.62
43-4141.00,New Accounts Clerks,0.6,3,38.9,-13.2,2.3,92.19934994582883,True,0.29198266522210187,0.03791982665222102,0.16495124593716143,5,0,0.0,True,Hoch GPT-exponiert mit begrenzten Wechseloptionen,1.0,2.0,2.75,1.12,3.12,0.0,0.0,0.38,0.25,0.0,2.0,1.88,2.0,2.38,0.0,0.25,0.12,1.25,3.0,3.0,1.5,2.75,2.25,0.0,3.88,0.0,2.88,4.0,4.0,1.75,2.12,0.0,2.88,0.0,0.0,0.0,2.12,0.0,0.0,3.12,3.62,2.12,0.0,0.25,0.0,2.12,1.38,0.88,1.88,0.75,4.0,3.0,0.99,1.05,2.44,1.69,2.26,2.65,1.43,0.78,1.07,-0.32,2.24,0.33,0.34,1.39,0.93,1.18,1.7,1.6,2.24,1.07,0.1,4.89,4.69,3.32,4.67,3.86,3.58,3.97,2.62,2.88,0.0,0.0,0.0,2.0,3.0,0.5,0.12,1.75,2.0,0.25,0.38,0.75,2.88,0.75,0.62,0.0,3.38,3.0,2.0,2.0,0.25,2.5,0.0
43-4151.00,Order Clerks,0.6,2,89.5,-17.2,8.0,92.19934994582883,True,0.5579631635969664,0.018418201516793065,0.28819068255687974,5,0,0.0,True,Hoch GPT-exponiert mit begrenzten Wechseloptionen,1.38,2.12,3.12,0.62,3.0,0.5,0.0,0.62,0.0,0.38,2.62,1.5,2.75,2.5,0.0,0.0,0.12,1.25,3.0,3.0,1.12,2.25,2.25,0.25,4.0,0.0,2.88,3.88,3.88,2.0,3.0,0.0,3.12,0.12,0.38,0.12,2.88,0.0,0.0,3.38,3.88,2.88,0.0,0.12,0.0,2.38,1.62,2.25,2.12,1.5,3.38,3.0,0.71,0.57,2.34,1.23,1.67,2.22,1.1,0.61,0.49,0.11,1.66,-0.12,-0.34,1.04,0.88,0.62,1.16,1.14,1.58,1.0,-0.03,4.32,4.6,3.81,4.11,3.48,3.14,4.16,2.62,3.0,0.0,0.0,0.0,2.0,2.75,1.12,1.25,1.62,2.88,0.75,0.75,0.88,3.0,0.38,2.25,0.0,3.25,3.0,2.0,2.12,0.25,2.75,0.5
43-4161.00,"Human Resources Assistants, Except Payroll and Timekeeping",0.4655172413793103,3,95.2,-7.1,9.0,73.88949079089923,False,0.5845070422535211,0.08342361863488625,0.3339653304442037,5,0,0.0,True,Nicht hoch GPT-exponiert,0.0,1.25,2.88,0.0,3.12,0.25,0.0,0.38,0.0,0.0,2.62,1.38,2.62,2.62,0.0,0.0,0.0,0.88,3.0,3.12,0.0,2.0,2.12,0.0,3.62,0.0,2.12,4.0,4.0,2.25,2.25,0.0,3.25,0.0,0.0,0.0,2.38,0.0,0.0,3.25,3.38,2.0,0.0,0.0,0.0,2.5,1.0,1.25,2.0,0.38,3.88,4.0,0.71,0.64,2.57,1.35,2.07,2.65,1.17,1.06,0.45,-0.14,2.36,0.29,0.12,0.79,0.68,0.6,1.37,1.28,1.38,0.93,0.06,4.91,4.53,3.98,4.72,3.13,3.46,4.27,2.75,3.0,0.0,0.0,0.0,2.88,3.0,0.75,0.75,2.62,2.5,0.25,1.25,1.12,2.75,0.75,0.38,0.0,3.0,3.38,2.12,2.12,0.75,2.88,0.0
43-4171.00,Receptionists and Information Clerks,0.5833333333333334,2,1007.2,0.0,128.5,90.30335861321777,True,0.9588299024918743,0.2681473456121343,0.6134886240520043,5,1,0.2,True,Hoch GPT-exponiert mit begrenzten Wechseloptionen,1.88,2.0,2.62,1.38,2.88,0.25,0.0,0.25,0.0,0.0,2.88,2.0,2.38,2.5,0.12,0.0,0.0,2.0,2.75,2.75,1.62,2.0,2.12,0.5,3.38,0.0,2.12,3.75,3.88,2.0,2.5,0.0,2.88,0.0,0.0,0.0,2.88,0.0,0.25,3.12,3.62,1.88,0.0,0.0,0.25,2.62,0.62,2.0,1.88,0.25,3.0,3.0,0.54,1.14,1.89,0.77,2.47,2.45,1.86,1.22,0.83,-0.24,1.63,-0.06,-0.26,1.82,0.47,1.13,1.84,1.72,2.29,1.19,0.45,4.88,4.38,3.95,3.72,3.3,3.79,2.71,2.62,2.88,0.0,0.0,0.0,2.0,2.12,0.5,0.38,2.0,2.38,0.0,0.25,0.88,2.5,0.5,1.38,0.0,3.25,2.88,2.0,2.0,0.0,2.62,0.38
43-4181.00,Reservation and Transportation Ticket Agents and Travel Clerks,0.5285714285714286,2,131.9,2.8,14.4,84.12784398699891,True,0.6960996749729144,0.48537378114842905,0.5907367280606717,5,2,0.4,True,Hoch GPT-exponiert mit guten Wechseloptionen,2.12,2.75,3.0,2.0,3.12,0.62,0.0,1.5,0.5,1.0,2.88,2.5,2.62,2.88,0.75,1.5,1.0,1.88,3.0,3.0,2.0,2.0,2.38,2.0,3.75,0.0,2.38,3.62,4.0,2.75,2.25,0.0,3.0,1.38,1.38,0.38,2.88,0.0,0.25,4.0,3.75,2.38,0.12,1.38,2.38,2.75,2.12,2.0,2.0,0.5,3.38,3.0,0.77,1.54,2.16,1.29,2.3,2.59,1.54,0.75,0.95,-0.3,1.76,0.15,-0.09,1.42,0.97,1.05,1.8,1.23,2.22,1.61,0.62,4.99,4.6,4.05,4.68,4.24,3.52,4.49,3.0,3.0,0.0,0.0,0.0,2.75,3.0,0.38,0.5,2.0,2.88,0.5,1.0,1.62,3.0,0.88,1.12,0.0,3.75,3.12,2.25,2.25,0.5,3.0,0.5
43-5011.00,Cargo and Freight Agents,0.2727272727272727,2,100.6,8.5,8.8,45.61213434452871,False,0.5796316359696642,0.886240520043337,0.7329360780065006,5,0,0.0,True,Nicht hoch GPT-exponiert,1.25,2.12,3.12,1.25,3.0,1.25,0.0,0.88,1.0,1.12,2.75,2.12,2.38,2.5,0.62,0.62,0.5,1.75,3.0,3.0,1.38,2.5,2.12,1.12,3.12,0.62,2.62,4.0,4.0,2.25,2.75,0.75,3.0,0.75,1.0,0.88,3.0,0.62,0.75,3.0,3.0,2.0,0.0,0.75,1.0,2.75,1.12,2.0,2.0,0.75,3.75,3.12,1.16,1.41,2.37,1.32,1.38,2.65,0.35,0.47,1.1,0.07,1.73,0.33,0.52,0.69,1.15,1.18,1.31,0.65,1.27,1.29,0.97,4.48,4.57,4.2,3.67,3.11,2.78,3.96,2.88,3.0,0.62,0.75,0.25,2.5,2.75,0.38,1.38,2.25,3.12,1.25,1.38,1.62,2.88,0.38,2.0,0.5,3.0,3.0,2.12,2.12,0.38,3.0,1.38
43-5011.01,Freight Forwarders,0.5849056603773585,2,100.6,8.5,8.8,90.465872156013,True,0.5796316359696642,0.886240520043337,0.7329360780065006,5,1,0.2,True,Hoch GPT-exponiert mit begrenzten Wechseloptionen,1.12,2.12,3.12,1.12,3.75,1.25,0.0,0.5,0.75,1.0,2.88,1.75,2.88,3.0,0.5,0.5,0.62,2.0,3.0,3.0,1.0,3.0,2.62,0.88,3.38,0.5,3.0,3.88,3.88,2.75,3.0,0.5,3.25,0.75,0.88,0.62,2.62,0.5,0.88,3.0,3.38,2.75,0.0,0.62,0.88,2.88,1.12,2.25,2.88,0.75,3.75,3.5,1.66,1.75,2.5,2.14,1.63,2.65,0.41,0.29,1.59,0.89,2.1,1.17,1.0,0.66,1.77,1.54,1.37,0.76,1.18,1.61,1.31,4.69,4.34,3.53,4.33,3.05,2.4,4.95,3.12,3.38,0.75,0.75,0.0,2.88,3.0,2.0,2.0,2.62,3.38,0.75,0.75,2.12,3.25,0.75,0.88,0.62,3.12,3.25,3.12,3.0,0.75,3.12,0.88
43-5021.00,Couriers and Messengers,0.1551724137931034,2,247.2,8.2,27.9,32.3943661971831,False,0.80931744312026,0.8764897074756229,0.8429035752979415,5,0,0.0,True,Nicht hoch GPT-exponiert,2.62,2.38,2.75,3.0,2.88,2.62,0.75,2.12,0.75,2.75,2.75,2.5,2.12,1.75,2.25,2.12,1.75,2.0,2.25,3.0,2.75,1.62,1.88,3.12,3.25,1.38,1.88,3.12,3.0,1.88,2.62,1.88,2.62,2.38,2.25,3.12,2.62,2.0,2.25,2.88,3.5,2.0,1.62,2.62,2.62,2.88,2.88,2.12,2.12,1.0,3.0,2.38,0.31,0.99,1.84,1.38,1.14,2.56,0.56,0.37,0.72,-0.24,1.73,-0.24,-0.43,0.71,1.12,0.56,0.85,0.84,1.18,1.14,-0.21,4.69,4.72,4.79,4.14,2.81,3.7,4.71,2.38,2.38,1.0,0.12,0.0,1.62,2.0,0.75,0.62,1.38,1.75,2.25,0.38,2.12,1.75,0.0,1.38,0.12,2.62,2.38,1.88,1.62,0.38,2.75,1.5
43-5031.00,Public Safety Telecommunicators,0.59375,2,105.2,3.5,10.7,91.65763813651138,True,0.6273022751895991,0.570964247020585,0.5991332611050921,5,3,0.6,True,Hoch GPT-exponiert mit guten Wechseloptionen,2.12,3.12,3.0,2.12,3.88,1.75,0.0,0.5,0.38,1.12,2.88,2.38,3.0,3.0,0.12,0.5,0.5,2.12,3.0,3.75,2.12,2.0,3.0,1.5,3.88,0.0,2.0,4.0,4.0,2.88,3.5,0.0,4.0,0.38,1.88,2.0,4.0,0.0,0.38,4.0,4.62,3.0,0.38,0.5,0.62,3.62,1.38,2.38,2.88,1.88,3.0,3.25,1.55,1.0,2.77,2.58,2.3,2.93,1.71,0.53,0.83,-0.68,2.93,0.76,0.76,0.93,1.31,1.83,3.0,1.55,1.33,3.0,1.14,4.99,4.17,4.33,4.82,2.78,4.38,4.22,3.12,3.75,0.62,0.75,0.12,3.0,3.12,1.0,1.12,2.62,3.0,1.0,1.62,2.12,3.12,1.0,2.0,0.62,3.38,4.0,2.62,2.25,0.75,3.0,1.88
43-5032.00,"Dispatchers, Except Police, Fire, and Ambulance",0.6521739130434783,2,218.7,-0.9,18.5,95.93716143011918,True,0.7432286023835319,0.228602383531961,0.4859154929577465,5,3,0.6,True,Hoch GPT-exponiert mit guten Wechseloptionen,1.12,2.25,3.0,1.88,3.62,0.75,0.0,0.12,0.0,0.0,2.88,2.12,2.62,2.75,0.0,0.0,0.0,2.0,3.12,3.0,1.38,2.25,2.5,0.0,3.75,0.0,2.25,4.0,4.0,2.75,2.75,0.0,3.25,0.0,0.0,0.12,3.12,0.0,0.12,4.0,4.12,2.88,0.0,0.0,0.0,2.75,1.12,1.5,2.12,0.62,3.25,3.25,1.14,1.72,2.14,1.53,1.84,2.65,0.82,0.42,0.95,-0.18,1.7,0.1,1.31,1.04,1.34,1.1,1.77,0.76,1.47,1.96,1.12,4.92,4.97,4.51,4.58,3.48,3.83,4.48,3.0,3.62,0.0,0.0,0.0,2.5,2.88,1.0,1.38,2.75,2.75,0.38,0.75,1.75,2.88,0.38,1.88,0.0,2.88,3.0,2.75,2.75,0.75,3.12,0.62
43-5041.00,"Meter Readers, Utilities",0.3541666666666666,2,20.1,-12.0,1.3,56.82556879739978,False,0.19393282773564463,0.04496208017334778,0.11944745395449621,5,1,0.2,True,Nicht hoch GPT-exponiert,2.5,2.12,2.88,2.88,2.75,2.12,0.0,1.62,1.0,3.0,3.0,2.38,2.5,2.0,2.25,2.12,2.0,2.12,2.75,2.88,2.5,2.0,2.0,2.88,3.25,1.88,2.12,3.25,3.0,2.0,2.88,1.88,2.88,2.25,2.75,2.62,2.5,1.88,2.12,2.75,2.75,2.0,1.62,2.12,2.38,2.25,3.0,2.75,2.38,2.0,3.0,2.38,0.33,0.34,2.05,1.2,0.68,2.27,0.3,0.34,0.36,-0.39,1.73,-0.21,-0.4,0.36,0.79,0.52,0.85,0.72,0.09,0.78,-0.65,3.76,3.58,3.82,4.33,2.46,4.09,3.97,2.62,2.12,1.12,1.12,0.25,2.38,2.5,1.0,1.0,1.88,2.12,2.38,0.62,2.38,2.12,0.88,2.12,1.0,2.75,2.12,1.88,1.75,0.62,2.62,1.88
43-5051.00,Postal Service Clerks,0.2777777777777778,2,74.2,-3.5,6.1,46.37053087757313,False,0.5054171180931745,0.15059588299024917,0.3280065005417118,5,0,0.0,True,Nicht hoch GPT-exponiert,2.75,2.25,2.75,2.12,3.0,1.75,0.0,2.12,0.75,2.62,2.75,2.88,2.5,2.0,0.38,2.12,1.12,1.75,3.0,2.88,2.88,2.12,2.0,2.12,3.62,0.0,2.88,3.75,4.0,1.88,2.75,0.0,2.88,0.75,0.75,0.38,2.88,0.0,0.12,3.12,3.12,2.12,1.25,1.75,2.62,2.75,2.88,2.0,2.0,1.0,3.25,2.75,0.66,0.3,2.41,1.53,1.57,2.46,0.73,0.7,0.11,-0.66,1.99,-0.22,-0.38,0.98,0.79,0.6,1.43,0.78,1.29,1.14,-0.67,4.61,3.73,3.13,4.28,4.28,3.97,3.67,2.5,2.25,0.0,0.0,0.0,2.0,2.12,1.62,1.25,2.0,2.0,1.0,0.5,1.62,2.5,0.62,2.0,0.0,3.0,2.38,1.88,1.25,0.5,2.62,1.5
43-5052.00,Postal Service Mail Carriers,0.3461538461538461,2,319.4,-3.5,20.6,55.52546045503792,False,0.7556879739978332,0.15059588299024917,0.45314192849404117,5,1,0.2,True,Nicht hoch GPT-exponiert,2.88,2.25,3.0,3.0,2.75,2.38,0.62,2.0,1.0,2.75,2.75,2.88,2.25,1.25,1.88,2.0,2.0,2.0,2.75,2.88,3.0,1.0,1.25,2.88,3.0,1.75,1.25,3.62,3.5,1.38,2.62,1.5,2.75,1.88,1.88,2.25,2.75,1.5,2.0,2.38,2.38,1.25,1.25,2.38,2.62,2.62,2.62,1.88,1.88,1.12,3.0,2.25,0.78,0.64,2.16,1.29,1.53,2.65,0.71,0.61,0.38,-0.37,2.06,-0.3,-0.32,0.98,1.58,0.6,1.31,1.05,1.22,1.38,-0.23,3.78,4.24,3.38,4.5,3.29,4.64,4.12,2.12,2.62,0.0,0.0,0.0,0.12,2.12,0.12,0.5,0.0,2.0,2.12,1.0,2.12,2.12,0.0,0.88,0.0,2.12,2.75,1.25,1.12,0.0,2.38,0.12
43-5053.00,"Postal Service Mail Sorters, Processors, and Processing Machine Operators",0.125,2,106.4,-8.4,7.8,27.627302275189596,False,0.5509209100758397,0.07150595882990249,0.3112134344528711,5,0,0.0,True,Nicht hoch GPT-exponiert,2.5,2.12,2.62,2.88,2.5,2.12,0.88,2.12,0.75,3.0,2.25,3.0,2.0,1.75,0.0,2.0,1.0,1.88,2.5,2.62,3.25,1.25,1.62,3.25,3.75,0.12,1.62,3.0,3.0,1.62,2.62,0.12,2.62,2.12,2.38,1.75,2.62,0.0,0.25,2.75,2.75,2.12,1.25,2.12,3.38,2.0,3.0,2.0,2.0,2.0,2.75,2.0,0.54,0.64,2.41,0.95,0.66,2.27,-0.12,-0.4,0.19,-0.39,1.37,-0.24,-0.54,-0.02,0.84,0.07,0.59,0.07,-0.37,0.97,-0.44,3.8,4.25,3.24,4.04,3.5,4.54,4.69,2.0,2.88,0.62,0.12,0.0,2.38,2.12,0.0,0.0,1.88,1.38,2.38,0.62,2.62,1.5,0.62,1.88,0.38,1.88,2.38,1.62,1.25,0.0,2.5,1.62
43-5061.00,"Production, Planning, and Expediting Clerks",0.5192307692307693,2,388.8,-1.8,34.1,82.5027085590466,True,0.8429035752979415,0.19609967497291442,0.519501625135428,5,2,0.4,True,Hoch GPT-exponiert mit guten Wechseloptionen,1.75,2.12,3.0,1.38,3.5,1.38,0.0,0.75,0.0,0.5,2.88,1.88,2.88,2.75,0.0,0.38,0.38,1.62,3.12,3.62,1.62,2.62,1.5,0.5,3.75,0.0,2.75,3.88,3.88,2.62,2.75,0.0,3.5,1.25,0.75,0.5,3.0,0.0,0.12,3.0,3.0,2.12,0.5,0.5,0.5,2.12,1.62,2.0,2.62,0.88,3.38,3.38,1.52,1.61,2.5,1.5,1.77,2.62,0.54,0.42,1.32,0.15,1.54,0.45,1.06,0.61,1.43,0.99,1.0,0.7,1.38,1.11,0.58,4.29,4.92,4.59,4.46,2.75,3.19,4.55,3.12,3.0,0.0,0.12,0.0,2.12,2.88,2.12,2.38,2.38,2.75,0.5,1.25,1.88,2.75,1.0,1.88,0.0,2.5,2.88,3.0,2.12,1.0,3.5,1.25
43-5071.00,"Shipping, Receiving, and Inventory Clerks",0.3571428571428571,2,862.2,-7.7,69.3,57.52979414951246,False,0.9079089924160346,0.08017334777898158,0.4940411700975081,5,2,0.4,True,Nicht hoch GPT-exponiert,2.5,2.12,3.0,2.38,2.88,2.12,0.38,1.75,1.12,2.88,2.88,2.38,2.38,2.12,1.0,1.88,1.5,1.88,2.88,3.0,2.88,2.12,2.12,2.38,3.25,1.0,2.38,3.12,3.12,2.12,2.88,1.62,3.0,1.88,1.88,1.75,2.38,1.0,1.38,3.0,2.88,2.12,1.25,2.12,2.88,2.25,2.88,2.38,2.62,1.88,3.0,2.62,0.84,0.59,2.37,1.47,1.11,2.47,0.01,0.24,0.43,-0.34,1.73,-0.06,-0.19,0.11,0.86,0.35,0.63,0.55,0.34,0.9,-0.38,4.48,4.86,4.14,4.44,2.82,2.7,4.57,2.25,2.88,0.0,0.25,0.0,2.25,2.75,1.12,1.12,2.12,2.12,2.0,0.62,2.12,2.12,0.62,2.0,0.0,2.25,2.5,2.25,1.62,0.88,2.38,1.25
43-5111.00,"Weighers, Measurers, Checkers, and Samplers, Recordkeeping",0.2758620689655172,2,49.8,-4.8,5.3,45.937161430119176,False,0.4750812567713976,0.1256771397616468,0.3003791982665222,5,3,0.6,True,Nicht hoch GPT-exponiert,2.62,2.75,3.25,2.5,3.12,1.38,0.0,1.88,1.0,2.38,3.0,2.88,3.12,2.12,0.75,1.88,1.62,2.12,3.0,3.0,2.38,2.62,2.25,2.38,4.0,0.75,2.75,3.5,3.12,2.12,3.12,0.88,2.88,1.12,2.38,0.88,3.12,0.88,0.88,3.0,3.12,2.25,1.25,2.0,2.0,2.25,2.12,2.5,2.5,0.75,3.0,3.0,0.56,-0.01,2.6,1.93,0.55,2.3,-0.14,-0.04,0.1,-0.71,1.7,-0.23,-0.4,-0.1,0.32,0.17,0.39,0.24,-0.12,0.38,-0.67,4.42,4.61,3.52,4.52,3.33,3.41,4.26,2.75,3.0,1.25,1.25,0.0,2.38,2.88,1.12,1.0,2.75,2.12,1.75,0.5,2.25,2.25,1.12,2.75,1.25,3.0,2.88,2.12,2.12,0.5,2.88,1.38
43-6011.00,Executive Secretaries and Executive Administrative Assistants,0.7432432432432433,3,502.8,-1.6,50.0,99.02491874322861,True,0.8808234019501625,0.20693391115926327,0.5438786565547129,5,4,0.8,True,Hoch GPT-exponiert mit guten Wechseloptionen,0.88,2.12,3.12,0.75,3.12,0.25,0.0,0.25,0.25,0.25,3.12,2.25,3.0,3.0,0.0,0.0,0.0,1.5,3.12,3.12,1.0,2.62,2.75,0.62,4.12,0.0,2.75,4.0,4.0,3.0,2.75,0.0,3.0,0.0,0.0,0.25,3.0,0.0,0.0,3.88,4.12,2.5,0.0,0.0,0.38,2.88,0.88,1.75,2.25,1.88,4.0,4.0,1.52,1.48,2.63,1.29,2.14,2.65,1.05,0.84,1.38,0.37,1.89,0.6,0.78,1.23,1.49,1.13,1.63,1.09,1.9,1.61,0.85,4.7,4.65,4.26,4.5,2.55,3.28,3.86,3.0,3.0,0.0,0.12,0.0,2.88,2.88,1.25,1.25,2.38,2.62,0.38,0.88,1.25,2.88,1.25,1.88,0.12,3.75,3.12,2.5,2.62,0.75,3.0,0.0
43-6012.00,Legal Secretaries and Administrative Assistants,0.7608695652173912,3,156.3,-5.8,19.6,99.24160346695558,True,0.7486457204767064,0.1056338028169014,0.4271397616468039,5,2,0.4,True,Hoch GPT-exponiert mit guten Wechseloptionen,1.25,1.62,3.0,1.0,3.0,0.38,0.0,0.38,0.0,0.0,2.88,1.88,2.0,2.88,0.0,0.0,0.0,1.5,2.88,3.0,1.12,2.0,1.88,0.0,4.62,0.0,2.12,4.0,4.0,2.25,2.0,0.0,3.0,0.0,0.0,0.0,2.38,0.0,0.0,3.12,3.62,2.12,0.0,0.0,0.0,2.0,1.25,1.5,2.12,1.88,4.0,4.0,1.27,0.83,2.77,1.86,1.92,2.65,0.58,0.78,1.05,-0.39,2.4,0.53,-0.5,0.49,1.43,0.64,1.6,1.14,1.04,1.49,0.0,4.38,4.06,3.61,4.43,2.48,3.06,4.01,2.88,2.88,0.0,0.0,0.0,2.0,2.75,0.38,0.0,1.88,2.12,0.0,0.25,1.12,2.12,0.38,1.75,0.0,3.0,3.0,2.0,1.88,0.5,3.0,0.25
43-6013.00,Medical Secretaries and Administrative Assistants,0.611111111111111,2,850.0,4.2,85.9,92.95774647887323,True,0.9317443120260022,0.6505958829902492,0.7911700975081257,5,2,0.4,True,Hoch GPT-exponiert mit guten Wechseloptionen,1.62,1.38,3.0,1.25,3.0,0.12,0.0,0.25,0.0,0.0,2.12,2.75,2.0,2.12,0.0,0.0,0.0,0.88,3.0,2.88,1.38,2.0,2.0,0.0,3.12,0.0,2.0,4.0,4.0,2.0,2.12,0.0,2.88,0.0,0.0,0.0,2.75,0.0,0.0,3.0,3.12,1.75,0.0,0.0,0.0,2.25,0.88,1.62,2.0,0.62,3.5,3.0,0.97,1.19,2.77,1.56,2.1,2.65,1.74,0.87,1.02,-0.04,1.96,0.39,-0.38,1.53,1.12,0.27,1.53,1.49,1.88,1.52,0.56,4.73,4.84,3.81,4.53,3.34,3.04,3.95,2.75,2.75,0.0,0.0,0.0,2.12,2.25,0.38,0.62,2.12,1.75,0.25,0.75,0.75,2.0,0.38,0.12,0.0,3.25,3.0,2.0,2.0,0.25,2.88,0.0
43-6014.00,"Secretaries and Administrative Assistants, Except Legal, Medical, and Executive",0.5673076923076923,2,1944.0,-1.6,202.8,88.19068255687974,True,0.9815817984832069,0.20693391115926327,0.594257854821235,5,0,0.0,True,Hoch GPT-exponiert mit begrenzten Wechseloptionen,1.25,1.38,3.0,1.0,2.88,0.0,0.0,0.12,0.0,0.0,2.12,1.62,2.12,2.0,0.0,0.0,0.0,1.12,2.88,3.12,1.38,1.75,1.88,0.0,3.88,0.0,1.75,4.0,4.0,2.0,2.0,0.0,3.0,0.0,0.0,0.0,2.88,0.0,0.0,3.25,3.75,2.0,0.0,0.0,0.0,2.75,0.88,1.5,2.0,2.0,3.88,3.88,0.77,1.05,2.34,1.17,2.07,2.59,1.05,0.93,1.05,0.15,1.54,0.15,-0.32,1.23,0.75,0.5,1.43,1.09,1.92,0.95,-0.17,4.87,4.65,3.78,4.22,2.7,3.03,4.09,2.62,2.88,0.0,0.0,0.0,2.38,2.62,1.25,1.5,2.62,2.12,0.25,1.12,1.0,2.12,0.75,1.38,0.0,3.12,3.0,2.12,1.75,0.5,3.0,0.0
43-9021.00,Data Entry Keyers,0.4999999999999999,2,141.6,-25.9,9.5,78.43986998916577,False,0.600216684723727,0.005958829902491874,0.30308775731310944,5,0,0.0,True,Nicht hoch GPT-exponiert,2.0,2.12,3.0,1.88,2.75,1.12,0.0,0.88,0.75,1.5,2.75,3.0,2.75,2.38,0.0,0.5,0.62,1.75,2.88,3.0,1.75,2.0,1.88,0.62,3.88,0.0,2.0,3.12,3.0,2.0,2.75,0.0,2.88,1.0,0.75,0.0,2.88,0.0,0.0,3.0,3.38,2.38,0.0,0.62,0.75,2.0,1.75,1.62,2.0,3.62,3.0,2.88,0.87,-0.27,2.77,1.79,0.45,2.22,-0.16,-0.2,-0.03,-0.71,1.34,-0.34,-0.63,-0.1,0.57,0.0,0.44,0.08,-0.39,0.49,-0.98,4.24,4.44,4.52,4.87,3.26,4.58,4.21,2.5,2.12,0.0,0.5,0.0,2.38,2.38,0.88,0.88,2.25,2.12,0.0,0.25,1.88,2.12,1.0,1.0,0.0,2.12,2.5,2.12,2.0,0.38,2.88,0.0
43-9022.00,Word Processors and Typists,0.4864864864864865,2,40.0,-36.1,2.2,77.51895991332611,False,0.2833152762730228,0.0010834236186348862,0.14219934994582883,5,0,0.0,True,Nicht hoch GPT-exponiert,1.25,2.0,2.88,1.75,2.88,0.5,0.0,0.62,0.0,0.0,2.25,2.38,2.38,1.88,0.0,0.0,0.0,1.12,2.62,3.0,1.75,1.88,1.75,0.12,4.0,0.0,2.0,3.5,3.12,1.75,3.0,0.0,2.75,0.0,0.0,0.25,2.38,0.0,0.0,2.88,3.25,2.12,0.0,0.0,0.0,1.88,1.62,1.75,2.0,3.88,3.62,3.25,0.59,0.01,2.77,1.29,0.68,2.36,-0.06,-0.06,0.14,-0.34,1.34,-0.17,-0.61,-0.07,0.44,0.1,0.51,0.11,-0.27,0.49,-0.61,4.69,4.61,3.67,4.68,2.86,4.16,3.96,2.0,2.12,0.62,0.12,0.0,1.25,1.88,0.75,0.88,1.75,1.75,0.88,0.75,1.0,1.62,0.88,1.75,0.0,2.5,2.5,1.25,0.88,0.88,2.88,0.62
43-9031.00,Desktop Publishers,0.4838709677419355,3,5.0,-12.4,0.4,77.08559046587216,False,0.05579631635969664,0.04225352112676056,0.049024918743228604,5,1,0.2,True,Nicht hoch GPT-exponiert,2.5,1.5,3.62,2.38,3.62,1.88,0.0,0.88,0.0,0.5,3.0,2.62,3.62,3.75,0.38,0.38,0.38,1.75,3.0,3.88,2.5,2.0,2.0,1.0,4.12,0.5,2.0,4.0,3.88,3.88,3.0,0.38,3.25,0.5,0.38,1.0,3.0,0.5,0.5,3.12,3.62,2.62,0.38,0.62,0.38,2.5,1.5,4.0,4.0,1.88,4.0,3.75,0.93,0.81,2.77,1.06,0.55,2.22,-0.12,-0.42,0.19,1.1,0.55,0.53,-0.38,-0.07,0.88,0.52,0.39,0.09,-0.14,0.7,-0.07,4.14,4.69,3.9,4.43,3.02,3.55,4.52,3.62,3.38,1.0,1.62,0.0,3.62,3.0,1.75,1.62,2.88,2.75,1.38,2.88,1.88,2.88,2.62,2.38,1.25,3.0,3.0,2.88,2.75,1.75,3.5,1.25
43-9041.00,Insurance Claims and Policy Processing Clerks,0.5119047619047619,2,256.7,-3.7,20.3,81.47345612134345,True,0.7535211267605634,0.14680390032502708,0.45016251354279524,5,1,0.2,True,Hoch GPT-exponiert mit begrenzten Wechseloptionen,1.0,2.0,3.12,1.12,2.62,0.25,0.0,0.75,0.0,0.12,2.0,1.25,2.62,2.38,0.25,0.0,0.0,1.62,2.62,3.0,1.0,2.25,2.25,0.25,3.75,0.0,3.0,3.5,3.5,2.12,2.38,0.25,2.62,0.25,0.38,0.38,2.5,0.12,0.38,3.0,3.62,2.38,0.25,0.12,0.12,2.25,1.62,1.88,1.62,1.62,3.62,3.25,0.75,0.55,2.74,1.86,1.41,2.62,0.79,0.64,0.33,-0.52,2.1,0.12,-0.52,0.43,0.9,0.48,1.25,1.05,0.81,1.07,-0.32,4.33,3.87,3.76,4.52,2.88,3.88,3.94,2.88,2.75,0.0,0.0,0.0,2.25,2.88,0.75,0.62,2.0,2.88,0.38,0.62,1.25,2.75,0.88,0.75,0.0,3.25,2.88,2.38,2.12,0.12,3.0,0.12
43-9051.00,"Mail Clerks and Mail Machine Operators, Except Postal Service",0.1216216216216216,2,67.4,-6.6,6.9,26.706392199349942,False,0.5303358613217768,0.08992416034669556,0.3101300108342362,5,0,0.0,True,Nicht hoch GPT-exponiert,2.75,2.0,2.75,2.38,2.75,1.62,0.5,2.0,1.12,2.38,2.5,3.12,2.12,2.0,0.12,2.0,1.5,1.88,2.75,2.88,3.0,1.62,2.0,2.5,3.12,0.25,1.75,3.0,3.0,2.0,2.75,0.75,3.0,2.0,2.25,1.5,2.62,0.25,1.0,2.75,2.88,2.12,1.0,2.12,2.75,2.12,2.62,2.12,2.12,1.88,3.0,2.75,0.31,0.03,2.11,1.0,0.82,2.16,-0.08,0.18,0.14,-0.54,1.15,-0.29,-0.52,-0.01,0.39,0.09,0.44,0.15,0.0,0.64,-0.48,4.63,4.49,4.04,4.48,3.9,3.98,4.11,1.88,2.88,1.0,0.88,0.0,1.88,2.62,0.88,0.75,1.62,1.12,2.88,0.12,2.5,1.5,0.5,2.12,0.88,1.88,2.62,1.88,1.38,0.25,2.62,1.38
43-9061.00,"Office Clerks, General",0.5,2,2646.0,-6.7,282.4,79.68580715059588,True,0.9859154929577465,0.08829902491874322,0.5371072589382448,5,0,0.0,True,Hoch GPT-exponiert mit begrenzten Wechseloptionen,1.75,2.0,3.0,1.75,2.88,0.5,0.0,0.62,0.0,0.0,2.75,1.88,2.75,2.0,0.0,0.0,0.0,1.88,2.88,3.0,1.62,2.62,2.0,0.75,3.25,0.0,2.62,3.62,3.62,2.0,2.5,0.0,2.75,0.0,0.0,0.0,2.75,0.0,0.0,3.0,3.12,2.0,0.0,0.0,0.5,2.12,1.0,2.0,2.0,0.75,3.12,3.0,0.7,1.02,2.14,0.95,1.63,2.36,0.82,0.7,0.85,-0.2,1.48,0.09,-0.41,0.74,0.57,0.44,1.03,0.98,1.45,0.74,0.02,4.73,4.63,3.28,4.6,3.57,3.64,3.77,2.25,3.0,0.0,0.0,0.0,2.75,2.25,0.88,1.38,2.0,2.12,0.38,0.25,2.0,2.12,0.38,1.0,0.0,2.88,3.0,1.88,1.75,0.38,2.75,0.5
43-9071.00,"Office Machine Operators, Except Computer",0.1764705882352941,2,25.5,-15.2,2.8,35.15709642470206,False,0.34073672806067173,0.02600216684723727,0.1833694474539545,5,0,0.0,True,Nicht hoch GPT-exponiert,2.88,2.5,2.88,2.88,2.62,1.75,0.0,1.88,0.75,2.62,2.75,2.88,2.62,2.12,0.25,1.75,1.12,2.5,2.5,2.88,2.75,2.0,2.0,2.12,3.12,0.0,2.5,3.12,3.0,2.12,2.75,0.25,2.75,2.38,2.38,1.5,2.88,0.12,0.0,2.38,2.88,2.0,1.12,1.75,2.12,2.12,2.38,2.38,2.5,1.75,3.0,2.38,0.57,0.25,2.25,1.06,0.47,2.08,-0.12,-0.27,0.14,-0.45,0.66,-0.23,-0.63,-0.06,0.39,0.12,0.55,0.08,-0.25,0.46,-0.27,4.06,3.82,3.61,3.77,3.22,2.68,4.38,2.5,2.62,2.5,1.75,0.25,2.12,2.5,1.88,2.0,2.12,2.12,2.62,0.75,2.88,2.12,0.88,2.62,1.88,2.75,2.25,2.12,2.0,0.75,2.62,2.5
43-9081.00,Proofreaders and Copy Markers,0.6000000000000001,4,12.0,-0.6,1.9,92.41603466955578,True,0.2535211267605634,0.24485373781148428,0.24918743228602383,5,0,0.0,True,Hoch GPT-exponiert mit begrenzten Wechseloptionen,1.0,0.88,2.38,0.38,3.0,0.0,0.0,0.5,0.0,0.0,0.88,1.38,2.5,1.62,0.0,0.0,0.0,0.5,2.62,3.0,1.0,1.0,2.0,0.0,3.88,0.0,0.5,4.0,3.75,1.62,2.62,0.0,3.0,0.0,0.12,0.0,2.38,0.0,0.0,2.75,2.88,1.25,0.0,0.0,0.0,1.25,0.88,0.88,1.5,0.5,4.25,4.0,1.07,-0.01,3.0,2.25,0.82,2.93,-0.14,0.53,0.51,-0.47,0.64,0.43,-0.68,-0.11,1.1,0.54,0.57,0.15,-0.14,0.66,-0.86,4.73,4.24,3.99,4.89,3.12,4.48,4.7,2.38,2.12,0.0,0.0,0.0,1.25,2.25,0.0,0.0,0.88,1.0,0.0,0.38,0.0,1.5,0.25,1.88,0.0,0.88,1.88,1.0,1.12,0.0,2.5,0.0
43-9111.00,Statistical Assistants,0.6739130434782609,4,6.5,-2.5,0.8,96.6955579631636,True,0.11755146262188516,0.1771397616468039,0.14734561213434452,5,1,0.2,True,Hoch GPT-exponiert mit begrenzten Wechseloptionen,1.0,1.38,3.38,0.62,3.88,0.25,0.0,0.62,0.0,0.0,3.0,1.62,3.0,3.5,0.0,0.0,0.0,1.0,3.38,3.75,1.0,4.88,2.75,0.0,4.0,0.0,4.62,4.12,4.0,3.12,2.75,0.0,3.38,0.0,0.0,0.0,3.0,0.0,0.0,3.0,3.12,2.88,0.0,0.0,0.0,2.25,0.75,1.88,2.75,0.75,4.0,3.88,1.32,0.23,3.0,1.82,0.47,2.44,-0.16,0.1,0.36,-0.34,1.54,1.11,-0.45,-0.1,0.93,0.62,0.44,0.13,-0.16,0.66,0.06,4.02,4.73,4.03,4.46,2.81,3.66,3.63,3.38,2.75,0.0,0.0,0.0,2.88,3.0,0.5,0.38,2.0,2.62,0.0,1.38,0.75,2.62,3.5,1.75,0.0,2.75,2.88,2.5,2.62,1.0,3.0,0.0
45-1011.00,"First-Line Supervisors of Farming, Fishing, and Forestry Workers",0.1578947368421052,3,65.4,2.5,8.5,32.71939328277356,False,0.570964247020585,0.46208017334777896,0.516522210184182,5,0,0.0,True,Nicht hoch GPT-exponiert,2.5,2.38,3.38,3.38,3.5,3.0,1.0,2.12,1.88,3.12,3.25,2.62,3.12,3.0,2.25,2.38,2.12,2.62,3.38,3.25,2.75,2.75,2.5,3.12,3.38,1.38,2.62,3.62,3.62,3.0,3.12,2.0,3.62,2.5,2.75,2.88,2.75,1.75,2.38,3.5,3.25,2.88,0.5,2.5,2.88,2.88,2.88,2.5,3.0,2.38,3.38,3.38,1.58,1.05,1.86,1.29,1.88,2.53,0.79,0.87,0.95,-0.12,1.73,0.43,3.0,0.98,2.01,1.6,1.66,0.62,1.38,1.43,1.04,4.34,4.64,4.45,3.96,2.87,3.03,3.88,3.12,3.75,2.38,2.5,0.12,3.38,3.25,2.88,2.75,3.62,3.12,3.0,0.88,3.12,3.25,0.75,3.12,2.0,2.75,3.5,2.75,2.75,1.38,3.5,2.5
45-2011.00,Agricultural Inspectors,0.2916666666666666,2,14.7,1.5,2.2,48.429035752979416,False,0.2833152762730228,0.3531960996749729,0.31825568797399784,5,2,0.4,True,Nicht hoch GPT-exponiert,2.75,3.12,3.62,2.38,3.88,2.0,0.0,1.12,0.0,1.88,3.25,2.25,3.75,2.62,1.5,1.88,1.0,2.0,3.88,3.0,2.12,2.25,2.25,2.38,3.75,0.88,2.25,3.88,3.88,2.5,3.25,0.88,4.0,1.75,2.12,1.62,3.12,0.88,2.0,3.0,3.25,3.0,1.75,1.75,2.0,2.62,2.0,2.62,3.0,1.25,3.75,3.5,1.42,0.91,2.77,2.24,1.08,2.65,0.12,0.22,0.8,-0.32,2.55,1.08,1.21,0.22,1.52,1.24,1.66,1.46,0.77,1.29,-0.03,4.61,4.34,4.17,4.62,3.7,3.41,3.9,3.25,3.0,0.0,0.12,0.0,2.88,3.38,0.75,1.0,2.25,2.75,2.38,1.38,3.38,2.88,0.5,3.88,0.0,2.88,2.75,3.25,3.25,0.75,2.88,1.5
45-2021.00,Animal Breeders,0.0757575757575757,2,7.9,2.4,1.2,19.555796316359697,False,0.17876489707475623,0.45016251354279524,0.31446370530877576,5,0,0.0,True,Nicht hoch GPT-exponiert,3.0,1.75,3.0,2.75,3.12,2.12,0.12,2.5,1.12,2.5,2.88,3.12,2.75,1.75,0.88,2.12,1.75,2.0,3.0,3.0,2.75,2.0,1.5,3.0,3.12,0.5,2.12,3.12,3.0,1.88,2.62,0.5,3.0,1.62,1.62,2.0,2.25,1.0,1.25,2.88,2.5,1.88,1.88,2.12,2.88,1.75,3.0,2.12,2.5,0.88,3.0,2.12,1.3,0.83,2.19,1.56,0.64,2.44,0.75,0.5,1.02,0.6,1.45,0.89,0.32,0.87,1.7,1.05,1.31,0.7,-0.25,1.11,0.54,3.33,3.14,4.94,3.34,2.3,3.25,2.44,2.88,2.25,0.0,0.5,0.0,1.62,3.0,1.62,1.75,1.75,1.5,2.62,1.25,2.75,2.38,0.5,2.75,0.0,2.12,2.38,2.25,1.88,0.25,2.75,1.62
45-2041.00,"Graders and Sorters, Agricultural Products",0.05,2,38.9,-5.4,5.1,14.030335861321777,False,0.46803900325027087,0.11592632719393282,0.29198266522210187,5,1,0.2,True,Nicht hoch GPT-exponiert,2.5,1.38,2.62,2.0,2.12,0.88,0.5,1.5,0.38,1.88,1.62,2.75,1.88,0.5,0.0,1.38,1.25,0.75,2.0,1.88,3.12,0.75,0.75,2.12,2.88,0.0,1.0,2.88,2.62,0.62,1.5,0.0,2.25,1.62,1.75,0.38,2.12,0.0,0.0,2.38,2.5,0.75,0.38,1.75,2.5,1.0,2.88,1.88,0.88,1.0,1.75,1.62,0.27,0.01,2.2,1.11,0.34,2.14,-0.21,-0.42,-0.17,-0.7,0.7,-0.38,-0.64,-0.16,0.35,-0.02,0.21,0.01,-0.18,0.36,-0.65,3.6,4.57,2.91,3.57,4.36,4.42,4.18,1.62,2.5,0.0,0.0,0.0,0.88,1.88,0.12,0.12,0.62,1.12,0.62,0.0,1.0,1.5,0.0,1.0,0.0,1.25,1.75,1.25,0.88,0.0,1.88,0.5
45-2091.00,Agricultural Equipment Operators,0.0,2,65.2,7.7,10.5,3.1960996749729147,False,0.6218851570964247,0.8613217768147345,0.7416034669555795,5,0,0.0,True,Nicht hoch GPT-exponiert,2.88,2.75,2.75,3.88,2.88,3.25,0.38,1.62,1.25,3.0,3.25,2.88,2.62,2.12,1.75,2.0,1.62,3.5,2.75,3.0,3.0,0.88,1.38,3.88,3.25,1.38,1.0,3.5,3.12,1.38,2.75,2.0,3.0,3.12,3.38,3.25,2.88,2.0,2.0,2.75,2.75,2.0,1.88,2.25,3.12,2.12,3.12,2.62,2.75,2.12,2.5,2.0,1.03,0.89,1.76,1.5,0.45,2.33,-0.13,-0.06,0.74,0.13,1.15,0.62,-0.13,0.34,1.31,0.85,0.75,0.1,-0.23,1.24,0.14,3.68,4.17,3.18,3.72,2.57,2.11,3.4,2.38,2.5,3.0,2.0,0.38,2.0,2.12,0.5,0.75,2.25,1.38,3.75,0.12,3.62,1.75,0.0,2.75,3.0,1.62,2.12,1.38,1.25,0.5,2.12,3.0
45-2092.00,"Farmworkers and Laborers, Crop, Nursery, and Greenhouse",0.0714285714285714,2,504.8,-3.3,71.7,18.201516793066087,False,0.9122426868905742,0.1560130010834236,0.5341278439869989,5,2,0.4,True,Nicht hoch GPT-exponiert,3.25,1.88,2.62,3.5,2.88,2.5,2.38,3.12,3.25,3.75,3.0,3.0,2.5,2.12,1.62,2.88,2.62,2.0,2.75,2.5,3.62,1.88,2.0,3.5,3.38,1.38,1.88,2.88,3.12,2.0,2.25,2.0,3.5,2.88,3.62,2.75,2.5,1.38,2.25,2.5,2.88,2.0,2.12,3.0,3.75,2.75,3.88,2.12,2.62,2.25,2.5,2.62,0.7,0.81,1.57,0.9,0.85,2.3,-0.05,0.61,0.72,-0.2,1.13,0.33,0.23,0.76,1.74,0.41,0.63,0.38,-0.37,1.11,-0.25,3.48,4.62,3.04,3.27,3.03,3.97,3.74,2.5,2.38,2.62,2.38,1.0,2.0,2.25,1.25,1.25,2.0,2.0,2.62,1.0,2.62,2.25,0.75,2.25,2.5,2.25,2.38,2.38,2.25,0.75,2.5,2.25
45-2093.00,"Farmworkers, Farm, Ranch, and Aquacultural Animals",0.078125,2,224.6,-5.0,31.2,19.989165763813652,False,0.8212351029252438,0.1218851570964247,0.47156013001083424,5,2,0.4,True,Nicht hoch GPT-exponiert,3.12,2.38,3.0,3.38,3.12,2.75,0.62,2.38,1.25,2.88,3.0,3.0,2.88,2.12,1.75,2.5,2.12,2.5,2.88,2.88,3.12,1.5,2.0,3.25,3.25,1.5,2.0,3.62,3.12,2.25,2.75,1.38,3.25,2.62,2.75,2.75,2.88,1.0,2.0,2.75,2.75,2.12,1.88,2.5,3.75,2.75,3.12,2.62,2.75,2.0,3.0,2.62,0.73,0.97,1.57,1.26,0.64,2.36,0.67,0.72,0.95,-0.1,1.43,0.35,0.14,0.87,1.77,0.85,1.14,0.63,-0.3,1.86,0.31,4.12,4.19,3.97,3.37,3.57,3.0,2.37,2.25,3.0,2.62,2.12,0.0,2.5,3.0,0.75,1.38,2.12,2.0,3.0,0.38,3.0,2.0,0.0,2.75,2.62,2.0,2.12,2.12,2.12,0.38,2.88,2.5
45-3031.00,Fishing and Hunting Workers,0.0087719298245614,2,21.9,-4.6,2.8,6.392199349945829,False,0.34073672806067173,0.13163596966413868,0.2361863488624052,5,0,0.0,True,Nicht hoch GPT-exponiert,3.25,2.5,2.88,3.0,2.75,3.25,1.38,3.0,2.12,3.25,4.12,3.0,3.75,2.5,3.0,2.5,2.5,3.0,2.62,2.75,2.88,1.5,1.62,2.88,3.25,2.75,1.62,3.0,3.38,2.38,2.5,2.62,3.12,3.0,3.38,2.62,2.62,2.88,4.88,2.5,2.38,2.88,1.25,2.88,3.38,2.38,3.38,2.88,2.62,2.75,2.38,1.75,0.39,1.48,0.96,1.14,0.41,1.83,-0.39,-0.67,0.97,0.11,1.29,0.1,0.0,0.76,2.01,0.32,1.14,0.23,-0.75,0.51,1.14,4.1,4.42,4.4,3.24,3.61,3.6,3.05,2.12,2.75,1.88,1.75,0.38,2.12,2.25,1.5,2.0,2.25,1.5,2.0,0.25,2.0,2.0,0.25,1.62,2.25,1.88,2.62,1.62,1.5,0.75,2.38,2.12
45-4011.00,Forest and Conservation Workers,0.0652173913043478,2,10.8,-4.7,2.0,17.06392199349946,False,0.2638136511375948,0.12838569880823403,0.19609967497291442,5,0,0.0,True,Nicht hoch GPT-exponiert,3.0,2.12,3.0,3.25,3.0,3.0,0.88,3.12,1.25,3.12,3.0,2.88,3.0,2.25,1.88,2.25,2.0,2.12,3.0,3.0,3.0,1.75,2.0,3.25,2.88,1.0,1.88,3.5,3.38,2.12,3.0,1.88,3.25,1.75,2.38,2.75,3.0,2.0,2.38,3.0,2.88,2.0,2.0,3.12,3.88,2.62,3.75,2.75,3.0,2.0,2.88,2.38,0.75,1.11,1.3,1.38,1.63,2.41,-0.01,-0.14,0.43,-0.24,1.51,0.26,0.0,0.06,1.97,0.64,1.25,0.53,0.02,1.61,0.22,4.32,4.78,4.21,3.37,3.05,2.85,3.0,2.5,3.25,2.0,2.0,0.0,2.25,2.88,0.5,0.88,1.75,1.75,2.62,0.25,2.75,2.12,0.38,2.0,2.0,2.38,2.75,2.38,1.88,0.38,2.75,2.0
45-4021.00,Fallers,0.125,2,5.6,-7.3,0.7,27.627302275189596,False,0.10184182015167931,0.08234019501625135,0.09209100758396532,5,1,0.2,True,Nicht hoch GPT-exponiert,3.0,3.63,2.63,3.75,3.0,3.63,1.13,3.13,1.5,3.88,3.25,2.75,3.25,1.5,2.0,3.25,3.0,2.75,2.75,2.75,3.38,1.38,1.5,3.88,3.0,1.5,1.75,2.5,2.63,1.75,3.0,2.38,3.13,3.0,4.25,3.38,2.63,2.13,2.63,2.5,2.38,2.5,3.75,3.38,4.5,2.63,3.88,2.88,3.38,2.63,1.63,1.5,0.95,0.97,1.69,2.62,-0.15,2.47,-0.23,-0.52,0.19,-0.56,1.08,0.26,-0.52,-0.21,1.8,1.21,1.95,0.04,-0.77,1.58,-0.13,2.84,3.79,4.82,4.1,1.29,3.72,2.83,2.5,2.88,2.5,2.38,0.0,1.5,2.62,1.0,1.0,1.5,1.75,2.88,1.38,2.5,2.12,0.0,2.5,2.25,1.25,1.88,0.12,1.12,0.0,2.12,2.5
45-4022.00,Logging Equipment Operators,0.0625,2,30.9,-1.4,4.2,16.30552546045504,False,0.42903575297941493,0.21668472372697725,0.3228602383531961,5,0,0.0,True,Nicht hoch GPT-exponiert,3.12,3.38,3.0,4.0,2.75,3.62,0.12,2.12,0.75,2.75,3.5,2.5,2.38,2.0,2.38,1.88,1.75,2.88,2.38,3.0,3.12,2.0,2.0,4.0,3.12,2.0,2.0,2.88,3.0,2.12,3.12,2.75,2.88,3.25,4.12,3.62,2.88,2.12,2.88,2.62,2.5,2.0,1.75,1.88,2.88,2.12,2.25,3.0,3.0,2.0,2.12,2.25,1.03,1.02,1.64,2.21,0.3,2.44,-0.17,-0.3,0.36,-0.34,1.15,-0.06,-0.32,-0.06,1.46,1.05,1.14,0.05,-0.39,1.8,-0.15,4.13,4.42,4.03,3.79,1.55,4.09,3.19,2.12,2.75,3.0,2.0,0.12,2.25,2.5,1.0,1.0,2.25,2.12,4.0,0.5,3.88,2.12,0.0,3.0,3.0,2.12,2.25,2.0,2.12,0.25,2.75,3.0
45-4023.00,Log Graders and Scalers,0.1578947368421052,2,4.6,-0.7,0.6,32.71939328277356,False,0.08559046587215602,0.23835319609967498,0.1619718309859155,5,1,0.2,True,Nicht hoch GPT-exponiert,2.75,3.12,3.75,3.12,3.0,2.88,0.25,1.88,1.12,2.25,3.12,2.75,3.25,2.38,1.38,2.12,1.38,1.88,3.0,3.0,2.75,2.88,1.5,3.12,3.88,0.88,3.0,3.38,3.5,2.12,3.12,1.0,3.0,2.12,2.38,2.25,3.0,0.88,2.0,2.88,2.88,2.38,1.75,2.12,2.75,2.88,2.38,3.12,3.0,1.25,3.0,2.88,0.68,0.12,2.47,1.53,0.18,2.08,-0.16,-0.32,0.06,-0.45,1.51,0.15,-0.41,-0.2,0.79,0.62,0.41,0.15,-0.21,0.6,-0.05,3.8,4.55,4.35,4.12,2.9,3.58,3.81,2.75,3.0,1.0,1.0,0.0,2.5,3.0,0.88,1.5,1.88,2.62,2.25,0.62,2.62,2.75,0.5,2.5,0.75,2.5,2.75,2.25,2.12,0.38,2.88,1.38
47-1011.00,First-Line Supervisors of Construction Trades and Extraction Workers,0.2,3,921.6,5.3,74.4,37.37811484290358,False,0.9171180931744312,0.7535211267605634,0.8353196099674973,5,0,0.0,True,Nicht hoch GPT-exponiert,3.0,2.75,3.0,3.0,3.62,2.5,0.25,1.62,1.0,2.0,3.0,3.0,2.88,3.0,2.0,1.62,2.0,2.62,3.25,3.25,3.0,3.0,2.0,3.0,3.25,1.38,3.12,4.0,4.0,3.12,3.0,1.5,3.25,2.0,2.25,2.0,3.0,1.12,1.88,3.25,3.12,2.12,1.0,2.0,2.25,3.0,2.5,2.75,3.12,1.38,3.75,3.25,1.92,1.68,2.02,2.28,2.07,2.65,0.98,0.75,1.75,0.84,1.96,0.84,3.0,1.01,2.08,1.76,1.91,1.0,1.56,2.06,0.99,4.96,5.0,4.59,4.28,3.86,3.18,4.13,3.25,3.88,2.0,2.62,0.0,3.0,3.12,2.0,2.25,3.88,3.0,3.0,2.62,2.88,3.12,0.25,3.12,2.0,3.0,3.38,3.0,3.12,0.75,3.5,2.0
47-2011.00,Boilermakers,0.0,2,10.4,-2.4,0.8,3.1960996749729147,False,0.11755146262188516,0.17984832069339113,0.14869989165763814,5,0,0.0,True,Nicht hoch GPT-exponiert,3.0,3.0,3.0,4.0,3.12,2.88,0.12,2.12,1.12,3.12,3.0,3.0,3.0,3.0,2.0,2.5,2.88,2.88,3.0,3.0,3.0,2.0,2.0,3.0,4.0,1.5,2.0,3.25,3.0,2.0,3.0,2.0,3.25,3.0,3.0,2.88,3.0,1.88,2.0,3.0,2.88,2.25,1.12,2.12,3.0,3.0,3.0,2.88,3.38,2.0,3.0,3.0,1.32,0.5,2.5,2.39,1.06,2.56,-0.21,0.0,0.53,0.0,1.37,0.65,-0.05,0.09,1.77,0.87,1.11,0.12,-0.25,1.38,-0.32,4.67,4.9,4.11,4.53,3.57,3.32,4.09,3.12,2.88,3.25,3.0,2.0,2.12,3.0,0.62,1.12,2.0,2.0,3.88,2.62,3.12,2.0,0.12,3.12,3.25,2.0,2.62,2.0,2.0,0.62,3.0,3.25
47-2021.00,Brickmasons and Blockmasons,0.0,2,74.1,3.2,5.6,3.1960996749729147,False,0.49512459371614304,0.5330444203683641,0.5140845070422535,5,0,0.0,True,Nicht hoch GPT-exponiert,3.12,2.12,3.0,2.88,2.75,2.75,1.38,3.25,1.62,3.88,3.0,3.0,2.38,2.12,2.0,2.75,3.0,2.25,2.75,3.12,3.25,2.25,2.0,3.25,3.62,1.38,2.25,3.12,3.0,2.12,2.38,1.38,3.0,2.0,2.88,1.88,3.0,1.12,2.0,2.38,2.62,2.0,1.75,2.88,4.0,2.75,4.12,2.88,3.88,2.0,2.88,2.12,1.14,0.36,2.11,1.56,0.59,2.3,-0.12,-0.28,-0.29,0.04,1.18,-0.21,-0.24,0.13,1.37,0.73,0.75,0.16,-0.16,1.0,-0.77,3.92,4.04,3.97,4.12,4.31,4.56,4.08,2.25,3.12,2.0,2.0,0.12,2.12,2.12,1.0,1.75,2.12,2.12,2.12,1.62,2.25,2.25,0.0,2.88,1.88,2.12,2.25,2.12,2.12,0.75,2.62,2.0
47-2022.00,Stonemasons,0.0,2,12.1,-3.0,0.8,3.1960996749729147,False,0.11755146262188516,0.1635969664138678,0.1405742145178765,5,0,0.0,True,Nicht hoch GPT-exponiert,3.0,2.38,3.0,3.0,3.0,2.88,1.25,3.25,1.62,3.5,3.0,3.0,2.75,2.5,1.88,2.88,2.62,2.25,2.88,3.12,3.62,2.38,2.12,3.0,3.5,1.25,2.38,3.12,3.0,2.62,2.62,1.88,3.0,1.62,2.88,2.38,2.88,1.5,2.0,2.38,2.62,2.12,2.25,3.12,4.88,2.25,3.88,2.75,3.38,2.12,2.38,2.25,1.35,0.14,2.16,1.63,0.51,2.3,-0.17,-0.32,-0.02,0.09,0.98,-0.2,-0.3,-0.01,1.64,0.73,0.82,0.12,-0.18,1.02,-0.65,4.18,4.53,4.34,4.6,4.1,4.11,3.67,2.88,3.75,1.88,2.0,0.0,2.38,2.75,1.0,1.62,2.5,2.62,2.62,1.25,2.12,2.62,0.0,2.5,2.12,2.38,2.38,2.12,2.25,1.12,3.0,2.12
47-2031.00,Carpenters,0.0888888888888888,2,959.0,4.5,74.1,22.48104008667389,False,0.914409534127844,0.6923076923076923,0.8033586132177681,5,4,0.8,True,Nicht hoch GPT-exponiert,3.62,2.75,3.12,3.5,3.5,2.88,0.88,3.0,2.62,3.0,3.0,3.5,3.25,2.88,1.62,2.38,2.62,2.5,3.25,3.25,4.0,2.75,2.38,3.5,3.5,1.38,2.75,3.62,3.62,3.0,3.12,2.12,3.62,2.25,3.12,2.88,3.0,1.5,2.5,2.88,3.0,2.62,1.5,2.62,3.62,2.75,3.5,2.88,4.0,2.62,3.0,2.62,1.23,0.91,2.22,1.79,0.73,2.44,0.04,0.15,0.87,0.79,1.34,0.56,0.27,0.4,1.55,1.1,0.85,0.29,0.09,1.27,0.06,4.74,4.92,3.63,4.55,3.9,3.46,4.43,2.88,3.88,2.0,2.62,1.75,3.0,2.88,1.62,2.12,2.5,2.5,2.62,1.62,2.75,2.38,0.5,3.12,2.38,2.5,2.75,2.25,2.38,0.88,2.88,2.12
47-2041.00,Carpet Installers,0.03125,2,20.3,-9.6,1.1,9.69664138678223,False,0.1635969664138678,0.06392199349945829,0.11375947995666305,5,0,0.0,True,Nicht hoch GPT-exponiert,3.12,2.12,2.75,2.88,2.75,2.38,0.75,3.12,1.25,3.88,2.88,2.88,3.0,2.38,2.0,2.5,1.88,2.12,2.75,3.0,2.88,2.12,2.0,2.75,3.12,1.0,2.38,3.38,3.12,2.12,2.38,1.38,2.88,1.38,2.12,1.62,2.62,1.0,2.0,2.38,2.88,2.0,2.25,3.0,4.25,2.25,3.62,2.62,3.5,2.12,2.5,1.75,0.87,0.32,2.08,0.95,0.47,2.08,-0.03,-0.32,0.4,-0.08,0.85,-0.22,-0.4,-0.01,1.12,0.69,0.61,0.12,-0.12,0.7,-0.46,4.33,4.61,4.87,3.96,3.37,4.07,4.24,2.75,3.12,1.62,2.0,0.62,2.62,2.5,0.88,1.5,1.88,1.75,2.12,1.5,2.12,1.88,0.0,2.62,1.62,2.88,2.25,1.88,1.88,1.0,2.38,1.88
47-2042.00,"Floor Layers, Except Carpet, Wood, and Hard Tiles",0.0,2,33.7,9.5,2.7,3.1960996749729147,False,0.33098591549295775,0.9122426868905742,0.621614301191766,5,0,0.0,True,Nicht hoch GPT-exponiert,3.0,2.25,2.63,2.88,3.0,2.13,0.5,2.63,0.0,3.5,2.63,2.75,2.13,2.13,1.25,1.75,1.38,1.63,2.88,3.0,3.13,1.0,0.63,2.88,3.5,1.0,1.38,3.63,3.13,2.13,1.75,0.5,2.63,1.5,2.0,1.25,2.88,0.5,1.0,2.63,2.5,1.38,0.88,2.13,3.13,2.5,3.5,2.13,3.5,1.25,2.88,2.13,0.86,0.3,2.11,1.38,0.39,2.14,-0.18,-0.3,0.01,0.0,0.85,-0.1,-0.34,0.01,1.07,0.52,0.41,0.12,-0.39,0.53,-0.57,4.65,4.98,4.39,4.19,3.8,3.62,3.32,2.5,3.12,0.0,0.88,0.0,2.5,2.25,0.12,0.25,1.75,2.25,2.12,1.38,2.12,2.5,0.0,1.5,0.0,2.38,2.25,1.25,1.25,0.38,2.38,0.88
47-2043.00,Floor Sanders and Finishers,0.0,2,5.6,2.6,0.4,3.1960996749729147,False,0.05579631635969664,0.4745395449620802,0.2651679306608884,5,0,0.0,True,Nicht hoch GPT-exponiert,2.88,2.12,2.5,3.0,2.62,2.12,0.5,2.88,1.0,3.62,2.75,2.88,2.12,1.88,0.75,2.5,1.88,1.38,2.12,2.88,2.88,1.5,1.38,3.0,3.12,0.75,1.38,3.0,3.0,2.0,2.38,1.12,2.5,2.62,3.0,2.12,2.62,0.62,1.25,2.25,2.38,1.5,2.38,3.12,3.12,1.88,3.88,2.62,2.75,2.75,2.12,2.0,0.75,-0.06,2.11,1.38,-0.01,2.06,-0.16,-0.4,0.01,-0.18,0.51,-0.28,-0.59,-0.01,0.95,0.37,0.46,0.06,-0.37,0.53,-0.61,3.95,4.74,4.45,4.37,2.96,4.57,3.97,2.5,3.0,2.0,1.75,0.0,2.12,2.25,0.38,0.75,1.62,1.62,2.75,0.38,2.5,1.75,0.0,2.38,2.0,2.25,2.0,1.38,1.25,0.38,2.62,2.0
47-2044.00,Tile and Stone Setters,0.0375,2,52.6,10.1,4.2,10.834236186348862,False,0.42903575297941493,0.9209100758396533,0.6749729144095341,5,0,0.0,True,Nicht hoch GPT-exponiert,3.0,2.12,3.0,3.0,3.0,2.25,0.25,2.5,0.5,3.75,3.12,3.12,2.62,2.5,1.75,2.75,2.5,1.75,3.0,3.0,3.0,2.5,2.0,3.12,3.38,0.5,2.62,3.12,3.0,2.88,2.25,1.0,2.88,1.75,2.75,2.12,3.0,0.62,2.0,2.62,2.75,2.12,2.12,2.88,3.25,2.12,3.38,3.0,3.75,2.0,2.88,2.25,1.16,0.46,2.34,1.44,0.41,2.11,-0.14,-0.34,0.31,0.26,0.74,-0.03,-0.34,0.01,1.34,0.62,0.7,0.13,-0.34,0.78,-0.75,3.81,4.55,3.6,4.54,3.36,4.37,3.57,2.75,3.0,1.88,2.0,0.62,2.75,2.5,0.5,1.5,1.88,2.12,2.12,1.5,2.25,2.0,0.0,2.38,1.88,2.38,2.25,2.0,2.0,0.75,2.88,1.88
47-2051.00,Cement Masons and Concrete Finishers,0.0,2,206.7,1.8,14.3,3.1960996749729147,False,0.6912242686890574,0.3851570964247021,0.5381906825568797,5,0,0.0,True,Nicht hoch GPT-exponiert,3.0,2.25,2.5,3.12,2.62,2.75,1.25,3.0,1.38,3.5,3.0,2.88,2.75,2.12,2.12,2.75,2.25,2.0,2.38,2.88,3.38,1.88,1.5,3.25,3.5,1.0,2.0,3.0,2.88,2.0,2.88,1.38,2.75,2.38,3.0,2.25,2.75,0.88,1.88,2.12,2.62,1.75,2.75,2.88,4.0,2.38,4.25,2.25,3.25,2.25,2.0,1.88,1.14,0.5,2.02,1.5,0.73,2.3,-0.12,-0.23,0.07,-0.2,0.96,-0.15,0.38,0.09,1.28,0.69,0.85,0.06,-0.21,1.35,-0.46,3.95,4.34,3.36,4.44,4.42,4.5,3.77,2.62,3.25,1.25,1.62,0.38,2.0,2.12,0.88,1.12,2.12,1.5,2.75,0.38,2.38,1.62,0.12,2.75,1.12,1.62,1.88,1.62,1.62,0.75,2.75,1.75
47-2053.00,Terrazzo Workers and Finishers,0.0227272727272727,2,1.5,-11.1,0.1,7.854821235102925,False,0.011375947995666305,0.05308775731310943,0.03223185265438787,5,0,0.0,True,Nicht hoch GPT-exponiert,3.12,2.75,2.62,3.25,2.5,2.5,1.25,3.12,1.62,3.88,3.0,3.25,2.62,2.12,2.0,2.5,2.12,2.0,2.25,2.62,3.38,1.75,1.75,3.0,3.25,1.0,1.75,2.88,2.75,2.0,2.88,1.12,2.5,2.25,2.88,2.5,2.88,1.62,1.5,2.38,2.88,1.88,2.12,3.12,3.88,2.62,3.75,3.12,3.12,2.62,2.0,1.12,0.87,0.5,2.08,1.44,0.27,2.19,-0.14,-0.3,-0.12,0.09,0.42,-0.12,-0.21,0.01,1.07,0.54,0.46,0.12,-0.18,0.58,-0.42,3.55,4.29,3.05,4.31,3.69,3.82,4.29,2.38,3.12,1.75,2.0,0.25,2.0,2.25,0.62,1.0,1.88,1.62,2.5,1.0,2.0,1.75,0.0,2.38,1.75,1.88,2.0,1.75,1.5,0.38,2.5,1.88
47-2061.00,Construction Laborers,0.025,2,1457.0,7.3,129.4,8.28819068255688,False,0.9599133261105092,0.8553629469122427,0.9076381365113759,5,0,0.0,True,Nicht hoch GPT-exponiert,3.12,3.0,2.88,3.38,2.62,3.0,1.12,3.12,1.38,3.12,3.0,3.0,2.0,2.12,2.0,2.75,2.62,2.0,2.62,3.0,3.75,1.75,1.75,3.38,3.25,1.38,1.12,3.38,3.12,2.0,2.25,2.12,3.0,2.62,3.12,3.0,2.88,1.5,2.12,2.88,2.88,1.88,2.0,3.12,4.0,2.12,3.75,2.88,2.88,1.62,2.88,2.0,0.82,0.71,1.25,1.5,1.2,2.19,-0.03,0.34,0.47,-0.1,0.96,-0.1,-0.22,0.59,1.74,0.58,0.85,0.21,0.13,1.46,-0.23,4.55,4.8,3.35,3.71,3.59,2.94,4.11,2.62,3.25,2.12,2.12,1.25,2.0,2.12,0.5,0.88,1.75,2.0,3.0,0.75,2.88,2.0,0.0,2.12,2.0,1.88,2.12,1.0,1.12,0.62,2.38,2.0
47-2071.00,"Paving, Surfacing, and Tamping Equipment Operators",0.0,2,47.0,3.2,4.0,3.1960996749729147,False,0.4122426868905742,0.5330444203683641,0.47264355362946914,5,0,0.0,True,Nicht hoch GPT-exponiert,3.0,2.88,2.25,3.88,2.75,3.12,1.0,2.25,1.25,3.0,3.0,3.0,2.25,1.5,2.38,2.12,1.88,2.88,2.5,3.0,2.88,1.75,1.75,4.0,2.88,1.0,2.0,3.0,3.0,1.62,2.88,2.25,2.88,3.25,3.5,3.25,3.0,1.5,2.5,2.62,2.75,1.75,2.0,2.38,3.25,2.88,3.25,2.0,3.0,2.12,2.12,1.62,0.84,0.46,1.2,1.59,0.71,2.27,-0.12,-0.1,0.25,-0.39,0.91,-0.1,-0.13,0.13,0.9,0.64,0.85,0.13,-0.14,1.24,-0.42,3.53,4.3,3.44,3.48,3.95,3.94,3.46,2.5,3.12,3.0,2.12,0.88,2.0,2.5,0.5,0.62,1.62,1.62,3.12,0.62,3.12,1.75,0.0,2.88,3.0,1.88,1.75,1.88,1.88,0.75,2.12,2.88
47-2072.00,Pile Driver Operators,0.0,2,3.2,4.3,0.3,3.1960996749729147,False,0.03791982665222102,0.6619718309859155,0.34994582881906827,5,0,0.0,True,Nicht hoch GPT-exponiert,2.88,3.0,2.12,4.0,2.88,4.0,0.25,2.38,0.75,2.75,3.12,2.88,2.38,2.0,2.88,2.25,2.12,2.75,2.75,2.75,3.0,1.25,1.25,4.0,3.0,1.5,1.12,3.12,2.88,1.88,2.88,2.75,3.0,3.38,4.0,3.75,3.12,1.75,2.75,2.62,2.38,1.75,2.0,2.12,2.62,2.88,2.62,1.62,3.25,2.25,2.38,2.0,0.7,0.05,1.55,2.14,0.09,2.33,-0.17,-0.28,0.07,-0.5,0.98,-0.2,-0.38,-0.07,1.2,0.67,0.66,0.05,-0.43,1.46,-0.61,4.52,4.6,4.03,4.18,3.93,3.73,3.63,2.25,3.12,3.12,1.88,0.0,2.12,2.5,0.5,0.75,1.38,1.62,3.75,0.12,3.62,1.62,0.0,2.88,2.88,1.75,2.0,1.25,1.25,0.5,2.75,3.0
47-2073.00,Operating Engineers and Other Construction Equipment Operators,0.0869565217391304,2,489.3,3.6,41.9,21.885157096424702,False,0.8602383531960996,0.5828819068255688,0.7215601300108343,5,1,0.2,True,Nicht hoch GPT-exponiert,3.25,3.0,3.0,4.12,3.0,3.88,0.0,2.12,0.62,3.0,3.25,3.0,2.38,2.12,2.62,2.0,1.5,3.0,3.0,3.0,3.25,1.38,1.88,4.0,3.5,2.0,1.38,3.5,3.0,2.12,3.12,2.25,3.0,3.38,3.88,3.25,3.25,2.0,3.0,3.0,3.0,2.12,1.75,1.88,3.0,3.12,2.75,3.0,3.25,2.0,2.88,2.25,1.2,1.02,1.47,2.5,1.03,2.44,-0.17,-0.01,0.74,-0.12,1.54,0.49,0.21,0.32,1.61,1.18,1.31,0.24,0.0,1.8,-0.34,4.65,4.84,4.01,3.91,3.79,4.19,4.04,2.62,2.88,3.25,2.12,0.62,2.38,2.62,0.88,1.0,2.12,2.12,4.12,1.25,3.25,2.12,0.25,2.75,3.0,2.25,2.38,2.0,1.75,1.0,2.88,3.0
47-2081.00,Drywall and Ceiling Tile Installers,0.0208333333333333,2,103.1,4.2,7.7,7.421451787648971,False,0.5455037919826652,0.6505958829902492,0.5980498374864571,5,0,0.0,True,Nicht hoch GPT-exponiert,3.12,2.25,2.75,3.0,2.88,2.75,0.62,2.75,1.38,3.88,3.0,3.25,2.38,2.25,1.38,2.88,3.25,1.88,2.75,2.88,3.25,1.88,1.88,3.0,3.25,0.75,2.12,3.0,3.0,2.12,2.62,0.88,2.88,1.75,2.88,1.88,2.88,0.75,1.75,2.38,2.5,1.88,2.0,3.12,3.12,2.38,3.25,2.62,3.5,1.88,2.75,2.5,0.6,0.14,1.86,1.23,0.57,2.25,-0.16,-0.27,-0.08,-0.08,0.55,-0.24,-0.5,-0.07,1.12,0.69,0.41,0.09,-0.23,0.88,-0.63,3.69,4.53,4.01,4.43,3.42,4.08,3.73,2.5,3.12,1.38,1.88,1.12,2.12,2.5,0.62,0.75,2.0,1.5,2.38,1.5,2.25,1.62,0.0,2.25,1.12,1.62,2.25,1.88,1.5,0.75,2.62,1.88
47-2082.00,Tapers,0.0,2,15.6,0.1,1.1,3.1960996749729147,False,0.1635969664138678,0.27302275189599134,0.21830985915492956,5,0,0.0,True,Nicht hoch GPT-exponiert,3.0,1.5,2.25,2.5,2.62,2.12,0.5,1.5,1.5,3.38,2.38,2.88,1.88,1.88,1.25,2.5,2.62,1.5,2.62,2.62,3.0,0.5,1.5,2.62,3.38,0.75,0.75,2.75,2.88,1.5,2.0,1.12,2.5,1.5,1.75,1.62,2.5,1.0,1.62,2.12,2.12,1.0,1.12,2.25,2.5,2.12,3.25,2.25,2.38,0.0,2.38,1.88,0.84,-0.07,2.25,0.95,0.23,1.98,-0.16,-0.49,-0.26,-0.5,0.39,-0.45,-0.7,-0.2,0.66,0.34,-0.01,0.03,-0.21,0.49,-1.29,3.34,4.55,3.98,3.7,3.19,4.24,3.91,2.25,2.38,0.75,0.88,1.0,1.88,2.38,0.0,0.88,2.0,1.75,2.0,1.12,2.12,2.0,0.0,1.88,0.88,2.12,2.12,1.38,1.25,0.12,2.62,1.38
47-2111.00,Electricians,0.1463414634146341,3,818.7,9.5,81.0,31.4192849404117,False,0.9274106175514626,0.9122426868905742,0.9198266522210183,5,2,0.4,True,Nicht hoch GPT-exponiert,3.12,2.88,3.25,3.25,4.0,2.88,0.38,2.75,1.62,3.75,3.62,3.25,3.25,3.0,2.12,2.88,3.0,2.75,3.88,3.88,3.25,3.0,3.0,3.0,4.12,1.62,3.0,4.0,3.88,3.0,3.12,1.75,3.88,1.88,3.0,2.75,3.12,1.88,2.25,3.12,3.12,2.88,1.75,3.0,3.25,2.88,3.38,4.0,4.0,1.88,3.12,3.0,1.35,1.26,2.5,2.5,1.0,2.65,0.08,-0.01,1.0,0.82,1.89,0.94,0.83,0.52,1.77,1.24,1.31,0.65,0.38,1.38,0.0,4.76,4.93,4.5,4.72,2.98,4.34,4.32,3.0,3.75,3.0,2.88,3.75,3.0,3.12,2.38,2.38,3.25,2.38,3.0,2.75,3.25,3.25,0.0,3.88,3.75,3.0,3.12,3.12,3.0,2.0,3.12,4.0
47-2121.00,Glaziers,0.03125,2,60.5,3.3,5.1,9.69664138678223,False,0.46803900325027087,0.5444203683640303,0.5062296858071506,5,0,0.0,True,Nicht hoch GPT-exponiert,3.25,2.12,3.0,3.12,3.0,2.88,0.25,2.12,1.0,3.12,3.0,3.0,2.12,2.12,1.62,2.12,3.0,2.12,2.88,3.0,3.12,2.0,1.62,3.12,3.5,1.12,2.12,3.5,3.0,2.0,2.25,1.25,3.0,1.5,2.25,2.12,3.0,1.0,1.25,3.0,2.88,2.12,1.38,2.75,3.0,2.25,3.12,2.88,3.12,1.75,3.0,2.25,1.01,0.81,2.14,1.96,0.71,2.25,-0.1,-0.08,0.06,0.09,0.91,0.07,-0.22,-0.18,1.07,0.97,0.95,0.21,0.18,1.27,-0.4,4.39,4.72,4.0,4.42,4.24,3.64,3.93,2.5,3.0,1.12,1.75,1.38,2.12,2.25,0.88,0.88,2.0,1.5,2.88,1.38,2.62,2.12,0.0,2.25,1.12,2.25,2.75,1.75,1.88,0.75,2.75,1.88
47-2131.00,"Insulation Workers, Floor, Ceiling, and Wall",0.1,2,40.2,3.8,3.4,24.052004333694473,False,0.3781148429035753,0.6115926327193932,0.49485373781148423,5,5,1.0,True,Nicht hoch GPT-exponiert,2.88,2.38,2.88,3.0,2.5,2.75,0.75,2.62,1.38,4.12,2.88,2.88,2.62,2.12,2.0,2.88,3.0,2.25,2.12,2.88,3.12,1.75,2.12,3.12,3.12,1.88,2.0,2.88,2.88,2.12,2.62,1.88,2.75,2.38,2.75,2.62,2.88,1.62,2.0,2.25,2.25,2.12,2.12,2.75,3.0,2.12,3.38,2.25,3.0,0.75,2.62,2.12,0.78,0.08,1.92,1.56,0.73,2.22,-0.1,-0.18,0.14,-0.26,0.94,-0.17,-0.34,0.01,0.88,0.46,0.55,0.1,-0.3,0.97,-0.59,3.72,4.23,3.94,3.49,3.33,3.85,4.04,2.12,2.75,1.88,1.88,0.38,2.12,2.38,1.0,1.0,2.12,2.0,3.0,1.12,2.88,2.12,0.0,2.62,1.88,2.12,2.25,1.75,1.75,1.0,2.38,2.0
47-2132.00,"Insulation Workers, Mechanical",0.0454545454545454,2,27.2,4.7,2.3,13.488624052004333,False,0.29198266522210187,0.7112676056338029,0.5016251354279524,5,1,0.2,True,Nicht hoch GPT-exponiert,3.12,2.38,2.88,2.75,2.75,2.62,0.75,2.38,0.88,3.25,2.88,3.0,2.12,2.12,1.12,3.0,2.88,2.12,2.75,2.88,3.0,2.0,1.0,3.0,3.12,1.0,2.0,3.0,2.88,2.0,2.62,1.0,2.88,2.0,2.0,2.0,3.0,1.0,1.38,2.75,2.88,2.0,1.0,2.75,3.0,2.25,3.25,2.5,2.88,1.38,2.75,2.0,0.8,0.4,1.97,1.5,0.66,2.14,-0.16,-0.27,0.3,-0.06,0.78,0.2,-0.32,-0.01,0.93,0.58,0.57,0.17,-0.18,0.72,-0.52,3.92,4.34,4.23,3.94,3.7,4.15,4.27,2.38,3.0,0.38,1.0,1.38,2.0,2.5,0.38,1.12,2.0,1.75,2.12,1.38,2.5,1.75,0.0,2.0,0.38,2.0,2.38,1.75,1.62,0.5,2.75,1.88
47-2141.00,"Painters, Construction and Maintenance",0.0285714285714285,2,342.2,3.8,28.1,9.209100758396534,False,0.8104008667388949,0.6115926327193932,0.7109967497291441,5,0,0.0,True,Nicht hoch GPT-exponiert,3.0,2.0,2.38,2.88,2.75,2.0,0.25,2.38,0.5,3.0,3.0,3.0,2.0,2.0,1.12,3.0,3.0,1.5,2.62,3.0,3.0,1.38,1.0,2.88,3.0,0.62,2.0,3.0,3.0,2.0,2.0,0.88,2.75,1.75,2.0,2.0,3.0,0.75,1.25,2.75,2.75,1.75,1.12,2.88,3.0,2.0,3.12,3.12,2.88,1.5,3.0,2.0,0.89,0.57,1.89,1.38,0.62,2.14,-0.06,-0.23,0.38,0.28,0.82,0.09,-0.32,0.47,1.07,0.62,0.75,0.25,-0.16,0.88,-0.38,4.29,4.81,4.29,4.44,3.79,3.82,4.6,1.75,2.88,0.38,0.88,0.0,1.25,2.0,0.75,1.0,2.12,1.88,2.0,0.62,2.0,2.0,0.0,2.0,0.62,2.0,2.62,1.62,1.25,0.38,2.75,1.25
47-2142.00,Paperhangers,0.0,2,2.3,5.3,0.2,3.1960996749729147,False,0.02275189599133261,0.7535211267605634,0.388136511375948,5,0,0.0,True,Nicht hoch GPT-exponiert,3.12,1.88,2.62,3.12,2.5,2.38,0.5,2.12,0.25,3.75,2.38,3.12,2.0,1.62,1.25,3.12,2.88,1.62,2.62,2.88,3.25,1.12,0.75,3.0,3.25,1.0,1.12,2.88,2.62,1.75,2.5,1.0,2.62,2.12,1.38,1.75,2.75,1.0,1.62,2.38,2.25,1.38,2.38,2.88,2.88,2.5,3.25,2.5,3.0,0.25,2.5,2.0,0.78,0.08,2.25,1.11,0.27,2.11,-0.14,-0.36,-0.1,-0.24,0.41,-0.15,-0.34,0.02,0.93,0.5,0.46,0.08,-0.3,0.41,-0.79,3.84,3.83,4.11,3.92,2.75,4.1,4.03,2.5,2.88,0.0,0.62,0.12,2.0,2.25,0.25,0.5,1.75,1.62,2.0,0.62,2.38,1.88,0.0,1.88,0.0,2.0,2.12,1.12,1.12,0.25,2.38,1.38
47-2151.00,Pipelayers,0.0,2,34.4,-4.1,2.4,3.1960996749729147,False,0.29956663055254606,0.14084507042253522,0.22020585048754066,5,0,0.0,True,Nicht hoch GPT-exponiert,3.0,2.0,2.88,3.12,2.88,3.0,0.25,2.25,2.0,3.0,2.88,3.0,3.0,2.0,1.88,2.25,2.25,2.0,2.75,3.0,3.0,2.0,1.88,3.0,3.0,1.75,1.5,3.62,3.0,2.0,2.88,2.0,2.88,2.88,3.0,2.0,3.0,1.62,2.38,2.88,2.88,2.0,1.38,3.0,3.25,2.0,3.25,2.0,3.0,0.75,2.88,2.12,0.89,0.42,1.86,1.5,1.06,2.27,-0.13,-0.14,0.3,-0.39,1.03,0.0,0.23,0.09,1.43,0.69,0.85,0.16,0.13,1.0,-0.4,4.51,4.94,3.67,4.03,4.11,3.29,3.65,2.0,3.0,2.0,2.0,3.0,2.0,2.38,0.62,0.5,2.0,1.88,3.0,0.0,3.0,2.0,0.0,3.0,2.88,1.88,2.5,2.0,1.75,0.62,2.88,3.0
47-2152.00,"Plumbers, Pipefitters, and Steamfitters",0.0555555555555555,3,504.5,4.5,44.0,14.680390032502707,False,0.8672806067172264,0.6923076923076923,0.7797941495124594,5,1,0.2,True,Nicht hoch GPT-exponiert,3.12,2.75,2.75,3.0,3.38,2.5,1.12,2.88,2.25,3.38,3.12,3.12,3.25,2.62,1.75,2.38,2.5,2.62,3.38,3.38,3.25,2.25,2.12,3.0,3.25,1.5,2.38,3.25,3.38,2.62,3.12,1.75,3.5,2.25,2.62,2.5,2.75,1.88,2.12,2.62,2.62,2.62,0.88,2.5,3.12,2.5,3.25,2.75,3.75,2.62,2.75,2.38,1.14,0.97,2.19,2.03,0.82,2.56,0.18,0.12,0.8,0.42,1.51,0.51,0.36,0.18,1.77,1.1,0.92,0.4,0.25,1.38,-0.11,4.11,4.54,4.38,4.11,3.86,3.49,4.27,2.88,3.0,2.75,2.38,3.0,2.5,3.12,1.62,1.5,2.5,1.75,2.88,1.38,3.0,1.88,0.62,2.88,3.12,2.25,2.5,2.88,2.75,0.88,2.88,3.12
47-2161.00,Plasterers and Stucco Masons,0.0384615384615384,2,24.2,4.1,1.9,11.105092091007585,False,0.2535211267605634,0.6392199349945829,0.4463705308775731,5,0,0.0,True,Nicht hoch GPT-exponiert,3.0,2.25,2.88,3.12,2.75,2.12,0.62,2.88,1.25,3.62,2.88,3.0,2.25,2.12,2.0,2.75,2.88,2.12,2.75,2.88,3.5,1.88,1.88,3.12,3.25,1.62,2.0,2.75,3.12,2.12,2.5,1.5,2.75,2.62,2.88,1.88,2.88,1.38,1.62,2.25,2.25,2.12,2.38,3.0,3.62,2.0,3.62,2.75,3.0,2.25,2.62,2.25,0.99,0.26,1.86,1.59,0.73,2.11,-0.12,-0.08,0.28,0.19,0.7,-0.17,-0.15,0.16,1.18,0.67,0.68,0.13,-0.05,0.84,-0.48,4.11,4.65,3.23,4.17,3.43,4.0,3.24,2.25,2.75,0.62,1.62,0.88,2.12,2.5,1.25,1.88,2.12,2.12,2.25,1.25,2.5,2.12,0.0,2.88,0.88,2.25,2.12,1.62,1.88,0.88,2.75,1.88
47-2171.00,Reinforcing Iron and Rebar Workers,0.0,2,19.4,4.6,1.5,3.1960996749729147,False,0.21451787648970747,0.7053087757313109,0.45991332611050917,5,0,0.0,True,Nicht hoch GPT-exponiert,3.12,2.88,2.62,3.25,2.75,2.88,1.0,3.0,1.5,3.62,2.88,3.12,2.5,2.12,2.0,3.0,2.75,2.38,2.38,2.75,3.38,1.62,1.62,3.38,3.12,1.0,1.88,2.88,2.88,2.0,2.5,1.75,2.75,2.62,3.12,3.0,2.75,1.5,2.25,1.88,2.12,1.88,2.5,3.25,4.0,2.25,3.75,1.88,3.12,2.38,2.12,1.62,0.84,0.03,2.05,1.76,0.68,2.27,-0.22,-0.25,-0.08,-0.45,1.01,-0.15,-0.38,-0.04,1.26,0.78,0.8,0.06,-0.37,1.27,-0.71,4.43,4.18,3.14,3.43,3.84,4.31,4.43,2.38,3.25,1.12,1.75,0.12,2.12,2.75,0.62,0.75,1.88,1.62,2.88,1.0,2.38,1.62,0.0,2.38,0.88,1.62,2.12,2.0,1.75,0.88,2.5,1.75
47-2181.00,Roofers,0.0,2,166.7,5.9,12.7,3.1960996749729147,False,0.6462621885157096,0.7908992416034669,0.7185807150595882,5,0,0.0,True,Nicht hoch GPT-exponiert,3.12,2.62,2.88,3.0,3.12,3.0,1.12,2.38,1.5,3.75,3.12,3.12,2.38,2.12,2.12,3.12,4.0,1.75,2.88,3.0,3.12,1.5,1.38,3.25,3.38,1.38,2.0,3.75,3.0,2.25,2.88,1.38,2.88,2.75,3.12,2.38,3.0,1.12,1.75,2.62,2.75,1.62,2.12,3.25,3.25,2.62,3.75,2.38,3.0,2.12,2.88,2.12,0.86,0.5,1.86,2.24,0.62,2.25,-0.05,-0.16,0.47,-0.16,1.08,-0.02,0.27,0.26,1.74,0.92,0.8,0.13,-0.27,1.58,-0.63,4.5,4.64,3.79,4.28,4.09,3.67,4.18,2.75,3.88,1.12,1.12,0.88,2.12,2.5,1.0,1.0,2.0,1.75,2.88,1.25,2.62,1.88,0.0,2.12,1.25,2.25,2.5,1.5,1.25,0.75,2.75,1.75
47-2211.00,Sheet Metal Workers,0.0394736842105263,2,127.0,2.4,10.6,11.592632719393283,False,0.6240520043336945,0.45016251354279524,0.5371072589382448,5,0,0.0,True,Nicht hoch GPT-exponiert,3.0,3.0,3.12,3.25,3.0,3.0,0.75,2.38,1.38,3.12,3.0,3.12,3.0,2.38,1.75,2.5,2.75,2.0,3.0,3.12,3.12,2.88,2.0,3.25,3.38,0.75,2.38,3.12,3.12,2.25,3.0,1.25,3.0,3.0,3.0,2.75,3.0,0.88,2.12,2.88,2.88,2.0,2.38,3.0,3.25,2.75,3.12,2.5,4.0,2.25,3.0,2.12,1.3,0.97,2.08,1.63,0.73,2.14,-0.01,0.1,0.74,0.77,1.08,0.51,0.41,0.16,1.52,0.98,0.87,0.2,0.18,1.16,-0.09,3.68,4.1,3.4,4.44,3.42,4.0,3.98,2.62,3.12,2.88,2.25,2.38,2.75,2.88,0.75,1.12,2.62,1.88,2.88,1.88,2.75,1.88,0.38,3.12,2.88,2.0,2.0,2.0,2.0,1.12,3.0,2.88
47-2221.00,Structural Iron and Steel Workers,0.0,2,65.7,4.4,5.5,3.1960996749729147,False,0.48808234019501623,0.676056338028169,0.5820693391115926,5,0,0.0,True,Nicht hoch GPT-exponiert,3.88,3.62,2.75,4.0,3.0,3.75,0.5,3.75,1.5,3.88,3.75,3.88,2.75,2.75,2.75,3.12,3.88,3.0,3.0,3.25,3.88,2.0,1.88,4.0,3.75,1.88,2.25,3.12,3.12,2.5,3.12,2.62,3.0,3.12,3.88,3.5,3.0,2.25,2.12,3.0,3.0,2.0,2.62,3.12,4.5,2.88,3.88,2.88,3.88,2.5,3.0,2.25,1.25,0.57,2.11,2.21,0.98,2.41,-0.09,-0.08,0.23,-0.28,1.15,-0.05,0.34,0.26,1.77,1.1,1.05,0.16,-0.05,1.86,-0.73,4.39,4.31,3.68,4.13,4.47,3.57,4.24,2.88,3.38,1.5,2.25,1.12,2.88,2.75,1.0,1.62,2.38,2.0,3.0,2.0,3.0,2.12,0.0,3.0,1.62,2.25,2.75,2.12,2.0,1.25,2.88,1.88
47-2231.00,Solar Photovoltaic Installers,0.11,2,28.6,42.1,4.1,25.352112676056336,False,0.4219934994582882,0.9989165763813651,0.7104550379198267,5,1,0.2,True,Nicht hoch GPT-exponiert,3.0,2.75,3.0,2.88,3.12,2.5,0.25,2.25,1.12,3.25,3.0,3.0,2.75,2.5,2.25,2.25,3.0,2.5,3.0,3.75,3.12,2.12,2.0,3.0,3.25,1.25,2.25,3.75,3.0,2.38,3.12,1.75,3.12,1.75,2.75,2.12,3.0,1.5,2.0,2.25,3.0,2.25,1.5,2.62,3.12,2.75,3.12,3.38,3.62,1.62,3.0,2.75,1.37,1.38,2.44,2.35,1.23,2.65,-0.02,0.24,0.85,0.75,1.73,0.92,0.32,0.56,1.52,1.26,1.0,0.38,0.16,1.29,0.45,4.31,4.93,4.2,4.39,4.32,3.76,3.89,3.0,3.0,2.88,2.75,3.38,2.88,2.88,1.25,1.75,2.12,2.12,2.88,1.75,2.88,2.25,0.62,3.25,2.62,2.12,2.25,2.88,2.88,1.38,3.0,3.12
47-3011.00,"Helpers--Brickmasons, Blockmasons, Stonemasons, and Tile and Marble Setters",0.0,2,16.1,-10.5,1.4,3.1960996749729147,False,0.2047670639219935,0.05796316359696641,0.13136511375947996,5,0,0.0,True,Nicht hoch GPT-exponiert,2.88,2.88,2.38,3.0,2.25,3.12,1.38,3.0,1.5,3.62,3.0,3.0,2.5,1.88,2.5,2.88,3.0,2.25,2.0,2.38,3.0,1.75,1.75,3.25,3.0,1.0,1.88,2.88,2.75,1.75,2.5,1.75,2.5,2.62,3.0,2.12,2.75,1.38,2.25,2.25,2.25,1.88,2.75,3.0,4.12,2.12,3.75,3.12,3.0,2.75,2.12,1.5,0.57,0.36,1.67,1.44,1.53,2.11,-0.06,0.81,-0.1,-0.24,0.87,-0.22,-0.7,0.3,1.12,0.15,0.68,0.18,-0.21,0.93,-0.75,3.58,4.88,3.07,3.85,3.63,4.16,4.44,2.38,3.12,2.0,1.88,0.25,2.38,2.38,0.62,1.5,1.75,1.5,2.38,0.88,2.5,1.62,0.0,2.38,2.0,1.75,2.25,1.75,1.62,0.88,2.5,2.25
47-3012.00,Helpers--Carpenters,0.0,2,25.2,4.5,2.7,3.1960996749729147,False,0.33098591549295775,0.6923076923076923,0.511646803900325,5,0,0.0,True,Nicht hoch GPT-exponiert,3.0,2.12,2.75,2.88,2.88,2.88,0.25,2.75,1.0,3.38,2.88,2.88,2.0,2.25,2.0,2.75,2.5,2.12,2.25,2.75,2.88,2.0,2.25,3.0,3.12,1.88,2.25,3.25,3.0,2.38,2.25,1.5,3.0,2.12,3.0,2.25,2.88,1.75,1.88,2.38,2.5,2.12,2.12,2.75,3.5,2.25,3.0,2.38,3.38,2.0,2.25,2.0,0.59,0.36,1.71,1.38,1.44,2.03,-0.03,0.78,0.06,-0.35,0.78,-0.26,-0.56,0.4,0.9,0.25,0.66,0.23,-0.05,0.66,-0.65,4.36,4.66,4.12,4.25,4.07,3.77,4.0,2.12,3.12,2.12,2.12,1.5,2.12,2.12,0.88,1.0,2.0,2.0,2.12,0.62,2.12,2.0,0.0,2.62,2.12,2.12,2.25,1.25,1.38,1.0,2.25,2.12
47-3013.00,Helpers--Electricians,0.0,2,66.6,0.2,6.8,3.1960996749729147,False,0.5276273022751896,0.2768147345612134,0.4022210184182015,5,0,0.0,True,Nicht hoch GPT-exponiert,3.25,2.25,2.88,3.12,3.0,2.5,0.38,2.25,1.25,3.62,3.0,3.25,2.38,2.0,2.0,2.88,3.0,1.62,2.88,3.12,3.75,1.62,2.25,3.0,3.88,1.12,2.0,3.62,3.0,2.12,2.5,1.12,3.0,1.38,2.25,2.12,3.0,0.62,1.38,2.75,2.88,1.38,1.62,2.5,3.0,2.25,3.12,3.62,3.12,2.12,2.75,2.25,0.57,0.57,1.86,1.56,1.57,2.14,0.05,0.45,0.35,-0.28,1.01,0.14,-0.47,0.3,1.07,0.44,0.75,0.18,0.29,0.93,-0.46,4.26,4.89,3.56,4.2,4.01,3.84,3.91,2.25,2.88,2.62,2.25,2.62,1.88,2.25,0.62,1.12,1.62,1.38,2.75,0.75,2.88,1.75,0.25,2.88,2.75,2.12,2.12,1.38,1.38,0.38,2.12,3.0
47-3014.00,"Helpers--Painters, Paperhangers, Plasterers, and Stucco Masons",0.0,2,7.4,2.3,0.8,3.1960996749729147,False,0.11755146262188516,0.4409534127843987,0.27925243770314195,5,0,0.0,True,Nicht hoch GPT-exponiert,2.88,2.25,2.38,2.25,2.25,2.13,0.5,2.63,0.5,3.75,2.88,2.88,2.0,1.63,1.75,2.88,3.0,2.13,2.25,2.13,2.88,0.25,1.5,2.63,2.75,1.38,0.38,2.13,2.5,1.88,2.25,1.88,2.38,1.5,2.13,1.88,2.38,1.25,1.63,2.25,2.63,1.75,2.25,2.63,3.63,1.88,3.63,2.75,2.25,1.13,1.88,1.5,0.32,0.05,1.38,1.23,1.57,1.98,-0.02,0.87,-0.09,-0.37,0.76,-0.31,-0.75,0.4,0.39,0.15,0.53,0.27,-0.03,0.55,-0.65,4.43,4.76,3.36,3.27,3.44,4.0,3.64,2.12,2.62,2.12,1.62,0.12,2.0,2.12,0.0,0.12,2.0,1.75,2.0,0.0,2.38,1.75,0.0,2.38,2.12,2.25,2.25,1.12,1.12,0.0,2.5,2.38
47-3015.00,"Helpers--Pipelayers, Plumbers, Pipefitters, and Steamfitters",0.0,2,45.3,4.9,4.9,3.1960996749729147,False,0.4599133261105092,0.723726977248104,0.5918201516793066,5,0,0.0,True,Nicht hoch GPT-exponiert,3.0,2.12,2.75,3.12,2.75,2.25,0.75,2.62,0.88,3.75,2.12,2.88,2.0,2.0,1.62,2.38,2.38,1.38,2.5,3.0,2.88,1.5,1.12,3.0,3.0,0.88,1.38,3.25,2.88,2.0,1.88,0.88,2.62,1.25,2.38,1.88,2.38,0.75,1.88,2.38,2.5,1.38,2.12,2.12,3.38,2.0,3.25,1.75,3.12,2.0,2.12,1.12,0.63,0.57,1.86,1.41,1.7,2.14,-0.05,0.56,0.2,-0.2,1.01,-0.07,-0.63,0.3,1.02,0.39,0.57,0.22,-0.03,1.02,-0.32,4.14,4.22,3.06,3.52,3.69,3.73,3.84,2.0,3.0,1.75,2.0,1.5,2.12,2.12,0.75,1.25,1.38,1.62,2.0,0.25,1.88,1.62,0.0,2.0,2.62,1.75,2.12,1.0,0.88,0.62,2.12,2.0
47-3016.00,Helpers--Roofers,0.0,2,5.2,5.7,0.6,3.1960996749729147,False,0.08559046587215602,0.7751895991332611,0.4303900325027086,5,0,0.0,True,Nicht hoch GPT-exponiert,2.75,3.0,2.5,2.75,2.5,2.75,1.25,3.38,1.25,3.88,2.88,3.0,3.0,2.12,2.5,3.0,4.0,2.25,2.38,2.25,3.12,1.75,1.88,2.88,2.62,1.38,1.75,2.75,2.5,1.75,2.62,1.62,2.88,2.12,2.88,2.25,2.5,1.88,2.25,2.12,2.62,2.0,2.62,3.38,4.0,2.0,4.12,2.12,3.0,2.38,2.62,1.88,0.46,0.06,1.57,1.56,1.26,2.11,-0.14,0.32,0.22,-0.48,1.01,-0.3,-0.45,0.38,0.93,0.25,0.7,0.11,-0.25,1.16,-0.48,3.5,4.35,3.21,3.95,3.47,3.84,3.1,2.62,3.75,2.38,2.25,1.0,2.12,2.38,1.12,1.38,2.25,1.75,2.12,0.0,2.0,1.75,0.38,2.62,2.0,2.12,2.12,2.0,1.75,0.88,2.5,2.25
47-4011.00,Construction and Building Inspectors,0.1379310344827586,3,147.6,-0.8,14.8,29.360780065005414,False,0.7047670639219935,0.23185265438786565,0.46830985915492956,5,0,0.0,True,Nicht hoch GPT-exponiert,2.0,2.12,3.12,1.75,4.0,2.0,0.0,1.0,0.25,2.0,3.75,1.25,3.12,3.0,1.88,2.0,2.0,2.0,4.0,3.25,0.88,2.88,2.25,2.0,3.88,1.12,2.88,4.0,4.0,3.0,3.0,1.12,4.0,1.0,1.38,0.88,3.12,1.25,2.0,3.0,3.12,2.88,0.38,1.88,1.12,2.88,2.12,3.0,3.0,0.5,4.0,4.0,1.66,1.14,2.7,2.62,1.26,2.65,0.16,0.5,1.15,-0.32,2.55,1.26,1.78,0.02,1.77,1.57,1.5,1.14,0.88,1.49,0.35,4.36,4.71,4.68,4.12,3.6,2.28,4.08,3.0,3.0,0.0,0.0,0.0,3.0,3.38,0.62,1.0,3.0,3.0,1.75,1.88,2.88,3.0,0.62,3.12,0.0,2.75,3.0,3.0,3.0,0.75,3.25,1.75
47-4021.00,Elevator and Escalator Installers and Repairers,0.0789473684210526,3,24.2,5.0,2.0,20.260021668472373,False,0.2638136511375948,0.7345612134344529,0.49918743228602386,5,0,0.0,True,Nicht hoch GPT-exponiert,3.25,2.12,3.12,3.12,3.12,2.75,0.25,1.88,1.0,3.75,2.88,3.25,3.0,2.88,1.75,2.5,3.0,2.38,3.0,3.0,3.0,2.38,2.25,3.0,3.62,0.88,2.12,3.75,3.25,2.75,3.12,0.88,3.5,2.12,3.0,2.75,3.0,1.38,2.0,2.25,2.75,2.25,1.12,2.0,2.5,2.38,3.12,3.25,3.5,2.0,3.12,2.75,1.25,0.91,2.74,2.62,1.0,2.65,-0.06,0.17,0.78,0.04,1.89,0.94,-0.13,0.26,1.8,1.21,1.0,0.32,0.07,1.64,0.18,4.39,4.54,3.99,4.54,3.61,3.55,4.08,3.12,3.0,4.0,3.25,3.38,2.12,3.0,0.62,0.88,2.0,1.75,3.25,1.25,3.5,2.25,0.38,3.62,4.0,2.5,2.38,3.0,2.75,1.25,3.0,4.0
47-4031.00,Fence Erectors,0.0256410256410256,2,26.4,4.6,2.3,8.450704225352112,False,0.29198266522210187,0.7053087757313109,0.4986457204767064,5,0,0.0,True,Nicht hoch GPT-exponiert,2.88,2.75,2.12,3.0,2.62,2.88,0.62,3.12,1.75,3.38,2.75,3.0,2.12,2.0,2.12,2.88,2.0,2.0,2.75,2.88,3.25,2.0,1.75,3.25,3.0,1.12,2.0,3.0,3.0,1.75,2.12,1.75,2.88,2.25,2.88,2.88,2.38,1.5,2.0,2.25,2.5,1.75,2.62,3.12,4.0,1.88,3.88,1.88,3.12,2.12,2.38,2.0,0.78,0.16,1.71,1.32,0.68,2.14,-0.05,-0.28,0.28,-0.1,0.74,-0.21,-0.02,0.06,0.95,0.6,0.48,0.23,-0.05,0.58,-0.57,4.34,4.71,4.23,4.07,3.94,4.14,4.52,2.5,3.12,1.88,2.0,0.12,2.12,2.88,1.12,1.5,2.25,1.75,2.88,1.0,2.75,2.0,0.0,2.75,1.88,2.25,2.12,1.75,1.75,0.62,2.88,1.88
47-4041.00,Hazardous Materials Removal Workers,0.032258064516129,3,51.3,1.0,5.0,10.075839653304442,False,0.46316359696641385,0.3120260021668472,0.38759479956663057,5,0,0.0,True,Nicht hoch GPT-exponiert,3.12,2.5,3.5,3.75,3.62,3.12,0.25,2.25,1.25,3.25,3.0,2.88,3.12,2.88,2.12,2.25,2.25,2.12,3.25,3.25,3.0,2.0,2.62,3.75,3.25,1.75,2.0,3.88,3.5,2.75,3.12,1.62,4.0,2.62,3.12,2.62,3.0,1.25,1.88,3.12,3.12,2.5,1.25,2.25,3.12,3.0,3.0,2.88,3.38,1.62,3.5,3.0,0.86,1.26,2.7,2.74,1.15,2.65,-0.16,0.29,0.38,-0.5,2.21,0.37,-0.38,-0.06,1.97,0.92,1.8,0.57,-0.23,2.24,0.18,3.97,4.78,3.32,3.75,3.68,3.49,3.88,3.0,3.0,2.62,2.12,0.88,2.88,3.0,1.0,1.75,2.5,2.75,3.0,1.12,3.0,2.75,0.25,2.75,2.12,2.75,2.75,2.12,2.0,0.5,3.0,2.75
47-4051.00,Highway Maintenance Workers,0.0,2,159.1,3.0,12.3,3.1960996749729147,False,0.6419284940411701,0.5032502708559047,0.5725893824485374,5,0,0.0,True,Nicht hoch GPT-exponiert,3.0,3.25,2.88,3.75,2.88,2.88,0.0,2.5,1.12,3.25,3.12,3.0,3.0,2.0,2.12,2.38,2.0,2.88,2.88,2.88,3.12,2.0,1.88,3.88,3.0,1.75,2.0,3.38,3.0,2.0,2.88,2.0,3.0,2.88,3.12,3.12,3.0,2.12,2.5,2.75,2.88,1.88,2.88,3.12,3.62,3.0,3.25,2.62,3.12,2.12,2.75,2.38,0.66,0.94,1.49,1.76,1.2,2.53,0.02,-0.16,0.59,-0.37,0.96,-0.14,-0.11,0.52,1.46,0.52,1.0,0.14,-0.09,1.38,-0.5,4.25,4.8,3.51,4.1,3.73,4.22,3.72,2.75,3.5,2.25,1.5,0.5,2.12,2.62,0.62,0.62,1.88,2.12,3.12,0.12,3.0,2.38,0.12,2.88,2.25,2.25,2.62,1.88,1.75,0.62,2.5,2.75
47-4061.00,Rail-Track Laying and Maintenance Equipment Operators,0.0,2,15.0,1.6,1.1,3.1960996749729147,False,0.1635969664138678,0.3607800650054171,0.26218851570964247,5,0,0.0,True,Nicht hoch GPT-exponiert,3.0,3.12,2.62,4.0,3.0,3.38,0.25,3.25,1.38,3.25,3.75,2.88,3.38,2.12,2.88,3.0,2.38,2.88,2.88,2.88,3.12,1.5,1.88,4.0,3.0,1.75,1.88,3.25,3.0,2.12,3.12,2.0,3.0,3.12,3.62,3.25,3.12,1.38,2.38,2.38,2.25,2.38,2.75,2.88,3.75,2.88,3.5,2.62,3.5,2.38,2.75,2.25,0.8,0.26,2.19,2.28,1.03,2.56,-0.12,-0.16,0.28,-0.37,1.23,-0.03,-0.36,-0.01,1.23,0.58,0.95,0.13,-0.3,1.35,-0.71,4.56,4.89,4.0,3.92,4.39,3.91,3.9,2.38,3.12,3.0,2.25,0.5,2.62,2.75,0.75,1.0,2.12,1.75,3.12,0.75,3.25,1.88,0.0,3.0,3.0,1.88,2.0,2.12,2.0,0.75,2.75,3.0
47-4071.00,Septic Tank Servicers and Sewer Pipe Cleaners,0.09375,2,30.4,7.6,2.9,23.185265438786566,False,0.34994582881906827,0.8591549295774648,0.6045503791982665,5,1,0.2,True,Nicht hoch GPT-exponiert,3.0,3.0,2.62,3.62,3.0,2.88,0.75,2.88,1.38,3.12,3.0,3.0,2.88,2.38,2.5,2.62,2.5,3.0,3.0,2.88,3.12,2.0,2.12,3.0,3.12,1.88,2.38,3.25,3.0,2.0,3.0,2.0,3.0,2.88,3.5,3.12,3.0,2.0,2.25,2.75,2.75,2.38,2.0,2.75,3.12,2.88,3.5,2.62,3.0,2.38,2.62,2.62,0.65,0.73,1.71,1.99,0.75,2.22,-0.1,0.19,0.61,-0.28,1.01,0.01,-0.17,0.49,1.64,0.54,1.03,0.37,-0.16,1.46,0.12,4.6,4.71,4.06,3.39,4.06,3.54,3.82,3.0,2.75,2.88,1.88,1.5,2.38,2.75,1.62,1.88,2.12,2.0,3.0,0.75,3.0,2.38,0.0,2.62,3.12,2.25,2.62,2.25,2.12,1.0,2.88,3.0
47-4091.00,Segmental Pavers,0.0833333333333333,2,35.0,3.5,3.1,21.180931744312026,False,0.35969664138678226,0.570964247020585,0.46533044420368364,5,3,0.6,True,Nicht hoch GPT-exponiert,3.12,2.88,2.88,3.38,3.0,2.75,0.0,2.88,0.25,2.0,2.88,2.75,2.25,2.62,2.0,2.5,1.62,2.62,2.88,3.12,3.0,2.0,1.88,3.25,3.25,1.0,2.0,3.5,3.12,2.75,2.5,1.62,2.88,2.25,3.0,2.75,3.25,1.25,2.38,3.0,3.0,2.25,2.12,2.38,3.25,2.88,3.12,2.38,3.12,1.75,2.75,2.62,0.99,0.26,2.0,1.38,0.71,2.14,-0.08,-0.01,0.23,0.15,0.82,-0.17,-0.15,0.06,1.07,0.58,0.68,0.23,0.07,0.82,-0.46,4.63,4.96,4.09,3.75,3.52,3.35,4.06,2.75,3.75,2.12,2.0,0.5,2.62,2.62,0.88,1.0,2.75,2.62,2.88,1.75,2.62,2.75,0.0,2.62,2.0,2.75,2.75,2.12,2.12,1.0,2.88,2.5
47-5011.00,"Derrick Operators, Oil and Gas",0.0,2,11.3,0.5,1.0,3.1960996749729147,False,0.1495124593716143,0.2887323943661972,0.21912242686890576,5,0,0.0,True,Nicht hoch GPT-exponiert,3.13,4.0,2.5,4.0,2.88,4.0,0.38,2.88,0.5,4.13,3.13,3.38,3.5,2.13,2.63,3.13,3.38,3.38,2.88,3.13,3.63,2.0,2.38,3.88,3.25,1.75,2.0,3.75,3.75,2.0,3.38,2.0,3.38,3.38,4.0,3.38,3.5,2.13,2.25,3.13,2.5,2.75,3.25,3.25,4.0,3.13,3.75,2.75,3.38,2.63,2.63,2.63,1.25,1.22,2.08,2.5,1.11,2.47,-0.06,0.12,0.74,-0.48,1.63,0.15,1.24,0.3,1.74,1.32,1.47,0.27,-0.07,1.99,-0.05,4.56,4.32,3.94,3.93,4.48,4.28,3.21,2.88,3.38,3.38,2.38,0.12,2.88,2.62,1.12,1.62,3.38,2.12,3.62,0.38,3.88,2.0,0.0,3.62,3.62,1.88,2.75,2.0,2.25,0.12,2.75,3.25
47-5012.00,"Rotary Drill Operators, Oil and Gas",0.0263157894736842,2,13.3,0.2,1.2,8.775731310942579,False,0.17876489707475623,0.2768147345612134,0.22778981581798483,5,0,0.0,True,Nicht hoch GPT-exponiert,3.0,3.5,3.13,3.75,3.38,2.88,0.0,2.5,0.25,2.88,3.0,3.13,2.88,2.75,2.13,2.63,2.5,2.75,3.25,3.75,3.38,2.0,2.5,3.5,3.38,2.13,2.25,3.75,3.63,2.63,3.0,1.5,3.5,3.25,3.13,2.88,4.0,1.5,2.0,2.63,2.88,2.38,1.75,2.13,3.38,3.0,3.13,2.75,3.13,1.38,3.0,3.13,1.47,1.35,2.19,2.5,1.44,2.56,-0.09,0.1,1.0,-0.18,1.7,0.51,1.89,0.38,1.97,1.26,1.47,0.33,0.43,2.17,0.38,4.36,4.94,4.21,4.61,4.18,3.72,4.1,3.12,3.38,3.12,2.25,0.38,3.38,3.0,0.38,1.12,3.25,2.75,3.62,1.0,3.5,2.88,0.0,3.25,3.25,2.25,2.75,2.12,1.88,0.5,3.38,3.0
47-5013.00,"Service Unit Operators, Oil and Gas",0.1451612903225806,2,45.2,0.4,4.1,31.094257854821233,False,0.4219934994582882,0.28602383531960995,0.3540086673889491,5,0,0.0,True,Nicht hoch GPT-exponiert,3.0,3.25,3.0,3.88,3.25,3.38,0.0,2.12,0.38,3.0,3.12,3.12,2.88,2.25,2.25,2.75,2.88,3.12,3.12,3.0,3.12,2.38,2.12,3.62,3.25,2.0,2.62,3.5,3.62,2.38,3.38,1.88,3.5,3.0,3.25,3.12,3.12,2.38,2.12,3.12,3.12,2.75,2.25,2.5,3.0,2.88,3.0,3.12,3.25,2.38,2.88,2.88,1.2,1.38,2.11,2.47,0.92,2.47,-0.17,-0.06,0.87,-0.3,1.21,0.51,0.32,0.15,1.77,1.26,1.37,0.23,-0.09,2.06,0.93,4.83,4.67,4.16,4.35,4.16,3.88,4.35,3.0,3.0,3.25,2.5,2.12,2.5,2.62,1.12,1.75,2.5,2.38,3.5,0.88,3.62,2.62,0.88,3.12,3.12,2.5,2.75,2.38,2.5,0.5,2.88,3.12
47-5022.00,"Excavating and Loading Machine and Dragline Operators, Surface Mining",0.0,2,35.8,-0.4,3.1,3.1960996749729147,False,0.35969664138678226,0.2513542795232936,0.3055254604550379,5,0,0.0,True,Nicht hoch GPT-exponiert,3.12,4.12,2.88,4.0,3.0,3.88,0.25,2.75,0.25,2.88,3.75,3.12,3.0,2.12,2.88,2.38,1.88,3.12,2.88,2.88,3.12,1.88,2.0,4.12,3.25,2.25,2.0,3.62,3.62,2.12,3.0,3.12,3.12,3.75,4.12,4.0,3.12,2.88,3.0,3.0,3.0,2.75,3.0,2.25,3.75,3.0,3.0,3.0,3.5,2.88,2.88,2.25,0.8,0.42,1.57,2.32,0.37,2.44,-0.21,-0.28,0.25,-0.45,0.78,-0.03,-0.26,0.06,1.02,0.89,0.8,0.05,-0.34,1.32,-0.55,4.4,4.51,4.06,3.8,2.59,4.1,3.58,2.88,3.12,3.12,2.88,0.62,2.25,2.75,0.75,0.88,2.88,2.25,3.62,1.62,3.25,2.75,0.0,2.75,3.12,2.25,2.62,2.12,2.12,1.12,2.88,3.0
47-5023.00,"Earth Drillers, Except Oil and Gas",0.1136363636363636,2,18.3,2.9,1.7,25.839653304442038,False,0.23672806067172264,0.4891657638136511,0.3629469122426869,5,0,0.0,True,Nicht hoch GPT-exponiert,3.12,3.0,3.12,4.0,3.12,3.62,0.25,1.38,1.5,2.38,3.12,3.0,3.0,2.12,2.0,1.38,1.88,3.0,3.12,3.12,3.38,1.75,2.12,3.88,3.25,2.0,2.12,3.5,3.0,2.12,3.5,1.88,3.62,3.12,3.88,2.88,3.0,1.88,2.38,2.88,2.88,2.38,1.38,1.62,2.38,2.88,2.62,2.62,3.25,1.88,2.88,2.88,1.01,0.89,2.05,2.24,0.51,2.36,-0.16,-0.16,0.53,-0.02,1.29,0.45,-0.11,0.3,1.7,1.13,1.25,0.06,-0.34,1.52,0.16,3.99,4.53,4.51,3.62,2.67,4.21,3.0,2.75,3.0,3.25,2.5,1.0,2.75,2.62,1.0,1.25,2.12,2.12,4.0,1.38,4.0,2.12,0.0,3.0,3.0,2.25,2.12,2.12,2.12,1.12,2.25,3.0
47-5032.00,"Explosives Workers, Ordnance Handling Experts, and Blasters",0.1145833333333333,2,5.8,-0.9,0.5,26.11050920910076,False,0.06988082340195016,0.228602383531961,0.14924160346695559,5,0,0.0,True,Nicht hoch GPT-exponiert,3.5,3.0,3.38,3.75,3.75,3.13,0.5,2.25,0.5,3.25,3.5,3.5,3.38,3.0,2.38,2.38,2.5,3.0,3.75,4.0,4.13,2.25,2.0,3.5,4.13,1.5,2.38,3.88,3.5,3.0,3.63,1.5,3.88,2.75,4.0,2.88,3.5,1.88,1.88,2.88,2.88,2.63,2.5,2.5,2.88,3.0,3.0,3.75,3.38,1.88,3.25,2.75,1.16,0.89,3.0,3.0,0.9,2.93,-0.2,0.1,0.19,-0.45,2.55,0.6,0.38,0.07,1.9,1.35,2.55,0.36,-0.48,3.0,-0.86,4.38,4.79,3.75,4.5,3.63,3.48,4.35,3.25,3.5,2.25,2.38,0.88,3.38,3.25,1.0,1.88,3.25,2.62,3.12,1.88,3.25,2.62,0.0,2.5,2.25,2.38,2.75,2.62,2.75,1.12,3.25,2.88
47-5041.00,Continuous Mining Machine Operators,0.06,2,14.9,0.6,1.6,15.872156013001085,False,0.2258938244853738,0.29360780065005415,0.259750812567714,5,0,0.0,True,Nicht hoch GPT-exponiert,3.12,3.88,3.0,4.0,3.0,3.5,0.75,2.5,1.38,3.25,3.5,3.12,3.12,2.38,2.62,2.62,2.0,3.38,3.12,3.0,3.38,1.38,2.12,3.88,3.25,2.62,1.38,3.5,3.0,2.25,3.25,2.0,3.62,3.5,4.0,3.5,3.0,2.62,2.62,2.38,2.25,2.62,2.25,2.75,3.5,2.88,3.25,3.0,3.0,1.75,2.38,2.12,0.95,0.81,2.11,2.5,0.55,2.65,-0.14,-0.16,0.35,-0.68,1.54,0.04,-0.26,0.01,1.9,0.85,1.6,0.04,-0.52,2.06,-0.57,4.44,4.84,4.02,4.11,3.35,4.14,3.4,3.0,3.0,3.38,2.25,1.12,2.38,3.0,0.38,0.38,2.75,2.12,3.62,1.25,3.88,2.25,0.0,2.5,3.0,2.12,2.25,2.25,2.12,0.75,2.75,3.0
47-5043.00,"Roof Bolters, Mining",0.0,2,2.3,-34.2,0.1,3.1960996749729147,False,0.011375947995666305,0.0021668472372697724,0.006771397616468039,5,0,0.0,True,Nicht hoch GPT-exponiert,3.12,3.38,2.5,4.0,3.0,3.38,1.12,3.38,1.62,4.0,3.12,3.12,2.5,2.12,2.75,2.75,3.0,3.0,2.88,3.25,3.75,1.25,2.12,3.88,3.12,2.5,1.88,3.38,3.0,2.12,2.5,2.12,3.38,3.12,3.88,3.38,3.25,2.5,2.75,3.0,3.0,2.0,2.5,3.12,3.75,2.88,3.62,2.38,3.0,2.75,2.12,2.25,0.82,-0.21,2.22,2.39,-0.17,2.65,-0.13,-0.25,0.2,-0.71,1.34,-0.12,-0.36,0.04,1.77,0.8,1.56,-0.01,-0.55,2.1,-0.44,4.51,4.95,2.93,3.88,4.09,4.96,4.79,2.38,3.5,3.0,2.25,1.5,2.62,2.38,1.12,1.12,2.25,2.12,3.12,0.25,3.25,2.12,0.0,3.0,2.88,2.12,2.25,2.0,2.12,0.12,3.0,3.0
47-5044.00,"Loading and Moving Machine Operators, Underground Mining",0.0813953488372093,2,6.4,-22.3,0.5,20.801733477789817,False,0.06988082340195016,0.00866738894907909,0.03927410617551463,5,1,0.2,True,Nicht hoch GPT-exponiert,3.25,3.0,3.0,3.88,2.75,3.75,0.12,2.12,1.12,3.0,3.0,2.88,2.38,1.38,2.25,2.5,2.0,3.0,2.88,3.0,3.38,1.25,1.62,3.25,3.25,2.25,1.25,3.0,3.0,1.38,3.0,2.38,3.0,3.12,3.88,3.12,3.0,1.62,2.38,3.0,2.88,2.12,2.12,2.75,2.88,2.88,3.0,2.62,3.0,1.5,2.88,2.25,0.65,0.44,1.86,2.28,0.66,2.65,-0.22,-0.2,0.23,-0.57,1.37,0.01,-0.43,0.11,1.49,0.67,1.19,0.04,-0.52,2.1,-0.48,3.67,4.55,3.14,3.46,3.18,4.04,3.68,2.5,3.0,3.12,2.38,0.38,2.25,2.25,0.62,0.88,2.0,2.12,3.25,1.0,3.25,2.12,0.0,2.62,3.0,2.25,2.38,0.75,0.62,0.0,2.12,3.12
47-5051.00,"Rock Splitters, Quarry",0.0769230769230769,2,3.2,4.4,0.4,19.772481040086674,False,0.05579631635969664,0.676056338028169,0.3659263271939328,5,0,0.0,True,Nicht hoch GPT-exponiert,3.38,2.75,2.88,3.25,2.75,2.88,0.25,3.25,0.5,3.62,2.25,3.12,2.5,1.5,1.38,3.25,3.0,2.38,2.75,2.88,3.38,1.25,1.5,3.38,3.25,1.38,1.5,3.0,2.88,1.88,2.5,1.25,2.75,2.88,3.38,2.75,2.75,0.75,1.88,2.5,2.62,1.38,2.75,3.38,3.75,2.62,3.62,2.88,2.88,1.75,2.5,2.12,0.65,-0.23,1.51,1.63,-0.17,1.88,-0.22,-0.45,-0.23,-0.59,0.21,-0.28,-0.52,-0.18,1.0,0.32,0.48,0.0,-0.59,0.97,-0.79,3.18,3.48,3.41,3.74,2.72,3.04,2.61,2.5,2.75,2.0,1.75,0.0,1.75,2.25,0.62,0.62,1.62,1.62,3.0,0.25,2.88,2.0,0.0,2.5,1.75,2.12,2.25,0.75,0.75,0.0,2.38,2.25
47-5071.00,"Roustabouts, Oil and Gas",0.0,2,46.0,2.5,4.3,3.1960996749729147,False,0.43391115926327195,0.46208017334777896,0.44799566630552545,5,0,0.0,True,Nicht hoch GPT-exponiert,3.12,2.88,2.75,3.25,2.62,3.0,0.62,2.25,1.5,3.62,3.0,3.0,2.75,1.88,2.25,2.75,2.88,3.0,2.5,2.88,3.0,1.12,2.0,3.25,3.0,1.88,1.75,3.0,2.88,2.12,3.0,2.12,2.88,2.5,2.88,2.75,3.0,2.12,2.12,2.38,2.75,1.88,1.88,3.0,3.75,2.38,3.38,2.62,3.0,1.88,2.12,1.62,0.77,0.73,1.84,1.86,0.8,2.3,-0.14,0.05,0.42,-0.61,1.21,-0.05,-0.11,0.18,1.64,0.92,0.95,0.14,-0.23,1.58,-0.3,4.58,4.86,3.94,3.74,3.94,3.7,4.28,2.12,3.0,2.75,2.12,0.12,2.0,2.12,0.75,1.0,1.88,1.75,2.75,0.25,2.88,1.5,0.0,2.75,2.75,1.88,2.25,2.0,2.0,0.5,2.25,2.62
47-5081.00,Helpers--Extraction Workers,0.0652173913043478,2,7.0,-1.7,0.7,17.06392199349946,False,0.10184182015167931,0.20151679306608883,0.15167930660888407,5,2,0.4,True,Nicht hoch GPT-exponiert,3.12,3.25,2.88,3.75,2.88,3.38,0.5,3.0,1.12,3.62,3.38,3.25,2.88,2.25,2.75,3.0,3.0,3.12,2.88,2.88,3.25,2.0,2.12,3.88,3.12,1.5,2.0,2.88,2.75,2.25,2.75,2.25,3.0,3.12,3.88,3.25,3.0,2.0,2.88,2.38,2.75,2.12,2.62,3.0,3.88,2.75,3.88,2.62,3.0,2.25,2.38,2.12,0.57,0.48,1.71,1.79,1.11,2.19,-0.1,0.47,0.07,-0.52,1.21,-0.17,-0.45,0.22,1.07,0.19,1.28,0.12,-0.25,1.4,-0.36,4.3,4.82,4.12,3.94,4.2,4.08,3.47,2.62,3.25,3.12,2.75,0.38,2.25,2.62,0.88,1.5,2.0,1.88,3.0,0.0,3.38,2.0,0.0,2.62,3.12,2.0,2.38,1.88,1.62,1.0,2.25,3.0
49-1011.00,"First-Line Supervisors of Mechanics, Installers, and Repairers",0.2692307692307692,3,617.5,3.1,52.4,45.39544962080173,False,0.8884073672806068,0.5216684723726978,0.7050379198266523,5,0,0.0,True,Nicht hoch GPT-exponiert,3.0,3.0,3.75,3.0,3.88,2.88,0.0,1.88,0.88,2.12,3.25,3.0,3.62,3.38,1.88,1.88,1.62,3.0,3.75,4.0,3.0,3.0,3.0,3.0,3.88,1.12,3.0,4.0,4.0,3.38,3.12,1.25,3.88,2.12,3.0,2.5,3.12,2.12,1.5,3.75,3.62,3.0,1.25,1.75,2.75,3.0,2.75,3.0,3.75,2.0,4.0,4.0,1.89,1.22,2.19,2.03,2.07,2.65,1.07,0.87,1.5,0.97,1.99,0.89,2.64,0.93,1.77,1.66,1.91,1.02,1.52,1.8,0.87,4.81,4.53,4.36,4.43,3.37,2.91,3.93,3.62,3.75,3.12,2.75,0.88,3.5,3.75,3.62,3.75,4.0,3.38,3.0,2.5,3.38,3.5,1.12,3.62,3.12,3.0,3.75,3.75,3.0,1.25,3.88,3.75
49-2011.00,"Computer, Automated Teller, and Office Machine Repairers",0.2040816326530612,3,79.1,-0.9,7.6,37.70314192849404,False,0.5433369447453954,0.228602383531961,0.38596966413867817,5,0,0.0,True,Nicht hoch GPT-exponiert,3.25,2.12,3.0,3.12,3.12,2.0,0.0,1.25,0.75,2.38,2.38,3.38,2.88,2.75,1.12,1.75,1.12,2.38,3.12,3.12,3.12,1.62,2.25,2.5,3.88,1.0,1.88,3.62,3.75,2.88,2.88,1.12,3.0,2.0,2.0,1.88,3.0,1.38,1.5,2.88,2.62,2.0,0.75,1.12,2.0,2.75,2.12,3.0,3.5,1.88,3.38,3.0,1.25,0.46,2.5,1.99,1.06,2.41,0.54,0.19,0.78,0.7,1.57,1.17,-0.13,0.06,1.58,0.89,0.95,0.63,0.9,1.19,-0.21,4.1,4.34,4.54,4.01,3.5,2.78,4.24,3.12,2.88,2.88,3.0,2.5,2.88,2.62,0.88,1.25,2.12,2.12,2.88,2.0,3.0,2.75,1.25,3.0,3.12,2.88,3.0,2.62,2.38,1.88,3.0,3.25
49-2021.00,"Radio, Cellular, and Tower Equipment Installers and Repairers",0.0833333333333333,3,11.7,8.6,1.2,21.180931744312026,False,0.17876489707475623,0.8911159263271939,0.5349404117009751,5,0,0.0,True,Nicht hoch GPT-exponiert,3.25,2.12,3.0,3.12,3.25,2.75,0.88,2.12,1.62,3.25,3.12,3.25,3.0,2.88,2.0,2.12,2.25,2.38,3.12,3.38,2.88,2.38,2.25,3.12,3.38,1.5,2.38,3.88,3.75,2.88,3.0,1.5,3.5,2.0,2.5,2.38,3.0,1.38,2.12,3.0,3.0,2.38,1.38,2.5,2.88,2.38,3.0,3.0,3.62,2.25,3.25,3.0,1.3,1.35,2.37,2.17,0.87,2.65,-0.13,-0.12,0.74,0.58,1.57,0.92,-0.13,0.15,1.77,1.21,1.14,0.16,-0.23,1.35,0.06,4.11,4.77,3.74,4.25,3.84,2.8,3.48,2.88,3.25,2.88,2.88,3.88,2.88,3.12,0.88,1.12,2.38,2.25,3.0,0.38,3.0,2.38,1.25,3.62,3.38,2.38,2.5,3.0,2.88,1.12,3.12,3.62
49-2022.00,"Telecommunications Equipment Installers and Repairers, Except Line Installers",0.203125,3,156.9,-4.2,13.2,37.594799566630556,False,0.6635969664138678,0.13867822318526543,0.4011375947995666,5,2,0.4,True,Nicht hoch GPT-exponiert,3.25,3.0,3.0,3.12,3.25,2.88,0.25,2.75,0.88,3.75,3.38,3.38,3.12,3.0,2.12,2.88,3.0,2.88,3.25,3.5,3.12,2.12,2.88,3.12,4.0,1.88,2.25,4.0,3.5,2.88,3.25,1.75,3.25,1.75,2.88,2.88,3.0,1.88,2.25,3.12,3.12,2.62,1.75,2.75,3.0,2.88,3.12,3.88,3.75,2.12,3.5,3.0,1.27,1.29,2.53,1.96,1.63,2.56,0.71,0.34,0.95,0.72,1.6,0.92,0.1,0.59,1.77,1.1,1.19,0.76,1.02,1.38,0.74,4.54,4.29,4.47,4.16,3.49,3.21,4.12,3.25,3.0,3.25,3.12,3.25,3.0,3.0,0.75,0.88,2.38,2.25,3.25,1.75,3.25,2.62,1.62,3.62,3.25,3.0,2.75,3.0,3.12,1.38,3.0,3.75
49-2091.00,Avionics Technicians,0.14,3,21.4,8.2,1.8,30.065005417118094,False,0.24647887323943662,0.8764897074756229,0.5614842903575298,5,1,0.2,True,Nicht hoch GPT-exponiert,3.12,2.75,3.0,3.25,3.88,2.25,0.0,1.75,0.62,2.38,3.0,3.75,3.25,3.0,0.75,1.5,1.5,2.88,3.75,3.88,3.25,2.25,2.38,3.0,4.12,0.62,2.12,4.12,3.88,2.75,2.88,0.62,3.88,1.5,1.88,1.38,3.25,0.88,0.88,2.88,3.0,2.25,0.0,1.38,2.12,2.62,2.25,3.5,3.88,1.62,4.25,3.75,1.74,1.22,3.0,2.58,1.08,2.65,-0.12,0.03,0.65,0.87,2.1,1.82,0.02,0.24,1.77,1.1,1.28,0.44,0.09,1.55,0.34,4.08,4.58,3.84,4.42,3.63,2.85,4.54,3.5,3.12,4.0,3.0,2.88,2.88,3.25,0.62,1.12,2.62,2.25,2.5,2.12,3.62,2.75,0.88,3.62,4.0,2.62,3.0,3.12,3.12,1.12,3.25,4.0
49-2092.00,"Electric Motor, Power Tool, and Related Repairers",0.0192307692307692,3,17.1,3.4,1.7,7.150595882990249,False,0.23672806067172264,0.5579631635969664,0.3973456121343445,5,0,0.0,True,Nicht hoch GPT-exponiert,3.5,3.62,3.25,3.75,3.25,3.25,0.25,2.12,1.12,3.38,2.88,4.0,3.12,2.88,1.88,2.0,1.88,3.25,3.25,3.38,3.75,2.0,2.25,3.12,3.75,1.0,2.25,3.75,3.12,2.88,3.0,1.25,3.12,2.88,3.12,3.0,3.5,2.12,1.25,2.75,2.75,3.12,1.88,2.0,2.88,2.88,2.62,3.62,3.62,2.75,3.0,2.88,1.07,0.78,2.41,1.93,0.55,2.3,-0.05,-0.1,0.45,0.39,1.29,0.84,-0.19,-0.01,1.23,0.89,0.68,0.41,-0.07,1.0,-0.19,3.93,4.68,4.11,4.51,3.39,3.68,4.04,3.0,2.88,3.75,3.0,2.88,2.88,3.0,1.75,1.75,2.25,1.75,3.0,1.25,3.38,2.38,0.88,3.62,4.0,2.75,2.75,2.88,2.75,1.25,2.88,3.88
49-2093.00,"Electrical and Electronics Installers and Repairers, Transportation Equipment",0.16,3,7.0,6.1,0.6,33.20693391115926,False,0.08559046587215602,0.8022751895991332,0.44393282773564463,5,0,0.0,True,Nicht hoch GPT-exponiert,3.5,2.12,3.12,3.12,3.0,2.38,0.0,1.5,1.12,3.38,3.0,3.5,3.0,2.38,1.0,2.12,1.88,2.25,3.0,3.12,3.12,2.12,1.75,3.0,4.0,0.88,2.12,3.75,3.25,2.25,3.0,0.88,3.25,1.38,2.0,1.38,2.88,1.0,1.0,3.0,3.0,2.12,0.38,1.88,2.12,2.38,3.0,3.38,3.12,1.38,3.0,3.0,1.23,1.26,2.6,2.32,0.71,2.65,-0.08,0.05,0.55,0.46,1.76,0.97,-0.02,0.15,1.7,0.92,1.19,0.43,0.0,1.43,0.39,4.04,4.48,3.71,4.18,3.15,4.03,4.48,3.0,3.0,3.0,2.25,2.38,2.5,2.88,1.12,1.0,2.25,2.12,2.5,1.62,3.12,2.75,0.75,3.25,3.12,2.25,3.0,2.25,2.38,1.38,3.12,3.25
49-2094.00,"Electrical and Electronics Repairers, Commercial and Industrial Equipment",0.282051282051282,3,61.1,-0.8,4.7,47.29144095341278,False,0.447453954496208,0.23185265438786565,0.33965330444203684,5,0,0.0,True,Nicht hoch GPT-exponiert,3.25,2.88,3.75,3.12,3.88,2.5,0.0,2.0,0.88,3.12,3.0,3.88,3.75,3.0,1.0,2.0,2.0,3.0,3.62,4.0,3.75,2.88,3.0,2.62,4.12,1.0,2.88,4.0,3.88,3.0,3.75,1.0,4.0,2.38,2.75,2.0,3.0,1.25,1.0,3.0,3.0,2.75,1.25,2.0,2.5,2.12,2.75,3.88,3.75,2.0,3.62,3.0,1.58,1.22,2.7,2.21,1.0,2.65,0.05,-0.12,0.23,1.12,1.7,1.71,0.19,0.34,1.7,1.07,1.19,0.53,0.41,1.35,0.66,4.36,4.63,4.25,4.41,3.55,3.18,3.16,3.88,3.0,3.75,3.25,2.75,2.88,3.0,1.62,1.62,2.62,2.62,3.5,2.12,3.88,2.88,2.12,3.88,3.88,2.88,3.0,3.25,3.0,2.38,3.0,3.88
49-2095.00,"Electrical and Electronics Repairers, Powerhouse, Substation, and Relay",0.16,3,23.4,5.5,2.0,33.20693391115926,False,0.2638136511375948,0.7643553629469122,0.5140845070422535,5,0,0.0,True,Nicht hoch GPT-exponiert,3.25,2.5,3.0,3.25,3.0,2.75,0.0,2.25,1.12,2.75,3.0,3.12,3.12,2.88,1.75,2.25,2.25,2.38,3.0,3.12,3.12,2.88,2.75,2.88,4.0,1.12,2.75,3.88,3.88,3.0,3.12,1.0,3.25,1.88,2.38,1.88,3.0,1.25,1.25,3.0,2.88,2.12,1.0,2.12,2.12,2.75,2.5,3.62,3.25,2.0,3.5,3.25,1.47,0.94,2.7,2.62,0.75,2.65,-0.08,-0.04,0.49,0.72,1.89,1.86,-0.05,0.22,1.61,1.21,1.4,0.5,0.02,1.64,0.31,4.73,4.89,3.51,4.74,4.52,2.83,4.17,3.0,3.0,4.0,2.25,0.75,2.88,3.0,1.5,1.62,2.75,2.25,3.12,2.25,3.25,2.12,1.12,3.25,4.0,2.75,2.75,3.0,3.0,1.0,3.0,4.0
49-2096.00,"Electronic Equipment Installers and Repairers, Motor Vehicles",0.125,3,10.3,-13.6,0.6,27.627302275189596,False,0.08559046587215602,0.03358613217768147,0.059588299024918745,5,0,0.0,True,Nicht hoch GPT-exponiert,3.75,3.0,3.25,3.12,3.12,2.38,0.12,1.75,1.0,3.75,2.88,3.75,2.88,3.0,1.75,2.12,1.75,3.0,3.12,3.25,3.25,2.38,2.12,3.0,3.5,1.38,2.25,3.88,3.0,2.88,2.88,1.25,3.12,2.12,2.75,2.0,3.12,2.0,1.88,3.0,3.0,2.25,1.38,1.75,2.5,2.75,2.88,3.5,3.62,1.88,3.0,3.0,1.18,1.05,2.44,1.63,0.75,2.19,0.12,0.08,0.74,0.75,1.34,0.89,-0.11,0.32,1.43,0.75,0.85,0.6,0.65,1.02,0.25,3.69,4.34,4.14,4.71,3.3,3.99,4.53,3.0,3.0,2.88,2.75,3.0,2.38,2.88,1.25,1.12,2.12,2.5,3.0,1.75,3.0,2.38,1.12,3.0,3.62,2.88,2.88,2.25,2.38,1.38,3.0,3.62
49-2097.00,Audiovisual Equipment Installers and Repairers,0.0952380952380952,3,24.6,6.6,2.6,23.564463705308775,False,0.32340195016251355,0.8331527627302275,0.5782773564463706,5,0,0.0,True,Nicht hoch GPT-exponiert,3.0,2.62,3.0,2.88,3.0,2.25,0.0,2.38,0.5,2.88,3.12,3.75,3.12,2.75,1.5,2.12,1.25,3.12,3.0,3.25,3.0,2.12,2.5,2.62,3.75,0.75,2.25,3.38,3.25,2.88,3.0,1.38,3.0,1.5,1.75,2.0,2.62,2.12,1.75,2.75,2.88,2.5,1.38,2.0,2.38,2.25,2.5,3.62,3.75,1.5,3.5,2.75,1.16,1.11,2.37,1.76,1.06,2.19,0.6,0.4,0.67,0.63,1.08,0.92,0.02,0.54,1.2,0.94,1.14,0.65,0.93,0.97,0.08,3.62,4.48,4.12,3.76,3.71,2.94,3.82,3.12,2.62,3.0,2.88,3.25,2.75,2.88,1.38,1.75,2.38,2.0,2.62,1.5,3.0,2.38,1.25,3.5,3.38,3.0,2.5,2.88,2.75,1.0,2.88,3.5
49-2098.00,Security and Fire Alarm Systems Installers,0.1833333333333333,3,85.9,10.4,9.4,35.861321776814734,False,0.5991332611050921,0.9219934994582882,0.7605633802816902,5,0,0.0,True,Nicht hoch GPT-exponiert,3.12,2.75,2.88,3.0,3.12,2.12,0.25,2.12,0.75,3.12,3.12,3.25,2.88,2.62,1.5,2.0,2.0,2.5,3.12,3.0,3.12,1.88,2.0,3.0,3.62,1.0,2.12,3.75,3.62,2.75,2.88,1.0,3.25,1.38,1.88,2.12,2.75,1.38,2.0,3.0,3.0,2.12,0.75,2.0,2.25,2.75,2.75,3.25,3.38,1.5,3.12,2.88,1.3,1.11,2.67,2.1,1.0,2.65,0.37,0.15,0.97,0.42,2.28,0.84,0.19,0.32,1.52,1.1,0.95,0.72,0.63,1.32,0.1,4.55,4.74,4.49,4.33,3.52,2.39,4.08,3.0,2.88,2.62,2.0,3.12,2.62,3.0,0.75,1.0,2.0,1.88,2.75,1.75,2.88,1.88,0.88,3.12,2.75,2.88,2.88,2.5,2.5,0.88,2.88,3.25
49-3011.00,Aircraft Mechanics and Service Technicians,0.0597014925373134,3,139.4,4.0,11.3,15.70964247020585,False,0.6348862405200434,0.628385698808234,0.6316359696641387,5,0,0.0,True,Nicht hoch GPT-exponiert,3.75,3.38,3.5,4.12,4.0,3.25,0.75,2.5,1.0,3.5,3.25,4.25,3.75,3.0,2.0,2.12,2.12,3.75,4.12,4.12,4.0,2.88,2.75,4.0,4.25,1.75,2.5,4.12,4.0,2.88,3.38,1.62,4.38,2.88,3.38,3.25,3.25,2.0,2.12,3.0,3.0,3.12,2.12,2.25,3.12,2.75,3.0,3.75,4.12,2.5,4.25,3.12,1.74,1.22,3.0,2.62,1.03,2.65,-0.02,0.27,0.85,0.56,2.17,1.2,-0.07,0.26,1.77,1.1,1.6,0.84,0.18,1.96,0.22,4.45,4.69,3.97,4.69,3.99,3.51,4.24,3.5,3.25,5.38,3.0,2.75,2.88,3.5,0.75,2.12,2.25,2.0,3.62,2.25,3.88,2.88,0.75,3.88,4.38,2.62,3.0,3.38,3.5,1.38,3.0,4.38
49-3021.00,Automotive Body and Related Repairers,0.0425531914893617,2,172.6,1.6,14.6,12.892741061755148,False,0.7031419284940412,0.3607800650054171,0.5319609967497292,5,0,0.0,True,Nicht hoch GPT-exponiert,3.25,2.88,3.0,3.12,3.0,2.75,1.0,2.25,2.0,3.88,3.12,3.25,3.0,2.75,1.5,2.5,2.0,2.25,3.0,3.12,3.25,2.0,2.12,3.0,3.88,1.5,2.25,3.5,3.12,2.38,2.88,1.75,3.12,2.0,2.75,2.38,3.0,1.62,1.88,2.88,2.75,1.88,2.25,2.38,3.12,2.25,3.12,3.75,3.88,2.38,2.88,2.12,1.16,0.73,2.44,1.66,0.62,2.19,-0.08,0.08,0.35,0.33,1.03,0.62,-0.38,0.28,1.43,0.92,0.8,0.49,-0.03,1.24,-0.34,3.56,4.43,4.14,4.39,2.84,4.04,4.53,3.0,2.88,2.75,2.5,1.75,2.62,2.75,1.38,1.75,2.25,2.12,3.0,1.62,2.88,2.25,0.75,3.0,3.25,2.75,2.88,2.25,2.25,1.0,2.75,3.0
49-3022.00,Automotive Glass Installers and Repairers,0.0,2,20.4,3.6,1.4,3.1960996749729147,False,0.2047670639219935,0.5828819068255688,0.3938244853737812,5,0,0.0,True,Nicht hoch GPT-exponiert,3.0,2.0,2.25,3.0,2.88,2.75,0.38,1.75,0.12,3.0,2.88,3.0,2.0,1.88,2.62,2.12,1.12,1.88,2.75,2.88,3.0,1.5,1.75,2.88,3.25,1.5,1.75,2.88,2.88,2.0,2.12,1.5,2.75,1.75,2.12,2.0,2.75,1.25,1.75,2.62,2.62,1.88,2.0,2.0,3.12,2.38,2.88,2.38,3.0,2.0,2.5,2.12,0.8,0.46,2.37,1.96,0.1,2.19,0.01,-0.18,0.33,0.04,1.03,-0.03,-0.32,-0.01,0.93,0.6,0.68,0.47,-0.03,1.07,-0.4,4.52,4.86,3.43,4.12,2.99,3.51,4.41,2.5,2.5,1.75,2.38,2.75,2.25,2.38,0.5,1.0,1.88,2.0,2.62,1.12,2.62,2.12,0.12,2.75,2.0,2.62,2.62,1.88,1.88,0.62,3.0,1.88
49-3023.00,Automotive Service Technicians and Mechanics,0.0727272727272727,3,805.6,4.2,70.0,18.526543878656554,False,0.9111592632719393,0.6505958829902492,0.7808775731310942,5,1,0.2,True,Nicht hoch GPT-exponiert,3.5,3.12,3.0,3.5,3.75,2.5,1.12,2.5,2.25,4.0,2.5,3.88,3.5,2.75,1.75,2.0,2.0,3.25,3.62,3.5,3.88,2.0,2.88,3.25,3.38,1.62,2.12,3.62,3.5,2.75,3.38,1.75,3.5,2.12,2.75,2.75,2.88,2.5,2.38,2.62,2.75,3.0,0.62,2.12,2.75,2.75,3.0,3.25,3.62,2.62,3.12,2.5,1.27,1.19,2.5,1.56,0.87,2.39,0.27,0.17,0.43,0.82,1.63,1.0,0.08,0.36,1.77,0.5,0.95,0.62,0.43,1.4,0.93,4.42,4.59,4.33,4.51,3.07,3.56,4.48,3.0,2.88,3.5,2.75,3.12,2.75,3.12,1.12,1.25,2.0,2.12,2.88,0.5,3.25,2.5,0.75,3.0,3.75,2.88,2.62,2.88,2.88,1.0,2.75,3.75
49-3031.00,Bus and Truck Mechanics and Diesel Engine Specialists,0.0,3,319.9,2.4,26.5,3.1960996749729147,False,0.8028169014084507,0.45016251354279524,0.626489707475623,5,0,0.0,True,Nicht hoch GPT-exponiert,3.25,3.12,3.0,3.75,3.38,3.0,0.38,2.25,1.25,3.88,3.12,3.62,3.12,2.88,2.12,2.12,2.38,3.88,3.38,3.38,3.25,1.75,2.12,3.5,4.0,1.75,2.12,3.75,3.12,2.75,3.0,1.75,3.25,2.25,3.0,2.75,3.0,2.62,1.75,3.0,2.88,2.25,1.75,2.75,3.12,3.0,3.12,3.25,3.75,2.25,3.12,2.62,1.12,0.89,2.44,1.96,0.71,2.47,-0.03,-0.08,0.76,0.84,1.23,0.97,-0.07,0.34,1.77,0.82,0.75,0.49,-0.14,1.27,0.25,4.27,4.72,4.07,4.44,3.06,4.14,4.07,3.0,2.88,3.38,3.0,1.88,2.75,3.0,0.88,0.88,2.0,2.0,3.12,1.12,3.25,2.25,1.12,3.25,3.88,2.12,2.75,2.5,2.38,0.88,2.88,3.75
49-3041.00,Farm Equipment Mechanics and Service Technicians,0.173076923076923,3,39.0,11.0,3.7,34.88624052004334,False,0.3873239436619718,0.9284940411700975,0.6579089924160346,5,1,0.2,True,Nicht hoch GPT-exponiert,3.75,3.38,3.0,4.0,3.25,3.0,0.12,2.62,2.0,4.38,2.62,3.75,3.38,2.75,2.0,2.25,1.88,3.88,3.5,3.38,3.5,2.5,2.75,4.0,3.75,1.0,2.62,3.5,3.38,2.12,3.0,1.62,3.38,2.62,3.12,3.0,3.25,2.38,2.12,2.88,3.0,3.0,1.75,2.5,3.5,2.62,3.38,3.5,3.88,2.75,3.0,2.62,1.23,0.97,2.37,1.79,0.73,2.47,0.05,0.19,0.97,0.75,1.21,0.94,0.0,0.47,1.77,0.87,0.8,0.65,0.11,1.19,0.6,4.38,4.45,4.41,4.41,3.29,3.88,4.08,3.0,2.5,4.12,3.0,2.5,2.25,3.0,1.5,1.12,2.12,1.5,3.12,0.75,3.12,2.25,0.62,3.38,4.12,2.25,2.38,2.62,2.62,1.12,2.88,3.88
49-3042.00,"Mobile Heavy Equipment Mechanics, Except Engines",0.125,3,188.7,5.8,16.5,27.627302275189596,False,0.7204767063921993,0.7833152762730228,0.7518959913326111,5,1,0.2,True,Nicht hoch GPT-exponiert,3.25,3.0,3.12,4.0,3.62,3.25,0.5,2.88,1.5,4.25,3.25,3.75,3.25,2.88,2.25,3.0,2.75,3.38,3.62,3.88,4.0,2.25,2.75,4.0,3.88,1.38,2.38,3.88,3.62,2.88,3.38,2.0,3.62,3.12,3.5,3.25,3.5,2.12,2.12,2.88,2.88,2.88,2.38,2.5,3.75,2.88,3.25,3.5,4.0,3.0,3.38,2.75,1.32,0.89,2.5,2.03,0.55,2.65,-0.06,0.05,0.92,0.75,1.6,1.08,0.04,0.16,1.77,0.97,0.95,0.46,0.02,1.4,0.6,4.27,4.66,4.2,4.34,2.9,3.83,3.93,3.25,3.12,3.88,3.25,2.75,3.0,3.12,1.5,2.25,2.88,2.12,3.38,1.38,3.5,2.5,0.62,3.75,4.0,2.62,2.75,2.75,2.38,1.62,3.0,4.0
49-3043.00,Rail Car Repairers,0.064516129032258,2,17.9,2.8,1.5,16.738894907908993,False,0.21451787648970747,0.48537378114842905,0.34994582881906827,5,1,0.2,True,Nicht hoch GPT-exponiert,3.5,3.25,3.0,3.75,3.0,3.0,0.38,2.88,1.25,3.5,3.12,3.75,3.25,2.12,2.12,2.88,3.0,3.0,3.0,3.0,3.75,2.12,2.12,3.75,3.75,1.75,2.12,3.0,3.0,2.12,3.12,1.88,3.25,2.38,3.75,2.75,3.12,2.0,2.12,2.5,2.38,2.62,2.25,3.0,3.62,2.5,3.75,3.75,3.88,2.62,2.88,2.38,1.16,0.73,2.41,2.03,0.68,2.47,-0.18,-0.14,0.57,0.37,1.43,0.79,-0.22,0.06,1.52,0.6,0.8,0.5,-0.21,1.27,-0.07,3.98,4.5,4.13,3.83,3.6,3.37,3.99,2.62,2.62,3.25,2.38,2.5,2.25,2.75,0.88,1.0,2.25,2.12,3.0,1.12,3.0,2.12,0.0,3.25,4.0,2.12,2.25,2.25,2.38,1.0,3.0,3.75
49-3051.00,Motorboat Mechanics and Service Technicians,0.0384615384615384,3,26.2,6.0,2.6,11.105092091007585,False,0.32340195016251355,0.795774647887324,0.5595882990249188,5,0,0.0,True,Nicht hoch GPT-exponiert,3.0,3.12,2.88,3.75,3.25,3.0,0.0,2.0,1.38,3.62,3.0,3.5,3.12,2.0,2.0,1.88,1.62,3.5,3.5,3.38,3.0,2.0,2.0,3.5,3.38,1.25,2.0,3.62,3.38,2.0,2.88,1.38,3.38,1.88,2.88,2.12,3.0,1.88,1.38,2.62,2.75,2.12,1.38,2.0,2.88,2.5,3.0,2.88,3.38,2.0,2.88,2.38,1.16,0.66,2.37,1.99,0.34,2.33,-0.09,-0.14,0.74,0.44,1.15,0.87,-0.28,0.09,1.58,0.78,0.7,0.47,0.07,1.24,-0.09,4.3,4.72,4.41,3.93,3.54,2.86,4.17,2.88,2.25,3.5,2.62,0.75,1.88,2.75,0.75,1.38,1.75,1.5,3.38,0.5,3.38,1.62,0.62,3.0,4.0,2.12,2.62,2.25,2.25,0.88,2.38,3.75
49-3052.00,Motorcycle Mechanics,0.0,3,14.9,5.3,1.5,3.1960996749729147,False,0.21451787648970747,0.7535211267605634,0.4840195016251354,5,0,0.0,True,Nicht hoch GPT-exponiert,3.62,3.38,3.0,3.88,3.25,2.12,0.25,2.25,1.25,3.25,2.38,3.88,2.88,3.0,0.88,2.0,1.38,3.75,3.0,3.0,3.75,1.88,2.0,3.12,3.88,0.62,2.12,3.75,3.5,3.0,2.38,0.38,3.12,1.75,2.38,3.12,3.0,2.25,1.75,2.88,2.88,2.0,1.62,2.12,3.12,2.88,3.12,2.25,4.0,2.12,2.75,2.88,1.09,0.81,2.47,1.63,0.73,2.19,0.21,-0.1,0.72,0.67,1.06,0.79,-0.19,0.24,1.64,0.82,0.75,0.55,0.25,1.27,0.41,4.6,4.37,4.19,4.71,2.91,3.96,4.54,3.0,3.0,3.38,2.25,1.62,2.62,3.0,0.62,1.25,1.88,2.0,3.0,1.38,3.0,2.5,0.25,3.0,3.75,3.0,2.62,2.25,2.25,1.0,3.0,3.88
49-3053.00,Outdoor Power Equipment and Other Small Engine Mechanics,0.1071428571428571,2,36.9,2.5,3.5,24.810400866738895,False,0.38136511375947996,0.46208017334777896,0.42172264355362943,5,2,0.4,True,Nicht hoch GPT-exponiert,3.12,2.88,3.0,3.12,3.12,2.75,0.12,2.0,0.75,3.38,2.5,3.62,3.0,2.5,0.88,1.75,1.12,3.0,3.12,3.12,3.12,2.0,2.12,3.12,3.38,0.88,2.0,3.12,3.25,2.12,2.88,1.12,3.0,2.0,2.88,2.38,3.12,2.0,1.62,2.75,2.75,2.25,1.75,2.0,3.0,2.5,3.0,2.75,3.88,2.5,2.75,2.75,1.12,0.48,2.37,1.63,0.64,2.14,0.08,-0.01,0.61,0.49,1.26,0.79,-0.22,0.32,1.28,0.87,0.75,0.6,0.45,0.93,0.0,4.42,3.67,4.38,3.76,3.13,3.1,3.66,2.75,2.88,3.62,2.75,0.75,2.25,2.75,1.12,1.12,1.75,1.62,3.0,0.5,3.0,2.12,0.38,3.0,3.62,2.5,2.38,2.12,2.0,0.75,2.62,3.62
49-3091.00,Bicycle Repairers,0.0689655172413793,2,13.2,-2.3,1.6,17.822318526543878,False,0.2258938244853738,0.18255687973997833,0.20422535211267606,5,1,0.2,True,Nicht hoch GPT-exponiert,3.12,2.12,3.0,3.0,2.88,2.25,0.38,2.0,1.25,2.75,2.12,3.75,2.25,2.75,0.75,1.88,1.88,2.12,2.88,3.12,3.62,1.75,2.12,2.62,3.12,0.5,2.12,3.5,3.38,2.5,2.25,0.62,3.0,1.38,1.75,1.0,2.88,0.5,0.5,3.0,3.12,2.12,1.38,1.75,3.0,2.12,3.0,2.12,3.75,2.0,3.0,2.5,1.05,0.45,2.25,1.5,1.26,2.14,0.77,0.64,0.74,0.37,1.13,0.74,-0.09,0.66,1.18,0.58,0.61,0.74,1.11,0.66,-0.23,4.38,4.31,4.63,4.48,3.59,3.67,4.53,3.0,2.5,2.88,2.62,1.75,2.75,2.75,1.12,1.25,2.12,2.62,2.0,0.75,2.25,2.62,0.12,3.12,3.12,3.0,3.12,2.12,2.12,1.5,2.88,3.0
49-3092.00,Recreational Vehicle Service Technicians,0.0909090909090909,2,19.5,11.5,2.8,22.75189599133261,False,0.34073672806067173,0.9393282773564464,0.640032502708559,5,2,0.4,True,Nicht hoch GPT-exponiert,3.0,3.0,3.0,3.5,3.0,2.75,0.0,2.0,1.25,3.75,3.0,3.62,3.0,2.62,1.62,2.0,2.88,3.5,3.0,3.75,3.12,1.38,2.0,3.0,3.75,0.75,1.5,3.75,3.75,2.62,3.0,1.12,3.62,1.88,2.12,2.5,2.88,1.88,1.25,3.0,3.0,2.62,0.5,2.0,2.88,2.25,3.0,3.62,3.38,2.12,3.0,2.75,1.18,1.11,2.44,1.93,1.0,2.25,0.48,0.1,0.83,0.65,1.63,0.94,0.02,0.59,1.67,0.85,1.37,0.74,0.77,1.29,0.62,3.8,4.61,4.1,3.62,3.15,2.77,3.46,3.0,2.88,3.25,2.88,1.38,2.5,3.0,0.88,0.88,1.62,2.5,3.0,0.62,3.0,2.5,0.5,3.12,4.0,3.0,2.88,2.62,2.75,0.75,2.88,3.88
49-3093.00,Tire Repairers and Changers,0.0,2,113.4,5.7,15.3,3.1960996749729147,False,0.7091007583965331,0.7751895991332611,0.7421451787648972,5,0,0.0,True,Nicht hoch GPT-exponiert,2.25,2.12,2.25,3.0,2.88,2.12,0.12,2.12,1.12,3.62,2.88,3.12,2.25,2.0,1.75,2.0,1.5,2.12,2.12,2.88,3.12,1.62,2.0,3.0,3.25,1.75,2.0,3.12,3.0,2.0,2.0,1.38,2.88,2.75,3.0,2.62,2.62,1.5,1.75,2.25,2.5,2.0,2.12,2.25,3.88,2.12,3.5,2.25,2.25,2.0,2.25,2.0,0.56,0.08,1.86,1.56,0.71,2.06,-0.05,-0.14,0.3,-0.5,0.96,0.06,-0.43,0.16,0.88,0.39,0.68,0.34,-0.07,1.09,-0.59,4.51,4.58,3.98,4.53,3.59,3.97,4.15,2.25,2.12,2.0,1.62,1.0,2.25,2.12,0.75,1.62,2.25,2.12,2.88,0.0,2.75,2.0,0.0,2.38,2.75,2.62,2.25,2.0,2.0,0.5,2.62,2.62
49-9011.00,Mechanical Door Repairers,0.0681818181818181,2,28.4,11.4,2.7,17.6056338028169,False,0.33098591549295775,0.9371614301191766,0.6340736728060672,5,1,0.2,True,Nicht hoch GPT-exponiert,3.12,2.12,2.88,3.12,3.0,2.75,0.38,2.75,1.38,3.75,2.88,3.12,2.62,2.12,2.0,2.88,2.88,2.62,3.0,2.88,3.25,2.12,2.12,3.0,3.38,1.75,2.0,3.12,3.12,2.12,2.62,1.38,3.0,1.88,2.88,2.0,2.75,2.0,2.12,3.0,2.88,2.75,2.0,2.5,3.62,2.38,3.25,3.12,3.62,2.0,2.88,2.75,1.05,0.59,2.05,1.66,0.71,2.25,0.07,0.03,0.76,0.3,1.37,0.62,-0.02,0.13,1.1,0.75,0.7,0.57,0.18,0.97,-0.15,4.38,4.49,4.27,3.9,3.91,3.41,4.0,2.88,2.88,2.88,2.5,2.75,2.62,2.62,1.0,1.5,2.25,2.25,2.75,1.12,2.88,2.75,0.0,3.25,2.75,2.88,2.88,2.0,2.12,1.5,2.88,3.0
49-9012.00,"Control and Valve Installers and Repairers, Except Mechanical Door",0.0714285714285714,3,47.7,1.3,3.9,18.201516793066087,False,0.4014084507042254,0.3418201516793066,0.37161430119176597,5,0,0.0,True,Nicht hoch GPT-exponiert,3.12,2.62,3.12,3.0,3.25,2.88,0.5,2.12,0.75,3.62,3.0,3.12,2.88,2.75,2.25,2.12,2.62,2.25,3.12,3.38,3.12,2.12,2.0,3.0,3.5,1.5,2.12,3.75,3.25,2.75,3.0,1.0,3.12,1.75,2.38,2.38,3.0,1.25,1.5,3.0,3.0,1.75,1.88,2.12,2.25,2.75,2.5,2.75,3.25,1.5,3.12,2.88,1.09,0.44,2.47,2.21,0.66,2.47,-0.13,-0.06,0.35,-0.04,1.79,0.87,-0.21,0.01,1.15,0.6,0.66,0.3,-0.16,1.22,-0.42,4.51,4.94,4.1,4.22,3.6,3.67,4.03,3.0,3.0,3.25,2.5,2.12,2.38,3.0,0.88,0.88,1.5,1.88,3.0,0.75,3.0,1.75,0.75,3.25,3.25,2.38,2.75,2.12,2.12,0.88,2.5,3.12
49-9021.00,"Heating, Air Conditioning, and Refrigeration Mechanics and Installers",0.1403508771929824,3,425.2,8.1,40.1,30.227518959913326,False,0.8559046587215602,0.8672806067172264,0.8615926327193932,5,1,0.2,True,Nicht hoch GPT-exponiert,3.62,2.62,3.38,3.25,3.75,2.62,1.0,2.88,1.75,3.75,2.75,3.75,3.62,2.88,1.75,2.25,2.0,3.38,3.62,3.5,3.38,2.38,2.62,3.0,3.62,1.88,2.62,3.88,3.62,2.62,3.0,2.0,3.88,1.75,2.62,2.38,2.75,2.12,2.0,2.88,3.12,2.62,1.38,2.5,3.38,2.88,3.12,3.88,3.62,2.38,3.25,2.5,1.16,1.19,2.5,2.06,1.08,2.65,0.16,0.29,0.95,0.33,1.51,0.92,0.38,0.52,1.74,0.97,1.25,0.74,0.45,1.49,-0.11,4.61,4.43,4.3,4.15,3.53,3.1,3.8,3.25,3.12,3.25,3.25,3.88,2.75,3.38,1.62,2.25,2.88,2.38,3.25,1.12,3.75,2.62,0.75,3.25,3.75,2.88,2.75,3.12,3.25,1.25,2.75,3.5
49-9031.00,Home Appliance Repairers,0.109090909090909,2,37.3,2.6,3.1,24.918743228602384,False,0.35969664138678226,0.4745395449620802,0.4171180931744312,5,1,0.2,True,Nicht hoch GPT-exponiert,3.62,2.75,3.0,3.12,3.0,2.25,0.12,2.0,1.25,3.62,2.25,3.75,3.0,2.75,1.38,2.12,1.88,3.62,3.0,3.0,3.38,2.12,2.12,3.0,3.25,1.38,2.5,3.25,3.12,2.12,2.88,1.5,3.12,1.88,2.12,2.12,3.0,1.5,1.12,2.75,2.75,2.12,0.75,2.38,2.88,2.88,3.0,3.25,3.75,2.0,3.0,2.88,1.14,1.08,2.31,2.06,1.08,2.47,0.82,0.56,1.0,0.49,1.73,0.87,0.19,0.78,1.61,0.92,1.19,1.09,0.9,1.11,0.37,4.84,4.73,4.54,4.22,3.68,3.08,3.74,3.0,2.75,3.12,2.88,2.38,2.5,3.0,1.25,1.75,2.12,2.12,3.0,1.62,3.25,2.12,0.62,3.62,3.88,2.88,2.75,2.12,2.0,1.0,3.0,3.62
49-9041.00,Industrial Machinery Mechanics,0.1451612903225806,3,439.6,16.1,45.7,31.094257854821233,False,0.8710725893824486,0.9685807150595883,0.9198266522210184,5,0,0.0,True,Nicht hoch GPT-exponiert,3.38,3.5,3.12,3.88,3.25,3.0,0.5,2.5,0.88,3.75,2.88,3.88,3.0,2.75,1.88,2.62,2.5,3.75,3.0,3.88,3.62,2.38,2.38,3.62,3.75,1.5,2.12,3.38,3.12,2.88,2.88,1.88,3.12,2.88,3.88,3.0,3.0,2.38,1.75,2.88,3.0,2.88,2.62,2.38,3.12,2.88,3.0,3.25,4.0,3.0,3.0,2.88,1.2,0.91,2.57,2.1,0.71,2.65,-0.06,0.05,0.92,0.84,1.48,0.84,-0.05,0.34,1.77,0.94,1.08,0.5,0.04,1.35,0.22,4.22,4.56,3.9,3.72,3.68,2.65,3.69,3.0,3.0,4.12,3.12,3.0,2.75,3.0,0.88,0.88,2.12,1.75,4.0,1.75,4.0,1.75,1.5,3.75,4.0,2.25,2.12,2.88,2.88,1.88,3.0,4.0
49-9043.00,"Maintenance Workers, Machinery",0.1142857142857142,3,57.5,-2.8,4.8,26.00216684723727,False,0.45449620801733476,0.1695557963163597,0.3120260021668472,5,0,0.0,True,Nicht hoch GPT-exponiert,3.25,2.88,2.88,3.12,3.0,2.62,0.0,2.0,1.88,3.12,2.88,3.0,3.0,2.0,1.12,2.0,2.0,2.38,3.0,3.0,3.0,2.0,2.12,3.0,3.25,1.12,2.0,3.12,3.12,2.0,3.0,1.0,3.0,2.38,3.0,2.0,3.0,1.75,1.88,2.38,2.75,2.0,1.25,2.12,3.0,2.5,3.0,3.0,3.12,2.0,3.0,2.75,0.82,0.59,2.19,1.89,0.92,2.5,-0.06,-0.14,0.53,-0.2,0.94,0.6,-0.4,0.07,1.43,0.62,0.8,0.27,0.11,1.19,-0.23,4.27,4.25,4.44,4.1,3.28,3.25,3.7,2.88,3.0,3.75,2.75,2.38,2.0,2.5,0.88,0.88,1.88,2.0,3.25,1.62,3.75,2.0,0.75,3.12,3.62,2.0,2.12,2.12,2.0,0.88,2.62,3.38
49-9044.00,Millwrights,0.0434782608695652,2,41.3,0.0,3.6,13.109425785482124,False,0.38461538461538464,0.2681473456121343,0.3263813651137595,5,0,0.0,True,Nicht hoch GPT-exponiert,3.25,3.0,3.0,4.0,3.0,3.0,0.38,3.0,1.62,3.88,3.12,4.0,3.12,2.75,2.5,3.0,3.0,3.38,3.0,3.88,4.0,2.38,2.12,3.88,4.0,2.0,2.62,3.5,3.38,2.5,3.12,2.0,3.62,3.0,3.38,3.12,3.0,2.0,2.0,3.0,3.0,2.62,1.75,2.5,3.62,3.0,3.38,3.12,3.88,2.25,3.0,2.88,1.25,0.99,2.47,1.96,0.85,2.59,-0.1,-0.01,0.9,0.39,1.1,0.81,0.36,-0.01,1.58,1.13,0.75,0.18,0.02,1.27,-0.3,4.41,4.91,3.64,4.91,4.36,3.55,4.59,3.0,3.5,3.75,2.5,3.38,3.0,3.0,1.62,1.75,2.75,2.62,3.62,1.0,3.75,2.62,0.75,3.25,3.75,2.62,2.75,2.75,2.75,1.38,3.12,3.62
49-9045.00,"Refractory Materials Repairers, Except Brickmasons",0.0,2,1.1,-16.9,0.1,3.1960996749729147,False,0.011375947995666305,0.01950162513542795,0.01543878656554713,5,0,0.0,True,Nicht hoch GPT-exponiert,3.38,3.0,2.88,3.25,3.0,2.88,0.38,2.13,0.38,3.38,2.75,3.13,2.5,1.88,2.13,2.5,2.88,2.75,2.88,3.13,3.25,1.63,1.13,3.13,3.38,1.25,1.75,3.0,3.0,1.88,2.75,1.25,2.88,2.38,3.13,2.25,3.38,1.25,1.75,2.75,2.63,2.0,1.88,2.38,2.38,2.38,3.0,2.5,3.0,1.88,3.0,2.63,0.97,-0.32,1.92,2.03,0.32,2.3,-0.14,-0.27,0.05,-0.24,0.98,-0.03,-0.45,0.01,0.66,0.46,0.7,0.09,-0.73,1.24,-0.55,4.23,3.69,3.79,3.73,4.18,3.98,4.67,2.12,2.75,2.75,1.88,0.38,2.38,2.62,0.62,0.88,1.88,1.88,3.0,1.25,3.25,1.75,0.0,2.75,2.75,2.0,2.38,1.62,1.38,0.75,2.5,2.88
49-9051.00,Electrical Power-Line Installers and Repairers,0.0,2,127.4,6.6,10.7,3.1960996749729147,False,0.6273022751895991,0.8331527627302275,0.7302275189599133,5,0,0.0,True,Nicht hoch GPT-exponiert,3.38,2.5,3.0,3.75,3.25,3.0,0.88,2.88,1.0,3.75,3.38,3.75,3.12,2.88,2.25,2.75,3.0,2.38,2.88,3.88,3.38,1.62,2.0,4.0,3.88,1.25,2.0,3.88,3.25,2.75,2.75,1.62,4.0,3.0,3.38,3.12,3.0,1.25,2.12,2.88,2.88,2.38,1.75,3.12,3.88,2.88,3.12,3.12,3.12,2.0,2.88,2.75,1.2,1.38,2.41,2.74,1.35,2.65,-0.08,0.12,0.65,-0.32,1.86,0.53,0.47,0.47,2.04,1.44,1.8,0.21,-0.09,2.36,-0.09,4.56,4.91,4.27,4.56,4.15,3.37,4.11,3.0,3.25,3.0,2.12,2.38,2.62,3.0,0.38,0.62,3.0,2.12,3.25,1.62,3.25,2.75,0.25,3.12,3.25,2.5,2.62,3.0,3.0,1.12,2.88,3.38
49-9052.00,Telecommunications Line Installers and Repairers,0.03125,2,99.9,-3.1,8.9,9.69664138678223,False,0.5828819068255688,0.16143011917659805,0.3721560130010835,5,0,0.0,True,Nicht hoch GPT-exponiert,3.12,2.38,2.88,3.62,3.0,2.75,0.75,2.25,1.0,3.75,2.88,3.0,3.0,2.38,1.88,2.12,2.75,2.12,3.0,2.88,3.12,2.0,2.0,3.38,3.38,1.5,2.12,3.62,3.5,2.38,3.0,1.75,3.0,1.75,2.38,2.62,2.88,1.88,2.0,2.75,2.75,2.0,1.62,2.12,3.0,2.62,2.88,3.25,3.12,1.88,3.0,2.62,0.91,1.26,2.14,1.93,1.03,2.39,0.08,0.12,0.83,0.13,1.08,0.58,-0.09,0.32,1.7,0.92,0.95,0.52,0.22,1.4,0.31,4.79,4.44,4.51,4.38,3.54,3.7,4.54,3.0,3.0,2.75,2.0,1.88,2.12,3.0,0.75,0.75,1.88,2.12,3.0,1.0,3.0,2.25,0.62,3.0,2.75,2.88,2.88,2.38,2.38,0.88,2.75,3.12
49-9061.00,Camera and Photographic Equipment Repairers,0.04,3,2.3,-15.1,0.2,11.863488624052005,False,0.02275189599133261,0.027085590465872156,0.024918743228602384,5,0,0.0,True,Nicht hoch GPT-exponiert,3.75,2.12,3.0,3.25,3.25,2.5,0.0,0.25,0.38,1.0,3.5,3.88,2.75,2.38,0.0,0.0,0.0,2.0,3.25,3.38,3.25,2.25,2.38,2.12,4.0,0.0,2.62,3.38,3.25,2.62,2.88,0.0,3.38,0.5,0.75,1.25,2.75,0.0,0.0,3.0,2.88,2.38,0.0,0.0,1.62,2.0,1.88,3.25,3.75,0.75,3.38,2.5,1.45,0.89,2.77,1.89,0.09,2.19,-0.08,-0.18,0.49,0.94,0.82,1.2,-0.36,0.04,1.43,0.87,0.61,0.22,-0.27,0.8,0.0,3.44,4.38,4.39,4.63,2.53,3.34,3.67,3.12,2.25,3.62,3.12,1.38,0.88,3.0,1.75,1.88,1.62,2.0,1.75,1.75,3.0,2.12,1.25,3.38,3.88,2.25,2.5,2.12,2.12,2.25,3.0,3.62
49-9062.00,Medical Equipment Repairers,0.2727272727272727,3,68.0,12.9,7.3,45.61213434452871,False,0.5384615384615384,0.952329360780065,0.7453954496208017,5,0,0.0,True,Nicht hoch GPT-exponiert,3.38,2.25,3.0,3.25,3.5,2.25,0.0,1.75,1.12,3.0,3.0,4.0,3.25,2.88,1.38,1.75,1.38,3.0,3.25,4.0,3.12,2.75,2.75,2.88,4.0,1.38,2.88,3.88,4.0,2.88,3.0,1.38,3.25,1.62,2.12,2.12,3.0,1.12,1.25,3.0,2.88,3.0,1.12,1.88,2.12,2.25,2.75,3.25,4.0,1.88,3.75,3.0,1.71,1.29,2.81,2.47,1.31,2.65,0.39,0.61,1.0,1.23,2.13,1.93,0.04,0.47,1.77,1.05,1.31,0.86,0.52,1.43,0.89,4.44,4.66,4.35,4.72,3.54,2.5,3.82,3.0,2.62,4.0,3.0,2.25,2.88,3.0,1.62,1.75,2.38,2.38,3.0,1.88,3.88,2.75,1.38,3.62,4.0,2.88,2.88,3.0,2.62,2.0,2.88,4.0
49-9063.00,Musical Instrument Repairers and Tuners,0.0,3,6.2,1.4,0.6,3.1960996749729147,False,0.08559046587215602,0.3466955579631636,0.2161430119176598,5,0,0.0,True,Nicht hoch GPT-exponiert,4.0,3.75,3.12,4.12,3.0,2.25,0.25,1.75,1.75,2.25,2.88,4.5,3.25,2.88,0.5,1.5,1.38,4.88,3.25,3.12,3.88,1.75,2.38,3.0,4.25,0.38,2.0,3.25,3.25,2.75,2.88,0.38,3.5,1.88,2.12,2.0,3.25,1.38,0.62,2.88,2.88,3.0,0.75,1.0,2.5,2.5,2.25,3.0,3.75,2.25,3.0,2.62,1.32,0.73,2.63,1.76,0.53,2.14,0.13,0.03,0.72,1.15,1.01,1.11,-0.34,0.24,1.49,0.97,0.66,0.67,-0.16,0.62,0.25,3.19,4.55,4.73,4.9,2.29,4.0,3.86,3.0,2.12,2.88,2.88,0.88,2.25,3.12,1.62,1.88,1.75,1.88,2.88,1.5,3.0,2.5,0.25,3.62,3.38,2.75,2.62,2.62,2.88,1.12,3.0,3.25
49-9064.00,Watch and Clock Repairers,0.1666666666666666,3,1.4,-1.1,0.1,33.91115926327194,False,0.011375947995666305,0.223726977248104,0.11755146262188515,5,0,0.0,True,Nicht hoch GPT-exponiert,4.12,1.88,3.0,4.0,3.0,2.25,0.0,0.25,0.12,0.62,2.25,4.88,2.88,2.25,0.0,0.0,0.0,2.0,3.0,3.12,3.12,1.88,2.12,2.38,4.75,0.0,2.0,3.25,3.0,2.62,2.38,0.0,3.12,1.5,1.62,1.38,3.0,0.0,0.0,2.5,2.62,2.0,0.0,0.0,0.88,2.38,1.0,2.38,3.25,1.88,3.0,2.38,1.27,0.28,3.0,2.39,0.21,2.3,-0.03,-0.08,0.3,0.37,1.45,1.02,-0.52,-0.02,1.4,0.71,0.8,0.62,-0.05,0.64,-0.61,3.67,4.34,4.61,4.86,3.63,2.72,3.81,2.88,2.12,3.12,2.25,0.62,1.62,3.0,1.5,1.5,1.88,1.62,2.12,1.0,2.5,2.12,0.0,3.0,3.5,2.75,2.5,1.88,2.0,1.12,2.25,3.12
49-9071.00,"Maintenance and Repair Workers, General",0.0784313725490196,3,1629.7,3.8,159.8,20.151679306608884,False,0.9664138678223185,0.6115926327193932,0.7890032502708559,5,1,0.2,True,Nicht hoch GPT-exponiert,3.25,3.0,3.0,3.25,3.25,2.88,1.0,2.12,1.5,3.75,3.0,3.38,3.12,2.38,1.88,2.88,2.38,3.0,3.25,3.75,3.38,2.25,2.25,3.62,3.62,1.25,2.25,3.75,3.25,2.38,3.0,1.25,3.25,2.0,2.38,2.25,3.0,1.38,1.88,3.0,3.0,2.62,1.75,2.5,3.12,2.25,3.12,3.25,3.75,2.0,3.12,3.0,1.12,1.44,2.25,1.76,0.98,2.65,0.08,0.1,1.32,1.12,1.45,1.02,0.25,0.52,1.74,0.94,1.19,0.44,0.18,1.29,0.74,4.73,4.76,4.07,3.97,3.49,3.43,3.72,3.0,3.0,3.88,3.0,3.12,2.38,2.88,1.25,1.5,2.25,2.38,3.12,2.12,3.12,2.25,0.5,3.25,3.88,2.25,2.62,2.25,2.25,1.88,2.88,3.75
49-9081.00,Wind Turbine Service Technicians,0.0434782608695652,3,13.6,49.9,2.3,13.109425785482124,False,0.29198266522210187,1.0,0.6459913326110509,5,0,0.0,True,Nicht hoch GPT-exponiert,3.38,3.0,3.12,3.88,3.88,2.88,0.75,3.25,0.88,3.88,3.38,3.5,3.38,3.12,2.38,2.88,3.0,3.0,3.12,3.25,3.12,2.25,2.88,3.62,3.88,0.75,2.25,4.0,3.62,2.88,3.12,1.62,3.62,2.12,3.0,2.88,3.12,2.0,1.88,3.0,3.0,2.75,1.75,3.0,3.12,3.12,3.25,3.12,3.62,2.12,3.25,2.88,1.63,2.02,2.44,2.47,0.95,2.65,-0.08,0.15,1.35,1.12,1.7,1.38,0.12,0.56,2.15,1.26,1.4,0.53,0.2,1.83,1.12,4.67,4.87,4.19,4.29,4.48,4.44,4.21,3.0,3.25,3.75,2.88,1.12,2.88,3.0,1.0,2.25,2.5,1.88,3.12,1.0,3.25,1.75,0.62,3.12,3.88,2.12,2.75,3.12,3.0,1.5,2.88,4.0
49-9091.00,"Coin, Vending, and Amusement Machine Servicers and Repairers",0.1964285714285714,2,32.5,-2.9,3.5,37.05308775731311,False,0.38136511375947996,0.1657638136511376,0.2735644637053088,5,1,0.2,True,Nicht hoch GPT-exponiert,3.0,2.12,2.88,3.0,3.0,2.0,0.25,1.38,0.75,2.62,2.38,3.25,2.5,2.12,1.62,1.5,1.0,2.12,2.88,2.88,3.12,2.0,2.0,2.88,3.12,0.88,2.12,3.0,3.0,2.0,2.88,0.75,3.0,1.75,1.75,2.5,2.88,1.0,1.75,2.75,2.75,1.38,1.5,1.62,2.38,2.62,2.12,2.88,3.25,1.88,3.0,2.62,0.68,0.71,2.08,1.38,0.57,2.16,-0.14,-0.1,0.55,0.0,1.51,0.53,-0.36,0.15,1.07,0.54,0.73,0.38,-0.21,0.9,-0.27,4.12,3.66,4.81,4.05,3.32,3.49,3.03,2.75,2.62,3.0,2.12,1.62,1.62,2.62,1.25,1.25,1.62,1.5,3.0,0.5,3.0,1.75,0.38,2.88,3.0,2.62,2.5,2.75,2.25,0.0,2.75,3.0
49-9092.00,Commercial Divers,0.0888888888888888,3,4.2,8.5,0.4,22.48104008667389,False,0.05579631635969664,0.886240520043337,0.4710184182015168,5,0,0.0,True,Nicht hoch GPT-exponiert,3.62,2.62,3.12,3.62,3.5,3.5,0.88,3.0,1.75,4.0,3.38,3.5,3.75,3.0,2.12,3.12,2.88,2.75,3.5,3.25,3.25,2.0,2.25,3.75,4.12,2.12,2.25,4.0,3.88,3.0,3.62,2.0,3.75,2.38,3.12,2.88,3.25,1.88,3.0,3.12,3.12,2.75,1.88,3.12,3.12,3.0,3.12,2.88,3.38,2.0,3.5,3.12,1.74,1.98,2.7,2.7,1.44,2.93,0.01,0.4,1.35,0.51,1.89,0.76,1.0,0.76,2.3,1.83,2.38,0.55,-0.03,2.67,1.6,4.59,4.55,4.36,4.26,4.0,3.17,3.85,3.12,3.12,3.0,2.88,2.38,3.12,3.25,0.88,1.38,3.0,2.62,3.12,1.75,3.62,2.62,0.0,3.25,3.25,2.38,3.0,2.75,2.5,0.88,3.12,3.12
49-9094.00,Locksmiths and Safe Repairers,0.08,2,18.8,-8.3,1.7,20.422535211267608,False,0.23672806067172264,0.07313109425785481,0.15492957746478872,5,1,0.2,True,Nicht hoch GPT-exponiert,3.75,2.25,3.12,3.25,3.0,2.88,0.0,1.88,1.62,2.88,2.75,3.62,2.88,2.5,2.0,2.0,1.75,2.12,3.0,3.12,3.12,2.0,2.0,3.0,4.25,1.12,2.12,3.0,3.12,2.12,2.62,1.12,3.0,1.75,2.38,2.12,2.88,1.75,1.5,2.88,2.88,2.5,0.75,1.75,2.5,2.0,3.0,2.75,3.88,2.5,3.0,2.62,0.95,0.73,2.63,2.28,0.51,2.56,0.13,0.32,1.0,0.6,2.51,0.87,-0.36,-0.01,1.64,1.13,1.25,0.67,0.04,1.0,-0.07,4.54,4.46,4.04,4.48,3.58,2.69,3.92,2.5,2.5,2.75,2.12,2.5,2.0,2.38,1.38,1.62,1.88,2.12,3.0,0.25,2.25,2.25,0.62,3.0,3.12,2.25,2.12,2.38,2.12,0.88,2.88,3.0
49-9095.00,Manufactured Building and Mobile Home Installers,0.1153846153846153,2,3.1,5.9,0.3,26.218851570964247,False,0.03791982665222102,0.7908992416034669,0.414409534127844,5,2,0.4,True,Nicht hoch GPT-exponiert,3.38,3.0,3.0,3.63,3.63,3.63,0.63,3.0,1.25,3.88,3.5,3.5,3.25,2.88,2.38,3.5,3.13,2.88,3.25,3.5,3.5,2.25,3.0,4.13,3.63,1.88,2.63,3.88,3.75,2.88,3.0,2.25,3.25,3.0,4.0,3.63,3.25,1.88,2.88,2.88,3.13,2.63,3.13,3.25,4.0,3.13,3.75,3.63,4.25,3.38,3.25,2.63,0.78,0.91,1.97,1.5,0.92,2.25,0.01,0.01,0.72,0.02,1.12,0.31,0.0,0.32,1.23,0.67,0.63,0.3,0.04,1.02,0.1,3.75,3.76,4.23,4.33,3.92,4.25,4.24,3.25,3.62,2.62,2.62,2.38,3.12,3.0,2.12,2.38,3.12,2.75,3.25,2.0,3.12,3.0,0.0,3.62,3.38,2.75,2.75,2.62,2.88,1.5,3.12,3.25
49-9096.00,Riggers,0.037037037037037,2,24.6,3.2,2.5,10.67172264355363,False,0.3120260021668472,0.5330444203683641,0.4225352112676056,5,0,0.0,True,Nicht hoch GPT-exponiert,3.0,2.88,3.0,3.5,3.0,4.0,0.12,2.25,1.25,3.12,3.38,3.0,2.62,2.12,2.5,2.88,3.12,2.5,3.0,3.12,3.12,0.75,2.0,3.38,3.12,1.75,0.88,3.12,3.75,2.25,3.0,2.12,3.25,2.5,3.12,2.75,3.0,1.62,2.0,2.88,2.75,2.12,1.75,2.88,3.12,2.62,3.25,2.38,3.88,2.12,2.75,2.38,1.12,1.11,2.25,2.62,1.3,2.65,-0.03,0.17,0.59,-0.2,1.79,0.26,0.98,0.18,1.74,1.35,1.37,0.34,0.45,1.89,0.04,4.59,4.77,3.9,4.42,3.93,3.86,4.61,3.0,3.12,2.5,2.75,1.75,2.12,3.0,0.38,0.38,2.88,2.12,3.25,2.12,3.12,2.12,0.0,3.0,2.62,2.25,2.5,2.12,2.12,0.62,2.88,2.88
49-9097.00,Signal and Track Switch Repairers,0.0384615384615384,3,8.7,1.7,0.8,11.105092091007585,False,0.11755146262188516,0.37378114842903576,0.24566630552546045,5,0,0.0,True,Nicht hoch GPT-exponiert,3.25,3.0,3.0,3.75,3.75,2.88,0.0,2.25,0.75,2.88,3.5,3.75,3.62,2.38,2.5,2.12,2.25,3.0,3.38,3.0,3.38,2.5,2.75,3.12,3.62,2.0,2.12,3.75,3.0,2.0,3.25,2.12,3.38,2.25,3.25,2.88,3.12,2.12,2.75,2.62,2.88,2.75,1.88,2.38,2.88,3.0,3.12,3.75,3.62,2.0,3.0,3.0,1.23,0.78,2.44,2.62,0.68,2.5,-0.16,-0.14,0.63,-0.2,1.79,0.81,-0.34,0.02,1.67,1.05,1.22,0.18,-0.25,1.38,0.04,4.02,4.55,4.44,3.99,2.58,3.07,3.86,3.0,2.75,3.88,2.75,2.62,2.75,2.88,0.75,0.88,2.12,2.12,3.0,0.25,3.75,2.12,0.88,3.88,3.88,2.12,2.12,2.25,2.25,0.62,3.0,4.0
49-9098.00,"Helpers--Installation, Maintenance, and Repair Workers",0.0,2,98.7,2.3,11.8,3.1960996749729147,False,0.638136511375948,0.4409534127843987,0.5395449620801733,5,0,0.0,True,Nicht hoch GPT-exponiert,3.0,3.0,2.75,3.38,2.62,2.62,1.0,2.75,1.38,4.0,2.88,3.12,2.88,2.0,2.0,2.62,2.88,2.75,2.5,2.88,3.12,1.88,2.0,3.12,3.0,0.75,1.75,3.62,2.88,2.0,2.88,1.5,2.62,1.75,2.88,2.12,3.0,2.0,1.88,2.5,2.88,2.0,2.0,3.0,3.75,2.38,3.0,2.88,3.25,2.0,2.25,2.0,0.68,0.89,1.86,1.44,1.95,2.14,0.2,0.7,0.4,0.02,1.18,0.45,-0.56,0.36,1.05,0.43,0.73,0.58,0.61,1.0,-0.25,3.99,4.72,3.85,3.89,3.56,2.94,3.44,2.12,2.88,3.25,2.38,2.25,2.0,2.62,0.38,0.62,1.5,1.5,3.0,0.75,3.0,1.75,0.38,3.0,3.25,2.0,2.0,2.12,1.88,0.62,2.5,3.12
51-1011.00,First-Line Supervisors of Production and Operating Workers,0.225,3,698.6,1.2,67.7,39.436619718309856,False,0.905742145178765,0.33098591549295775,0.6183640303358613,5,0,0.0,True,Nicht hoch GPT-exponiert,2.88,2.75,3.0,3.0,3.75,2.5,0.0,2.0,0.88,2.0,3.0,3.0,2.88,3.25,1.12,2.0,1.25,2.5,3.62,3.62,2.88,2.88,2.38,2.62,3.0,0.62,2.88,4.0,4.0,3.62,3.0,1.12,3.88,2.25,2.88,2.0,3.12,1.0,1.0,3.62,3.38,2.38,1.25,2.0,2.0,3.0,2.38,2.38,3.12,2.0,3.62,3.75,1.98,1.41,2.14,1.93,1.84,2.65,1.07,0.93,1.56,1.23,1.92,0.87,2.77,0.98,1.94,1.76,1.84,0.96,1.74,1.8,0.93,4.83,4.76,4.32,4.23,3.59,2.77,4.5,3.62,3.88,2.12,2.25,0.12,3.12,3.25,2.62,2.62,3.75,3.12,2.75,2.75,3.38,3.12,0.38,3.12,2.12,2.88,3.88,3.0,3.0,1.25,3.88,2.5
51-2011.00,"Aircraft Structure, Surfaces, Rigging, and Systems Assemblers",0.025,2,33.6,-14.5,2.8,8.28819068255688,False,0.34073672806067173,0.02925243770314193,0.18499458288190684,5,0,0.0,True,Nicht hoch GPT-exponiert,3.12,3.0,3.0,3.38,3.25,2.75,0.25,2.12,1.12,3.5,3.0,3.88,2.88,2.88,1.88,2.12,2.25,2.88,3.0,3.62,3.25,2.12,2.0,3.12,3.5,1.38,2.62,3.75,3.12,2.5,3.0,1.75,3.38,1.88,2.75,2.38,3.38,1.88,1.75,2.88,3.0,2.38,1.62,2.0,2.75,2.5,3.0,3.12,3.88,2.12,3.62,2.75,1.32,0.66,2.77,2.62,0.8,2.62,-0.1,0.1,0.28,-0.16,2.1,0.58,-0.38,0.04,1.46,0.67,0.95,0.14,-0.18,1.24,-0.67,3.97,4.78,3.59,4.45,3.38,3.96,3.53,2.88,2.88,3.0,2.88,3.0,2.88,3.0,1.38,1.62,2.38,2.25,2.88,1.38,3.0,2.25,1.0,3.75,3.12,2.38,2.25,2.88,2.62,1.88,3.0,2.88
51-2021.00,"Coil Winders, Tapers, and Finishers",0.1388888888888889,2,12.2,-6.3,1.2,29.739978331527627,False,0.17876489707475623,0.09588299024918744,0.13732394366197184,5,1,0.2,True,Nicht hoch GPT-exponiert,3.12,1.62,2.5,3.12,2.62,2.38,0.12,2.12,0.88,2.25,2.5,3.25,2.12,2.0,0.5,1.0,1.0,2.12,2.62,2.62,3.12,1.0,1.0,2.75,3.0,0.25,1.25,2.88,2.88,0.88,2.88,0.5,3.0,2.12,2.75,2.12,3.0,0.25,0.5,2.75,2.62,1.25,0.62,1.38,2.38,2.12,2.5,2.5,2.25,1.12,2.75,2.0,0.42,0.0,2.5,1.56,0.18,2.11,-0.18,-0.34,-0.1,-0.73,0.55,-0.19,-0.58,-0.14,0.75,0.02,0.26,0.03,-0.21,0.44,-0.71,3.65,4.33,4.08,4.92,3.32,4.65,4.14,1.88,2.88,0.62,0.62,0.12,2.12,2.5,0.5,0.5,1.0,1.12,3.12,0.62,3.12,1.25,0.0,2.25,0.38,1.5,2.25,1.5,1.25,0.75,2.12,1.88
51-2022.00,Electrical and Electronic Equipment Assemblers,0.0576923076923076,2,261.4,4.6,29.6,15.276273022751896,False,0.814192849404117,0.7053087757313109,0.7597508125677139,5,1,0.2,True,Nicht hoch GPT-exponiert,3.62,2.38,2.88,3.12,3.0,1.75,0.0,1.62,0.12,2.38,2.75,3.75,2.75,2.38,0.12,0.88,0.62,2.25,3.12,3.12,3.25,1.5,1.5,2.88,3.88,0.12,1.75,3.5,3.12,2.12,2.88,0.0,3.0,1.88,2.38,2.0,2.88,0.38,0.62,2.75,2.62,2.0,0.62,1.5,2.62,2.0,2.5,3.38,3.75,2.0,3.0,2.62,1.16,0.62,2.67,1.89,0.8,2.3,-0.06,-0.01,0.22,-0.1,0.87,0.65,-0.28,0.09,0.9,0.52,0.63,0.15,-0.07,0.88,-0.36,3.39,3.98,3.78,4.11,3.35,3.78,4.48,2.5,2.88,1.5,1.5,1.62,2.5,2.62,0.5,0.88,2.0,1.88,2.88,0.62,3.0,1.88,0.25,2.5,1.75,2.38,2.5,1.5,1.5,0.75,2.75,2.0
51-2023.00,Electromechanical Equipment Assemblers,0.0,2,261.4,4.6,29.6,3.1960996749729147,False,0.814192849404117,0.7053087757313109,0.7597508125677139,5,0,0.0,True,Nicht hoch GPT-exponiert,3.38,2.25,3.0,3.25,3.0,2.0,0.0,1.62,0.62,2.25,3.0,3.75,2.75,2.12,0.0,1.0,1.0,2.75,3.0,3.62,3.25,1.88,1.75,2.38,3.75,0.0,1.75,3.12,2.88,2.0,2.88,0.0,3.25,1.12,1.75,1.0,2.88,0.38,0.0,2.5,2.88,1.88,0.12,1.12,2.38,1.88,2.62,2.5,3.5,1.38,2.88,2.62,1.09,0.64,2.6,1.96,0.64,2.25,-0.14,-0.14,0.19,-0.34,1.1,0.65,-0.58,-0.01,1.02,0.52,0.68,0.11,-0.27,0.78,-0.79,4.02,4.94,3.65,4.16,3.34,3.5,3.78,2.12,2.0,2.88,2.0,1.0,1.5,2.38,0.62,0.75,1.62,1.62,2.25,0.75,3.0,1.62,0.5,3.25,2.75,1.75,1.75,1.88,1.5,1.0,2.62,3.12
51-2031.00,Engine and Other Machine Assemblers,0.0,2,38.4,-21.1,2.8,3.1960996749729147,False,0.34073672806067173,0.011917659804983749,0.17632719393282775,5,0,0.0,True,Nicht hoch GPT-exponiert,3.12,3.0,3.0,3.25,3.0,2.88,0.12,2.0,0.25,3.12,2.88,3.25,3.0,2.0,2.0,2.0,1.38,2.88,3.0,3.0,3.25,2.0,2.0,3.38,3.12,0.88,2.0,3.12,3.0,2.0,3.0,1.12,3.0,2.0,3.0,2.0,3.0,1.12,1.88,3.0,3.0,2.0,2.0,1.88,3.0,2.75,2.88,2.88,3.88,2.0,3.12,2.25,1.18,0.42,2.5,1.96,0.68,2.25,-0.16,-0.04,0.35,-0.22,1.1,0.6,-0.49,-0.01,1.0,0.64,0.68,0.11,-0.27,1.04,-0.46,4.15,4.73,3.67,4.49,3.75,3.72,4.31,2.25,2.25,2.88,2.25,1.38,2.25,2.5,0.62,1.12,2.12,2.0,2.88,0.75,3.12,2.0,0.75,3.25,2.88,2.0,2.12,2.0,2.0,1.0,2.25,3.0
51-2041.00,Structural Metal Fabricators and Fitters,0.0227272727272727,2,53.8,-16.3,4.1,7.854821235102925,False,0.4219934994582882,0.021668472372697724,0.22183098591549294,5,0,0.0,True,Nicht hoch GPT-exponiert,3.12,2.38,3.0,3.5,3.0,2.62,0.88,2.0,1.25,2.62,3.0,3.0,2.12,1.12,1.12,2.12,1.88,2.0,2.88,3.12,3.0,1.62,1.25,3.12,3.25,0.75,1.62,3.0,3.0,1.12,2.25,0.75,3.0,2.0,2.75,1.88,3.0,0.62,1.12,2.25,2.38,1.25,1.38,2.0,3.12,2.38,3.0,2.12,3.75,1.62,3.0,2.12,1.07,0.19,2.47,1.96,0.71,2.37,-0.16,-0.28,0.26,0.13,1.08,0.35,-0.3,-0.07,1.12,0.67,0.77,0.05,-0.3,1.09,-0.71,4.24,4.6,3.66,4.34,3.4,3.59,4.33,2.12,2.75,1.12,1.62,0.25,2.0,2.12,0.38,0.38,2.0,2.0,2.12,1.0,2.5,2.0,0.0,2.5,0.88,2.0,2.38,0.75,0.75,0.62,2.0,2.12
51-2051.00,Fiberglass Laminators and Fabricators,0.0833333333333333,2,18.6,4.2,2.1,21.180931744312026,False,0.27410617551462624,0.6505958829902492,0.4623510292524377,5,1,0.2,True,Nicht hoch GPT-exponiert,3.25,2.88,3.0,3.12,2.88,2.88,0.38,2.75,1.12,3.25,2.88,3.0,3.38,2.62,1.88,2.88,2.12,2.75,2.88,3.12,3.38,2.0,2.0,3.5,3.5,1.5,2.0,3.0,3.0,2.0,3.0,1.75,2.88,3.0,3.0,2.5,2.88,1.62,1.75,2.25,2.62,1.88,1.75,2.62,3.12,2.62,3.0,3.12,3.38,1.88,2.88,2.62,0.63,0.19,2.11,1.5,0.27,2.01,-0.2,-0.43,0.06,-0.57,0.41,-0.15,-0.47,-0.02,0.88,0.35,0.61,-0.02,-0.27,0.88,-0.52,4.19,4.59,3.04,3.75,4.47,4.2,4.59,2.88,2.62,1.12,1.5,0.0,2.75,2.62,0.88,1.5,2.25,2.25,3.0,0.25,3.0,2.5,0.0,2.88,1.12,2.12,2.38,2.0,2.12,0.88,2.62,2.25
51-2061.00,Timing Device Assemblers and Adjusters,0.0,2,0.2,-17.5,0.0,3.1960996749729147,False,0.0027085590465872156,0.01733477789815818,0.010021668472372697,5,0,0.0,True,Nicht hoch GPT-exponiert,3.88,2.25,2.88,3.12,2.88,2.62,0.0,0.0,0.0,0.0,2.38,4.75,2.62,2.38,0.88,0.0,0.0,2.5,2.88,3.25,3.25,2.0,1.88,2.5,3.88,0.88,1.75,3.0,3.12,2.25,2.25,0.88,3.0,1.88,2.12,2.12,2.88,0.88,1.0,2.62,2.62,1.88,1.25,0.0,1.25,2.62,0.62,2.75,3.38,1.88,2.88,2.38,1.27,-0.11,3.0,2.35,0.0,2.3,-0.2,-0.32,0.03,-0.34,1.06,0.76,-0.66,-0.1,1.4,0.54,0.66,0.02,-0.59,0.53,-0.55,4.18,4.63,4.32,3.58,2.79,1.88,2.91,2.75,2.0,2.88,2.5,1.25,2.25,2.62,0.75,0.62,1.62,0.88,2.62,0.88,2.5,1.88,0.5,2.75,3.12,2.38,2.38,1.88,2.0,0.88,2.62,2.62
51-2092.00,Team Assemblers,0.088235294117647,2,1467.1,-0.1,156.3,22.21018418201517,False,0.9642470205850487,0.2611050920910076,0.6126760563380281,5,1,0.2,True,Nicht hoch GPT-exponiert,3.0,2.12,3.0,3.0,2.88,2.38,0.0,2.0,1.0,2.75,3.0,3.25,2.25,2.12,0.62,2.0,1.38,2.25,2.88,3.25,3.12,1.25,2.0,2.88,3.25,0.5,1.38,3.5,3.0,2.12,2.62,0.75,2.88,2.5,2.75,1.38,3.0,0.62,0.88,3.0,3.0,2.0,1.5,2.12,2.75,2.88,3.0,2.62,3.0,1.75,3.0,3.0,1.03,1.26,2.02,1.29,2.07,2.33,0.75,1.03,0.8,0.07,1.29,0.17,1.24,0.82,1.15,0.78,1.03,0.74,1.38,1.16,0.09,4.12,4.81,4.03,4.66,3.63,3.88,4.5,2.62,3.25,2.0,1.5,0.0,2.88,2.75,1.12,1.25,2.5,2.25,2.75,0.62,3.0,2.38,0.62,3.0,2.0,2.25,3.0,2.0,2.0,0.5,2.75,2.12
51-3011.00,Bakers,0.1176470588235294,2,249.1,5.6,39.9,26.327193932827736,False,0.8548212351029253,0.7697724810400867,0.812296858071506,5,0,0.0,True,Nicht hoch GPT-exponiert,2.88,2.25,3.0,2.62,2.88,1.5,0.5,1.0,0.12,1.88,2.38,3.0,2.5,2.75,0.0,1.25,1.0,2.25,2.75,3.0,2.88,1.62,1.88,2.5,3.62,0.0,2.0,3.62,3.12,2.62,3.0,0.0,2.75,1.12,1.25,1.12,3.0,0.0,0.0,2.5,2.75,1.88,1.5,1.5,1.88,2.38,2.62,3.12,3.0,1.75,2.88,2.38,1.12,0.69,2.6,1.44,0.73,2.3,0.05,0.1,0.67,0.82,0.78,0.41,-0.26,0.52,1.1,0.52,0.87,0.3,0.02,1.0,-0.48,4.42,4.25,4.2,4.2,3.19,3.66,4.32,2.0,2.88,0.5,0.62,0.0,2.0,2.75,0.88,1.38,1.62,1.88,2.0,1.88,2.62,1.75,0.0,2.25,0.12,2.25,2.62,2.0,2.0,0.88,2.75,1.25
51-3021.00,Butchers and Meat Cutters,0.0263157894736842,2,143.1,1.0,16.9,8.775731310942579,False,0.7226435536294691,0.3120260021668472,0.5173347778981582,5,0,0.0,True,Nicht hoch GPT-exponiert,3.12,2.12,3.0,3.12,2.88,2.12,0.5,2.0,1.0,2.25,2.5,3.12,2.25,2.25,0.62,1.88,1.88,2.12,2.88,3.0,3.25,2.12,2.0,3.0,3.25,0.5,2.25,3.0,3.12,2.0,2.38,0.62,2.88,2.12,2.38,2.12,2.5,0.5,0.62,3.0,3.0,2.25,1.5,1.88,3.0,2.38,2.88,3.0,2.75,2.25,2.88,2.25,0.82,0.36,2.11,1.11,0.71,2.14,0.08,0.1,0.65,0.17,1.51,0.29,-0.07,0.28,0.86,0.62,1.05,0.62,0.88,1.14,-0.4,4.52,4.33,3.58,3.92,4.06,4.26,4.12,2.5,2.75,1.12,0.88,0.0,2.25,2.38,2.0,1.75,3.0,2.75,2.0,1.0,2.12,2.88,0.12,2.0,1.0,2.88,2.88,2.0,2.0,0.5,3.0,1.88
51-3022.00,"Meat, Poultry, and Fish Cutters and Trimmers",0.0,2,146.8,5.5,18.4,3.1960996749729147,False,0.7388949079089924,0.7643553629469122,0.7516251354279523,5,0,0.0,True,Nicht hoch GPT-exponiert,3.25,2.25,2.75,3.0,2.75,2.12,0.25,2.25,1.12,2.5,2.5,2.88,2.25,2.12,0.62,2.12,1.62,2.25,2.25,2.75,2.75,1.5,2.0,2.5,3.25,0.88,2.12,3.0,3.0,2.12,2.12,0.75,2.75,2.38,2.38,1.88,2.25,0.75,0.75,2.75,3.0,1.62,1.5,2.12,2.25,2.12,3.12,2.38,2.25,2.25,2.88,2.12,0.3,-0.2,2.0,1.59,0.12,2.16,-0.18,-0.43,-0.22,-0.64,0.82,-0.32,-0.56,-0.13,0.51,-0.03,0.75,0.02,-0.3,1.0,-0.65,2.85,3.82,2.6,4.51,4.38,4.76,4.59,2.12,2.38,1.25,1.38,0.0,2.12,2.12,0.88,1.0,2.25,2.12,2.12,0.12,2.38,2.12,0.0,2.12,1.25,2.38,2.38,1.12,1.12,0.25,2.12,2.0
51-3023.00,Slaughterers and Meat Packers,0.0,2,69.6,2.2,8.4,3.1960996749729147,False,0.5644637053087758,0.43066088840736727,0.4975622968580715,5,0,0.0,True,Nicht hoch GPT-exponiert,3.0,2.62,2.0,3.12,2.0,1.62,0.62,2.12,1.12,2.75,2.12,3.0,1.5,0.88,0.38,1.88,1.12,1.5,2.0,2.5,3.0,0.88,0.88,2.88,3.0,0.0,1.0,2.75,2.62,0.88,2.0,0.0,2.38,2.12,3.0,1.62,2.5,0.0,0.0,1.88,2.0,0.88,1.25,2.12,3.12,1.75,3.0,1.38,1.75,2.38,1.75,1.38,0.46,-0.2,1.81,1.17,0.49,1.76,-0.38,-0.38,-0.02,-0.52,0.87,-0.26,-0.47,-0.22,0.75,0.21,0.95,0.04,-0.46,1.43,-0.63,3.93,4.12,3.12,3.79,3.9,4.28,2.97,1.75,1.88,0.75,0.5,0.0,1.62,1.75,0.5,0.62,1.5,1.12,2.12,0.12,2.0,0.88,0.0,2.0,0.75,1.75,1.75,1.12,1.12,0.0,1.88,1.38
51-3091.00,"Food and Tobacco Roasting, Baking, and Drying Machine Operators and Tenders",0.0666666666666666,2,20.7,0.6,2.4,17.388949079089926,False,0.29956663055254606,0.29360780065005415,0.2965872156013001,5,0,0.0,True,Nicht hoch GPT-exponiert,3.12,3.25,3.12,3.25,2.88,2.0,0.0,2.0,0.88,2.88,2.88,3.0,2.88,2.12,0.75,2.0,1.62,3.0,2.88,3.0,3.0,0.62,2.12,2.88,3.75,0.62,1.0,3.12,3.0,2.12,3.12,0.62,3.12,2.38,2.25,2.0,3.12,1.0,0.5,2.88,2.75,2.0,1.75,2.12,2.5,2.12,2.88,3.12,3.0,1.88,2.88,2.88,0.7,0.26,2.16,1.96,0.37,2.16,-0.2,-0.3,0.11,-0.57,0.7,-0.07,-0.49,-0.01,0.75,0.41,0.63,0.05,-0.34,0.95,-0.57,3.95,4.39,3.54,4.32,2.38,3.41,4.03,2.75,3.0,2.25,2.0,0.62,2.62,2.62,0.25,0.5,2.0,2.12,3.12,1.5,3.62,2.25,0.25,2.88,2.0,2.12,2.12,1.62,1.5,0.5,2.12,2.25
51-3092.00,Food Batchmakers,0.1538461538461538,2,173.5,6.9,24.2,32.231852654387865,False,0.7876489707475623,0.8418201516793066,0.8147345612134345,5,0,0.0,True,Nicht hoch GPT-exponiert,2.38,2.88,3.0,3.0,2.88,2.0,0.0,1.62,0.88,2.75,1.75,2.12,2.62,2.12,0.5,1.88,1.5,2.75,2.88,3.12,2.88,2.12,2.0,2.12,3.25,0.62,2.12,3.12,3.12,2.0,3.12,0.38,3.0,2.0,2.88,1.88,3.0,1.12,1.25,2.75,2.88,1.75,1.38,2.12,2.12,2.12,2.88,2.0,2.25,1.88,3.0,2.75,0.97,0.94,2.41,1.82,0.75,2.59,-0.08,-0.04,0.53,-0.28,1.26,0.39,0.34,0.22,0.88,0.52,0.97,0.18,0.02,1.09,-0.17,3.74,4.55,3.7,4.25,3.91,3.86,4.19,2.62,3.0,1.25,0.88,0.0,2.12,2.38,0.38,0.62,2.12,2.0,2.88,1.75,3.0,2.12,0.12,2.12,0.62,2.12,2.62,1.5,1.5,0.5,2.5,2.0
51-3093.00,Food Cooking Machine Operators and Tenders,0.032258064516129,2,29.7,0.6,4.4,10.075839653304442,False,0.43824485373781147,0.29360780065005415,0.3659263271939328,5,0,0.0,True,Nicht hoch GPT-exponiert,2.75,2.75,2.88,2.88,2.88,2.0,0.12,2.12,0.88,2.5,2.12,2.25,2.25,2.0,0.38,2.0,1.62,2.12,2.75,3.12,2.5,1.88,1.88,2.75,3.25,0.5,2.12,3.0,2.88,1.5,2.75,0.38,3.0,2.0,3.12,1.25,2.75,0.88,0.38,2.25,2.75,2.0,1.62,1.88,2.38,2.12,2.25,2.12,2.25,1.88,2.88,2.5,0.57,0.38,2.02,1.82,0.45,2.14,-0.17,-0.3,0.05,-0.47,0.78,-0.17,-0.54,-0.01,0.64,0.16,0.92,0.06,-0.27,1.16,-0.69,4.4,4.49,4.59,3.69,3.75,3.61,4.14,2.38,2.75,1.12,0.5,0.0,2.12,2.25,0.75,1.0,2.0,1.62,2.88,0.75,3.12,1.62,0.25,2.12,0.38,2.12,2.38,1.38,1.62,0.38,2.25,1.75
51-4021.00,"Extruding and Drawing Machine Setters, Operators, and Tenders, Metal and Plastic",0.0833333333333333,2,66.0,1.2,6.5,21.180931744312026,False,0.5200433369447454,0.33098591549295775,0.42551462621885155,5,0,0.0,True,Nicht hoch GPT-exponiert,3.0,3.25,2.88,3.5,3.0,2.88,0.5,2.62,1.38,3.0,3.0,3.25,2.88,2.0,1.5,2.38,2.0,2.12,2.62,3.0,3.0,1.88,2.0,3.25,3.12,1.5,2.0,3.12,2.75,2.0,3.0,1.75,2.88,3.12,3.5,3.0,3.12,1.38,1.5,2.62,2.5,1.88,2.12,2.62,3.12,2.38,3.12,3.0,3.12,2.38,2.88,2.0,0.97,0.66,2.41,1.99,0.32,2.06,-0.2,-0.27,0.16,-0.3,0.74,0.31,-0.43,-0.04,0.81,0.39,0.57,0.04,-0.37,0.93,-0.3,3.45,3.98,3.71,3.99,3.05,3.37,4.41,2.62,3.0,2.62,2.5,1.62,2.25,2.75,0.75,1.25,1.88,1.5,3.5,1.38,3.62,1.88,0.5,3.38,2.88,1.75,2.38,2.25,2.25,0.88,2.5,2.75
51-4022.00,"Forging Machine Setters, Operators, and Tenders, Metal and Plastic",0.0416666666666666,2,8.8,-18.9,0.6,12.459371614301192,False,0.08559046587215602,0.014084507042253521,0.04983748645720477,5,0,0.0,True,Nicht hoch GPT-exponiert,3.12,3.0,3.0,3.5,3.0,2.75,0.25,2.12,1.12,2.38,2.38,3.12,2.75,2.12,1.25,2.0,1.5,2.5,3.0,3.0,3.12,1.88,1.75,3.0,3.38,1.25,2.0,3.12,3.0,2.12,3.12,1.12,3.0,2.88,3.12,2.5,3.0,1.25,1.25,2.5,2.25,2.0,1.75,2.0,2.38,2.0,3.0,2.25,3.12,2.12,3.0,2.75,1.14,0.36,2.34,2.03,0.39,2.47,-0.18,-0.08,0.23,-0.24,0.78,0.31,-0.36,-0.13,0.84,0.56,1.03,0.05,-0.25,1.24,-0.55,4.33,4.73,3.8,4.02,3.6,3.54,4.47,2.75,2.62,2.25,1.75,1.0,2.25,2.62,0.38,0.5,2.25,2.12,3.0,1.12,3.0,2.12,0.25,2.88,2.12,2.12,2.38,1.75,1.75,0.88,2.62,2.75
51-4023.00,"Rolling Machine Setters, Operators, and Tenders, Metal and Plastic",0.0735294117647058,2,22.5,-8.3,1.9,18.905742145178763,False,0.2535211267605634,0.07313109425785481,0.1633261105092091,5,0,0.0,True,Nicht hoch GPT-exponiert,3.12,3.38,3.0,3.88,3.0,3.0,0.25,2.62,0.88,2.75,3.0,3.12,3.0,2.25,1.5,2.5,2.0,2.88,2.88,3.0,3.0,2.12,2.12,3.75,3.38,1.38,2.0,3.38,3.38,2.12,3.38,1.88,3.12,3.62,3.88,3.25,3.38,1.62,1.75,2.75,2.5,2.38,2.75,2.75,3.38,2.5,3.12,2.62,3.0,2.88,3.0,2.38,1.14,0.55,2.34,1.96,0.47,2.39,-0.08,-0.12,0.42,-0.34,0.7,0.37,0.25,-0.09,0.86,0.54,0.92,0.06,-0.14,0.95,-0.61,4.37,4.55,3.55,4.39,3.34,3.75,4.36,2.75,3.0,3.0,2.38,2.0,2.88,2.88,0.88,1.25,2.62,1.62,3.88,1.12,4.0,1.75,0.62,3.88,2.88,2.0,2.5,2.75,2.38,0.88,3.0,3.0
51-4031.00,"Cutting, Punching, and Press Machine Setters, Operators, and Tenders, Metal and Plastic",0.02,2,174.7,-12.1,14.4,7.258938244853738,False,0.6960996749729144,0.04333694474539545,0.3697183098591549,5,0,0.0,True,Nicht hoch GPT-exponiert,3.25,2.88,2.88,3.75,3.0,3.0,0.0,2.0,1.25,3.0,2.88,3.0,3.0,2.0,1.0,2.0,1.75,2.0,3.0,3.0,3.0,2.0,1.75,3.38,3.62,0.62,2.0,3.0,3.0,2.0,3.0,1.12,3.0,3.0,3.25,2.75,3.0,1.5,1.75,2.75,2.75,2.0,1.62,2.25,3.0,2.38,3.0,2.62,3.0,2.0,3.0,2.38,0.7,0.14,2.44,1.96,0.27,2.25,-0.18,-0.25,0.03,-0.48,0.72,-0.03,-0.56,-0.14,0.73,0.43,0.73,0.05,-0.3,0.95,-0.67,3.12,4.04,2.36,4.37,3.45,4.46,4.14,2.62,2.5,2.88,1.62,0.25,2.25,2.62,0.38,0.38,1.75,1.62,3.62,0.88,3.5,2.0,0.0,3.12,2.62,1.62,2.0,1.62,1.88,0.75,2.75,3.0
51-4032.00,"Drilling and Boring Machine Tool Setters, Operators, and Tenders, Metal and Plastic",0.0,2,5.3,-19.6,0.4,3.1960996749729147,False,0.05579631635969664,0.013001083423618635,0.034398699891657634,5,0,0.0,True,Nicht hoch GPT-exponiert,3.0,2.62,3.0,3.62,3.0,2.88,0.0,1.88,1.5,2.38,2.75,3.62,2.5,2.12,1.0,1.75,1.38,2.88,3.0,3.12,3.12,2.25,2.0,3.0,3.75,1.0,2.5,3.12,2.88,2.0,3.25,1.0,3.12,2.88,3.5,2.5,3.12,1.12,1.38,2.5,2.25,2.0,0.75,2.0,2.88,2.88,2.75,2.88,3.38,1.75,2.88,2.75,1.09,0.2,2.53,1.82,0.39,2.19,-0.17,-0.2,0.26,-0.32,0.78,0.67,-0.41,0.07,0.88,0.54,0.7,0.07,-0.3,0.9,-0.71,4.11,4.39,4.06,4.7,3.24,3.4,4.32,2.62,2.12,2.5,2.12,1.62,2.25,2.88,0.62,0.88,2.12,2.0,3.12,1.38,3.75,2.0,0.5,2.88,2.25,1.88,2.12,2.25,1.88,1.0,2.25,2.88
51-4033.00,"Grinding, Lapping, Polishing, and Buffing Machine Tool Setters, Operators, and Tenders, Metal and Plastic",0.064516129032258,2,70.1,-12.0,5.5,16.738894907908993,False,0.48808234019501623,0.04496208017334778,0.266522210184182,5,0,0.0,True,Nicht hoch GPT-exponiert,3.0,3.12,3.0,4.0,2.88,3.12,0.25,2.12,0.88,2.88,3.12,3.0,2.88,2.25,0.75,2.12,2.0,2.62,2.88,3.25,3.12,2.0,2.0,3.12,3.62,0.25,2.38,3.0,2.88,1.75,3.12,0.5,3.12,3.0,3.75,2.5,3.0,1.0,1.0,2.12,2.25,2.25,2.12,1.88,3.12,2.0,3.0,2.38,3.38,2.62,3.0,2.12,1.05,0.19,2.57,1.99,0.13,2.14,-0.23,-0.27,0.33,-0.37,1.03,0.31,-0.4,-0.1,0.79,0.48,0.66,0.04,-0.27,0.86,-0.75,3.47,3.87,3.87,4.62,3.19,3.76,4.31,2.75,2.5,2.5,2.12,0.62,2.12,2.88,0.75,1.12,1.88,1.38,3.62,1.0,3.62,1.62,0.75,3.5,2.5,1.75,2.25,2.25,2.12,0.75,2.25,2.62
51-4034.00,"Lathe and Turning Machine Tool Setters, Operators, and Tenders, Metal and Plastic",0.032258064516129,2,18.9,-13.6,1.5,10.075839653304442,False,0.21451787648970747,0.03358613217768147,0.12405200433369447,5,0,0.0,True,Nicht hoch GPT-exponiert,3.12,2.5,2.88,3.12,3.0,2.62,0.38,2.12,1.25,2.75,2.75,3.0,2.75,2.0,0.75,1.88,1.12,2.0,2.88,3.0,3.12,2.25,2.0,3.12,3.12,0.88,2.25,3.0,3.0,2.0,3.0,1.0,3.0,2.88,3.12,2.12,3.0,1.0,0.88,2.25,2.25,1.5,0.88,2.12,3.0,2.0,3.0,2.12,3.0,2.0,3.0,2.0,1.09,0.46,2.53,1.99,0.32,2.33,-0.25,-0.27,0.25,-0.22,0.78,0.56,-0.45,-0.09,0.93,0.58,0.68,0.04,-0.57,0.86,-0.57,3.39,3.72,2.9,3.71,2.35,3.45,3.26,2.75,2.62,2.75,2.12,1.0,2.0,2.25,0.88,1.0,1.88,1.0,3.0,0.88,3.0,1.25,1.0,3.25,2.25,1.62,2.0,2.0,2.0,0.75,2.25,2.75
51-4035.00,"Milling and Planing Machine Setters, Operators, and Tenders, Metal and Plastic",0.0689655172413793,2,13.8,-14.4,1.1,17.822318526543878,False,0.1635969664138678,0.030335861321776816,0.09696641386782232,5,0,0.0,True,Nicht hoch GPT-exponiert,3.5,3.12,2.88,3.5,3.0,2.12,0.0,2.12,1.38,2.75,2.75,3.12,2.75,2.12,0.38,1.88,1.25,2.25,3.0,3.0,3.25,2.38,2.0,3.12,3.12,0.75,2.25,3.25,3.0,2.0,2.88,1.12,3.0,2.62,3.25,2.25,3.12,0.88,0.88,2.75,2.75,1.88,0.88,2.25,2.88,2.12,3.0,2.0,3.12,2.25,3.0,2.38,1.12,0.28,2.67,1.96,0.32,2.19,-0.26,-0.27,0.14,-0.22,0.76,0.49,-0.56,-0.13,0.73,0.5,0.55,0.04,-0.41,0.84,-0.73,3.49,4.26,3.49,4.63,3.28,3.7,4.1,2.38,2.5,2.38,2.12,0.88,2.0,2.38,0.5,0.62,2.0,1.38,3.25,1.25,3.88,1.62,0.5,3.0,2.38,1.75,2.0,2.12,1.88,0.75,2.38,2.75
51-4041.00,Machinists,0.1326530612244897,3,299.5,0.0,29.5,28.76489707475623,False,0.8120260021668473,0.2681473456121343,0.5400866738894908,5,0,0.0,True,Nicht hoch GPT-exponiert,3.38,3.12,3.12,3.75,3.25,2.62,0.62,2.25,1.25,3.0,2.88,3.62,3.0,2.88,0.75,2.0,1.88,2.75,3.0,3.0,3.12,2.88,2.12,3.12,3.5,0.5,2.88,3.12,3.0,2.88,3.0,1.0,3.12,3.12,3.12,2.62,3.25,1.0,1.75,2.88,3.0,2.62,2.0,2.12,2.62,2.62,3.0,2.5,3.88,2.62,3.0,2.88,1.71,0.78,2.88,2.17,0.66,2.65,-0.1,-0.1,0.67,1.1,1.34,0.89,-0.38,0.24,1.58,0.99,0.82,0.32,-0.05,1.07,-0.44,3.77,4.52,4.15,4.61,3.26,4.02,4.22,3.0,3.0,2.88,2.62,2.38,2.75,2.75,0.75,1.0,2.0,2.12,3.38,1.88,3.25,2.12,1.12,3.0,2.75,2.12,2.75,2.12,2.25,1.88,2.62,2.88
51-4051.00,Metal-Refining Furnace Operators and Tenders,0.0416666666666666,2,20.8,-2.3,2.0,12.459371614301192,False,0.2638136511375948,0.18255687973997833,0.22318526543878658,5,0,0.0,True,Nicht hoch GPT-exponiert,3.12,3.25,2.88,4.0,2.88,3.0,0.62,2.62,1.38,3.12,2.88,3.0,2.88,2.0,2.88,2.5,2.0,3.0,2.88,3.0,3.25,2.0,2.0,3.62,3.12,1.88,2.38,3.0,3.0,2.0,3.12,1.88,3.0,2.88,3.25,2.75,3.25,2.0,1.75,2.38,2.38,2.12,1.75,2.88,3.12,2.75,3.25,2.88,3.0,2.12,2.88,2.25,1.01,0.48,2.16,2.5,0.47,2.56,-0.2,-0.1,0.23,-0.64,1.06,0.29,-0.24,-0.09,1.12,0.6,1.03,0.02,-0.43,1.61,-0.36,3.48,4.02,3.85,4.08,2.71,4.01,3.39,2.88,2.25,2.88,2.0,0.0,2.12,2.75,0.88,1.75,2.38,2.0,3.75,0.75,3.88,2.25,0.0,3.12,2.25,2.12,2.38,2.12,2.12,0.25,2.88,2.75
51-4052.00,"Pourers and Casters, Metal",0.0,2,5.9,-4.7,0.6,3.1960996749729147,False,0.08559046587215602,0.12838569880823403,0.10698808234019502,5,0,0.0,True,Nicht hoch GPT-exponiert,3.12,2.5,3.0,3.0,2.88,2.5,0.0,2.0,1.38,2.75,2.88,2.88,2.88,1.88,2.0,2.0,1.88,2.25,2.75,2.88,3.0,1.5,2.0,3.0,3.62,1.62,1.75,3.0,2.88,1.88,3.12,1.75,3.0,2.62,3.25,2.12,3.0,1.62,1.75,2.62,2.75,1.88,1.25,2.12,3.12,2.75,3.0,3.0,2.62,2.0,2.38,2.0,0.77,0.01,1.86,2.43,0.55,2.3,-0.2,-0.36,-0.17,-0.71,0.8,-0.16,-0.63,-0.17,0.88,0.58,1.4,0.05,-0.57,1.46,-0.71,3.44,4.41,3.21,3.51,2.98,3.62,3.48,2.12,2.75,2.62,1.62,0.0,2.0,3.0,0.75,1.12,1.75,1.88,3.0,0.88,3.12,2.0,0.25,2.75,2.0,1.88,2.12,1.38,1.5,0.38,2.38,2.5
51-4061.00,"Model Makers, Metal and Plastic",0.0967741935483871,3,3.2,-18.2,0.3,23.8353196099675,False,0.03791982665222102,0.015167930660888408,0.026543878656554713,5,0,0.0,True,Nicht hoch GPT-exponiert,3.5,3.0,2.88,3.75,3.0,2.62,0.25,2.12,1.5,2.25,3.0,3.5,2.88,2.5,0.75,2.0,1.38,2.38,2.88,3.38,3.38,2.5,2.0,3.25,4.0,0.62,2.25,3.75,3.25,2.88,2.75,0.75,3.12,3.0,3.88,3.0,3.0,1.0,1.25,2.38,2.62,2.0,1.0,2.0,3.0,2.62,3.0,2.62,3.88,2.62,3.12,2.62,1.6,0.83,2.67,1.96,0.35,2.19,-0.17,-0.2,0.74,0.79,0.8,1.17,-0.34,-0.02,1.58,0.92,0.61,0.1,0.0,0.95,-0.07,3.31,4.61,3.9,4.78,2.77,3.29,4.24,2.62,2.5,2.62,3.0,0.12,1.62,2.75,0.88,1.12,1.38,1.12,3.5,2.38,3.38,1.5,1.25,3.38,2.88,0.62,2.25,1.38,1.62,1.88,3.0,3.25
51-4062.00,"Patternmakers, Metal and Plastic",0.1304347826086956,3,1.6,-24.4,0.1,28.602383531960996,False,0.011375947995666305,0.007583965330444204,0.009479956663055254,5,0,0.0,True,Nicht hoch GPT-exponiert,3.25,2.62,3.12,3.25,3.0,2.62,0.38,1.5,1.12,2.38,3.0,3.12,2.62,2.62,1.25,1.62,1.12,2.5,2.88,3.12,3.12,2.12,1.75,3.12,3.62,0.88,2.25,3.0,3.0,2.5,2.88,0.75,3.12,2.62,2.88,2.12,3.25,0.75,0.88,2.88,3.0,1.88,1.12,1.75,2.12,2.62,2.5,2.88,3.38,2.0,3.0,2.88,1.3,0.08,2.67,1.96,0.25,2.14,-0.17,-0.14,0.28,0.44,0.82,0.6,-0.54,-0.11,1.12,0.67,0.55,0.04,-0.34,0.68,-0.69,4.48,5.0,3.79,4.13,3.56,3.37,4.51,2.75,2.62,2.12,1.88,0.5,2.25,2.5,0.25,0.38,1.75,1.75,3.0,2.38,3.12,1.75,1.25,3.25,1.88,1.75,2.5,2.0,2.12,1.75,2.5,2.0
51-4071.00,Foundry Mold and Coremakers,0.0,2,12.7,-25.9,0.9,3.1960996749729147,False,0.13488624052004333,0.005958829902491874,0.07042253521126761,5,0,0.0,True,Nicht hoch GPT-exponiert,3.12,2.75,2.75,3.0,2.12,2.75,0.75,2.88,1.62,2.88,2.75,3.0,2.12,1.5,1.25,2.38,1.62,2.12,2.12,2.75,3.62,1.25,1.25,3.0,3.0,0.5,1.88,2.88,2.38,1.38,2.12,1.12,2.75,2.62,3.25,1.88,2.88,0.75,1.0,2.12,2.25,2.0,1.25,2.75,3.5,2.12,3.12,2.0,3.0,1.38,2.0,2.0,0.43,-0.21,2.19,1.5,0.32,2.14,-0.21,-0.32,-0.08,-0.59,0.3,-0.16,-0.38,-0.17,0.81,0.24,0.55,0.03,-0.32,0.95,-0.63,4.31,4.27,3.99,4.18,3.41,4.03,4.2,2.12,2.5,1.38,1.5,0.0,2.0,2.25,0.75,0.75,1.88,1.5,2.38,0.75,2.38,1.5,0.0,2.12,1.25,1.62,2.12,1.12,1.0,0.38,2.5,2.0
51-4072.00,"Molding, Coremaking, and Casting Machine Setters, Operators, and Tenders, Metal and Plastic",0.0348837209302325,2,154.6,-3.8,15.9,10.400866738894909,False,0.7166847237269772,0.14355362946912242,0.4301191765980498,5,0,0.0,True,Nicht hoch GPT-exponiert,3.12,3.25,3.0,3.12,2.88,2.75,0.38,2.88,1.75,2.75,2.88,3.12,2.88,2.25,2.0,2.75,2.25,2.62,2.62,3.12,3.0,2.12,2.0,3.0,3.25,0.62,2.12,3.12,3.0,2.25,3.12,0.62,3.0,3.0,3.12,2.0,3.0,1.0,1.0,2.75,2.88,2.12,1.5,2.5,3.38,2.38,3.0,2.62,3.0,2.38,3.0,2.12,0.91,0.59,2.37,1.86,0.41,2.19,-0.18,-0.18,0.23,-0.45,0.74,0.1,-0.54,-0.07,0.81,0.43,0.61,0.04,-0.21,1.04,-0.65,3.93,4.63,3.94,4.14,3.73,3.46,3.96,2.25,2.0,2.75,2.0,1.12,2.12,2.25,0.62,0.5,2.12,2.0,3.75,1.62,3.88,2.0,0.5,3.12,2.62,1.62,2.12,1.12,1.75,0.5,2.38,2.75
51-4081.00,"Multiple Machine Tool Setters, Operators, and Tenders, Metal and Plastic",0.141025641025641,2,131.0,-0.5,12.8,30.498374864572046,False,0.6511375947995667,0.24810400866738894,0.4496208017334778,5,0,0.0,True,Nicht hoch GPT-exponiert,3.25,3.0,3.12,4.0,3.0,2.12,0.0,1.88,0.75,3.0,3.25,3.12,2.88,2.38,1.25,2.0,1.88,3.0,3.0,3.12,3.38,2.0,2.12,3.0,3.5,0.88,2.0,3.62,3.38,2.12,3.0,1.25,3.12,3.0,3.25,2.0,3.5,1.12,1.25,3.0,3.0,2.0,1.12,2.0,3.0,3.0,2.75,2.88,3.88,2.12,3.0,2.88,1.18,0.83,2.57,1.96,0.55,2.47,-0.12,-0.14,0.59,0.09,0.96,0.81,-0.19,0.2,1.12,0.82,0.97,0.09,-0.37,0.97,-0.42,3.97,4.86,3.9,4.69,3.07,2.89,4.46,3.0,2.88,3.12,2.38,1.75,2.88,3.0,1.0,1.0,2.0,2.12,3.12,1.88,4.0,2.38,1.12,3.5,3.0,2.12,2.38,2.25,2.12,1.25,2.88,3.0
51-4111.00,Tool and Die Makers,0.109375,3,55.2,-10.8,4.7,25.081256771397616,False,0.447453954496208,0.05471289274106175,0.2510834236186349,5,0,0.0,True,Nicht hoch GPT-exponiert,3.25,2.12,4.0,3.88,3.12,2.75,0.5,2.0,0.62,2.25,2.88,3.38,2.5,2.75,1.38,1.75,1.25,2.0,3.0,3.75,3.12,2.62,2.0,3.25,3.75,0.62,2.38,3.88,3.5,2.62,2.88,0.75,3.0,2.38,3.12,2.62,3.25,0.88,1.0,2.88,2.88,2.0,1.75,2.0,2.88,2.0,3.0,2.12,3.88,2.12,3.38,3.0,1.74,0.69,3.0,2.21,0.35,2.62,-0.2,-0.08,0.74,1.28,1.13,1.17,-0.21,-0.07,1.64,0.89,0.85,0.09,-0.09,1.0,-0.27,4.2,4.67,4.76,4.8,2.66,2.9,4.29,3.0,2.88,2.88,3.0,0.75,2.12,3.0,0.38,0.62,1.62,1.25,3.12,3.12,3.0,1.62,0.62,3.75,2.88,1.0,2.0,2.5,2.38,2.88,2.88,2.88
51-4121.00,"Welders, Cutters, Solderers, and Brazers",0.0392156862745098,2,457.3,2.2,45.6,11.43011917659805,False,0.8699891657638137,0.43066088840736727,0.6503250270855905,5,0,0.0,True,Nicht hoch GPT-exponiert,3.5,2.38,3.0,3.25,3.0,2.88,1.0,2.0,1.88,2.75,2.88,3.12,2.75,2.12,2.25,1.62,1.75,2.38,2.88,2.5,2.88,1.75,1.5,2.75,3.5,1.25,1.5,3.12,2.75,2.12,2.62,1.62,3.12,2.5,2.75,2.5,2.88,1.62,1.75,2.0,2.12,2.25,0.5,2.0,2.88,2.5,2.88,2.5,3.38,1.62,2.38,1.5,0.97,0.44,2.28,2.03,0.35,2.33,-0.14,-0.2,0.33,0.33,0.96,0.49,-0.36,-0.01,1.34,0.8,0.87,0.09,-0.27,1.22,-0.63,3.79,4.35,3.31,4.36,3.31,3.46,4.51,2.5,1.88,1.25,2.0,1.0,2.12,2.62,0.88,0.88,1.62,1.38,2.5,1.12,2.5,1.5,0.0,3.0,1.25,1.5,2.12,1.75,1.5,0.75,2.25,2.12
51-4122.00,"Welding, Soldering, and Brazing Machine Setters, Operators, and Tenders",0.0568181818181818,2,38.9,-9.0,3.2,15.059588299024917,False,0.36836403033586135,0.06663055254604551,0.21749729144095342,5,0,0.0,True,Nicht hoch GPT-exponiert,3.12,2.88,3.0,3.25,3.0,2.62,0.5,2.0,1.25,3.0,3.0,3.0,2.88,2.0,2.0,1.88,1.38,2.25,3.0,3.0,3.12,1.38,1.5,3.0,3.25,1.0,1.38,3.0,3.12,1.88,3.0,1.12,3.0,3.0,3.0,2.25,3.0,0.75,1.0,2.62,2.88,2.0,0.62,2.0,3.0,2.12,3.0,2.12,3.25,1.88,2.88,2.12,0.97,0.46,2.34,1.93,0.45,2.33,-0.16,-0.14,0.38,0.35,1.03,0.37,-0.3,0.06,0.97,0.58,0.75,0.08,-0.14,1.02,-0.48,3.71,4.69,3.47,4.38,2.6,4.22,4.28,2.88,2.62,2.38,2.12,0.12,2.12,2.75,0.75,1.0,1.88,1.88,3.0,1.12,3.12,1.88,0.12,2.5,2.25,1.75,2.38,1.5,2.12,0.62,2.5,2.25
51-4191.00,"Heat Treating Equipment Setters, Operators, and Tenders, Metal and Plastic",0.0588235294117647,2,14.8,-12.8,1.2,15.492957746478872,False,0.17876489707475623,0.041170097508125676,0.10996749729144095,5,0,0.0,True,Nicht hoch GPT-exponiert,3.0,3.25,3.38,3.62,3.0,3.12,0.25,2.38,1.0,3.12,3.0,3.0,3.0,1.88,1.88,2.5,1.5,2.88,2.88,3.25,3.12,2.0,2.0,3.38,3.38,0.75,2.12,3.25,3.38,1.88,3.38,1.75,3.12,3.0,3.75,3.0,3.75,1.75,1.75,2.62,2.62,2.25,2.0,3.0,3.62,2.5,3.25,2.75,3.12,2.0,3.0,2.62,0.82,0.32,2.16,2.35,0.43,2.44,-0.17,-0.12,0.14,-0.39,0.91,0.31,-0.32,-0.11,0.77,0.56,0.7,0.11,-0.23,1.09,-0.61,4.01,4.11,3.29,4.15,3.42,3.9,4.6,2.62,2.88,3.12,2.62,0.25,3.0,2.62,0.62,1.38,2.25,1.62,3.88,1.62,3.75,1.88,0.88,3.25,2.88,1.88,2.5,2.12,1.88,0.0,2.62,2.75
51-4192.00,"Layout Workers, Metal and Plastic",0.1521739130434782,2,5.7,-5.4,0.5,32.06933911159263,False,0.06988082340195016,0.11592632719393282,0.09290357529794149,5,1,0.2,True,Nicht hoch GPT-exponiert,3.25,3.12,3.25,2.75,3.12,2.75,0.5,2.12,0.88,3.0,3.0,3.12,3.0,2.75,1.75,2.0,1.12,1.75,3.0,3.12,3.12,2.88,2.0,3.0,3.88,0.62,3.0,3.5,3.12,2.25,3.12,0.75,3.25,1.88,2.5,2.0,3.12,0.88,1.25,2.25,2.25,2.12,1.25,2.0,2.75,2.5,2.88,2.62,3.88,1.88,3.0,2.5,1.35,0.19,2.67,1.96,0.51,2.16,-0.13,-0.27,0.3,0.53,0.87,0.79,-0.34,-0.07,1.02,0.8,0.51,0.04,-0.27,0.84,-0.52,3.77,4.59,3.48,4.69,3.26,3.68,4.64,2.88,3.0,2.0,2.0,0.88,2.5,2.75,0.5,0.5,2.25,1.62,2.75,2.0,2.75,1.75,0.12,2.88,2.0,2.0,2.75,1.88,1.88,0.62,2.5,2.0
51-4193.00,"Plating Machine Setters, Operators, and Tenders, Metal and Plastic",0.0416666666666666,2,31.7,-13.6,2.5,12.459371614301192,False,0.3120260021668472,0.03358613217768147,0.17280606717226435,5,0,0.0,True,Nicht hoch GPT-exponiert,3.12,3.0,3.0,3.25,3.0,2.62,0.12,2.0,1.0,2.5,2.88,3.0,3.0,2.25,0.88,2.0,1.62,2.62,3.0,3.0,3.25,1.38,1.5,3.38,3.38,0.62,1.5,3.75,3.12,2.25,3.0,0.62,3.0,2.12,2.62,2.0,3.0,0.75,0.88,2.75,2.38,2.0,1.38,2.25,3.0,2.12,3.12,2.5,2.5,1.38,3.0,2.88,0.78,0.25,2.22,2.06,0.18,2.22,-0.23,-0.25,0.16,-0.39,0.89,-0.05,-0.38,-0.09,0.79,0.37,0.68,0.03,-0.25,1.0,-0.55,3.91,4.58,3.9,4.22,3.37,3.47,4.94,2.25,2.62,2.38,2.0,0.25,2.38,2.12,0.5,0.88,2.25,2.12,3.0,1.62,3.12,2.12,0.0,2.75,2.12,2.12,2.25,1.62,1.62,0.5,2.75,2.25
51-4194.00,"Tool Grinders, Filers, and Sharpeners",0.0,2,5.8,-7.8,0.5,3.1960996749729147,False,0.06988082340195016,0.07746478873239436,0.07367280606717226,5,0,0.0,True,Nicht hoch GPT-exponiert,3.25,3.0,3.0,3.5,3.0,2.5,0.0,2.12,1.38,2.75,2.88,3.5,3.12,2.25,0.62,2.0,1.62,2.88,2.62,3.0,3.5,2.88,2.12,3.0,4.12,0.5,2.88,3.12,3.12,2.12,3.12,0.5,3.0,3.0,3.5,1.88,3.25,0.75,0.75,2.38,2.25,2.38,1.25,1.75,3.0,2.38,2.88,2.62,3.38,2.5,3.0,2.38,1.12,0.3,2.67,2.03,0.0,2.14,-0.22,-0.34,0.11,-0.18,0.72,0.39,-0.41,-0.1,1.02,0.44,0.59,0.03,-0.32,0.86,-0.59,3.64,4.49,3.77,4.61,2.86,4.07,4.05,2.75,2.12,3.38,2.38,0.25,2.38,2.75,1.38,1.75,1.88,2.0,3.62,1.38,3.62,2.12,0.5,3.25,3.0,2.0,2.12,2.25,2.25,1.12,2.62,2.88
51-5111.00,Prepress Technicians and Workers,0.109375,3,26.2,-14.6,2.8,25.081256771397616,False,0.34073672806067173,0.028169014084507043,0.1844528710725894,5,0,0.0,True,Nicht hoch GPT-exponiert,3.0,2.12,3.12,3.0,3.0,1.88,0.0,0.5,0.0,0.5,2.75,2.75,2.88,2.88,0.0,0.0,0.0,1.88,3.0,3.0,2.75,2.0,2.0,1.25,4.0,0.0,1.75,3.12,3.12,3.0,2.88,0.0,3.12,1.62,1.38,0.88,2.88,0.0,0.0,2.88,2.88,1.5,0.0,0.0,0.75,2.12,0.88,3.12,3.25,1.75,3.0,3.0,0.7,0.76,3.0,1.23,0.73,2.3,-0.14,-0.28,0.05,0.28,0.31,0.65,-0.68,-0.1,0.88,0.43,0.59,0.1,-0.12,0.22,-0.4,4.1,4.69,3.95,4.64,3.22,3.64,4.92,2.88,2.88,1.88,1.75,0.0,2.5,2.88,0.5,0.88,2.25,2.12,2.12,1.5,3.0,2.38,0.88,2.38,1.75,2.62,2.75,2.25,2.25,1.0,2.75,2.12
51-5112.00,Printing Press Operators,0.125,2,150.2,-8.1,13.7,27.627302275189596,False,0.6798483206933911,0.07583965330444203,0.3778439869989165,5,0,0.0,True,Nicht hoch GPT-exponiert,3.12,2.5,3.0,3.88,3.12,2.75,0.12,1.5,0.5,3.0,2.88,3.5,2.88,2.62,0.25,2.12,1.75,2.5,3.0,3.12,3.12,2.0,2.0,3.12,4.12,0.0,2.0,3.38,3.12,2.38,3.0,0.25,3.12,2.88,2.88,2.38,3.12,0.25,0.62,3.0,3.0,2.12,1.62,2.0,3.0,2.25,2.75,3.12,3.12,2.12,3.0,3.0,1.12,0.69,2.67,1.96,0.53,2.27,-0.14,-0.28,0.26,-0.24,0.64,0.43,-0.4,-0.02,1.07,0.58,0.61,0.09,-0.09,1.02,-0.55,4.02,4.6,4.14,4.7,2.98,3.82,4.8,2.88,3.0,3.12,2.5,0.12,2.75,2.88,0.75,1.88,2.0,2.0,3.25,0.75,3.62,2.38,0.62,3.25,3.12,2.62,2.75,2.12,2.12,0.75,3.0,3.12
51-5113.00,Print Binding and Finishing Workers,0.0641025641025641,2,35.8,-16.1,2.8,16.57638136511376,False,0.34073672806067173,0.02275189599133261,0.18174431202600216,5,0,0.0,True,Nicht hoch GPT-exponiert,3.25,2.75,3.0,3.25,2.88,2.25,1.0,2.25,1.88,2.62,2.88,3.25,3.12,2.5,1.25,2.12,1.75,2.75,2.88,3.25,3.12,1.75,2.12,2.75,3.62,1.25,2.12,3.5,3.38,2.38,3.12,1.38,3.0,2.5,3.25,2.25,2.88,1.75,1.62,2.75,2.75,2.25,0.75,2.62,2.75,2.75,3.0,2.88,3.38,2.0,2.88,2.75,0.71,0.28,2.77,1.56,0.51,2.16,-0.12,-0.3,0.31,-0.5,0.64,-0.11,-0.32,-0.02,0.75,0.35,0.53,0.05,-0.16,0.55,-0.69,3.57,4.7,3.42,4.31,3.21,4.19,3.87,2.88,2.75,3.12,2.25,1.5,2.75,2.75,0.75,0.75,2.5,1.88,3.12,0.5,3.12,2.25,0.88,2.88,2.75,2.25,2.62,2.12,2.38,1.0,2.62,2.75
51-6011.00,Laundry and Dry-Cleaning Workers,0.05,2,202.6,5.4,31.9,14.030335861321777,False,0.8331527627302275,0.7589382448537378,0.7960455037919827,5,1,0.2,True,Nicht hoch GPT-exponiert,2.88,2.0,2.62,3.12,2.75,1.38,0.38,2.12,1.12,2.38,2.25,3.0,2.25,2.0,0.0,2.0,1.62,2.0,2.5,2.38,2.62,1.12,1.5,2.25,3.12,0.0,1.12,2.88,3.0,2.0,2.12,0.0,2.62,2.12,2.12,1.38,2.38,0.0,0.0,2.5,2.25,1.75,0.62,2.12,2.12,2.0,3.0,2.25,2.0,1.0,2.25,2.0,0.28,-0.07,1.71,1.17,0.62,2.16,-0.09,-0.32,0.07,-0.47,0.72,-0.34,-0.68,-0.01,0.34,-0.1,-0.05,-0.03,-0.16,0.46,-0.48,3.23,3.85,2.92,3.93,3.12,4.13,3.91,2.25,2.25,1.25,1.12,0.0,2.12,2.12,1.0,1.0,2.0,2.12,2.12,0.88,2.5,2.12,0.0,2.0,1.25,2.38,2.25,1.62,1.5,0.0,2.38,2.25
51-6021.00,"Pressers, Textile, Garment, and Related Materials",0.0208333333333333,2,28.4,-13.5,2.8,7.421451787648971,False,0.34073672806067173,0.03629469122426869,0.18851570964247022,5,0,0.0,True,Nicht hoch GPT-exponiert,3.38,2.12,2.25,3.12,2.12,2.38,0.75,2.25,0.88,2.88,2.38,3.12,2.38,1.38,0.0,2.0,1.12,1.75,2.12,2.12,3.0,0.62,0.88,3.12,3.0,0.0,0.62,2.0,2.0,1.25,2.25,0.0,2.12,2.62,3.0,2.0,2.25,0.0,0.0,1.75,2.0,0.88,1.75,2.25,2.25,0.62,2.88,2.25,2.0,2.0,1.75,1.25,0.32,-0.03,2.14,1.11,-0.01,1.8,-0.14,-0.36,0.01,-0.68,0.6,-0.3,-0.71,-0.07,0.55,0.03,0.14,0.03,-0.34,0.52,-0.61,3.43,4.08,2.69,4.07,2.4,3.68,3.94,1.75,1.75,1.38,1.12,0.25,0.38,2.12,0.5,0.5,0.75,1.12,2.25,0.5,2.12,1.25,0.0,1.88,1.0,1.5,1.75,0.88,1.25,0.5,2.0,1.75
51-6031.00,Sewing Machine Operators,0.0232558139534883,2,124.0,-10.8,13.0,8.017334777898158,False,0.6587215601300108,0.05471289274106175,0.35671722643553627,5,0,0.0,True,Nicht hoch GPT-exponiert,3.75,2.12,2.88,3.25,2.75,2.75,0.12,2.0,0.5,2.25,2.75,3.25,2.62,1.38,0.0,1.62,1.0,2.12,2.12,2.62,3.25,1.62,1.0,3.0,3.38,0.0,1.62,2.38,2.5,1.25,2.62,0.0,2.75,3.0,3.0,2.25,2.5,0.0,0.12,1.75,2.12,2.0,0.88,1.62,2.12,2.12,2.12,2.88,3.0,2.12,2.5,1.88,0.46,-0.09,2.34,1.56,0.47,2.22,-0.13,-0.34,-0.01,-0.45,0.44,-0.22,-0.58,0.01,0.79,0.17,0.41,0.04,-0.21,0.56,-0.84,3.55,3.52,3.0,3.98,3.49,4.44,3.76,2.12,1.75,1.25,0.75,0.0,1.88,2.0,0.88,0.75,1.5,1.5,2.25,0.62,2.12,1.5,0.0,2.62,1.0,1.5,1.88,1.62,1.12,0.0,2.12,2.0
51-6041.00,Shoe and Leather Workers and Repairers,0.0588235294117647,2,9.5,-3.8,0.9,15.492957746478872,False,0.13488624052004333,0.14355362946912242,0.13921993499458288,5,0,0.0,True,Nicht hoch GPT-exponiert,3.88,2.12,3.0,3.12,2.88,2.12,0.12,1.88,1.62,2.25,2.25,3.12,2.12,1.5,0.38,1.12,1.25,2.25,2.38,3.0,3.12,1.38,0.88,2.5,3.25,0.5,1.38,3.0,2.75,1.5,2.0,0.38,2.75,2.12,2.38,1.5,2.5,0.62,0.5,2.5,2.5,1.62,0.38,1.75,2.12,2.0,2.25,2.88,3.0,1.88,2.75,2.12,0.97,0.21,2.32,1.47,0.12,1.98,-0.12,-0.2,0.51,0.75,0.74,0.17,-0.38,0.15,1.05,0.41,0.51,0.17,-0.3,0.4,-0.23,4.25,4.72,4.33,4.19,2.96,4.29,4.03,2.12,2.12,0.75,1.62,0.0,2.12,2.38,0.75,1.12,1.88,1.5,2.0,0.75,2.12,2.12,0.0,2.25,0.88,2.25,2.25,1.25,0.88,0.38,2.38,1.88
51-6042.00,Shoe Machine Operators and Tenders,0.0217391304347826,2,4.1,-3.7,0.4,7.638136511375948,False,0.05579631635969664,0.14680390032502708,0.10130010834236186,5,0,0.0,True,Nicht hoch GPT-exponiert,3.38,2.0,3.0,3.12,2.75,2.62,0.12,2.0,0.5,3.0,3.0,3.25,2.75,2.0,0.75,1.5,1.5,2.62,2.75,3.0,3.0,1.88,1.38,2.88,3.75,0.25,2.0,2.88,3.0,1.88,3.0,0.25,2.88,2.88,3.0,2.12,3.0,0.38,0.5,2.75,2.25,1.75,0.12,2.0,2.12,2.0,3.0,2.25,2.88,2.12,2.88,2.0,0.56,0.0,2.34,1.56,0.27,2.06,-0.22,-0.34,-0.02,-0.43,0.55,-0.28,-0.61,-0.18,0.57,0.13,0.28,0.04,-0.21,0.41,-0.69,4.23,4.21,3.52,4.41,3.28,4.85,3.89,2.5,2.0,2.88,2.38,0.0,1.5,2.25,0.88,0.88,1.88,1.38,3.0,0.88,3.0,2.0,0.38,2.75,2.0,1.5,2.0,1.88,2.0,0.38,2.62,2.75
51-6051.00,"Sewers, Hand",0.0416666666666666,2,5.4,-7.0,0.7,12.459371614301192,False,0.10184182015167931,0.08450704225352113,0.09317443120260022,5,0,0.0,True,Nicht hoch GPT-exponiert,4.12,2.12,3.0,3.25,2.25,2.62,0.25,0.5,0.12,0.75,2.75,4.12,2.12,2.12,0.0,0.0,0.25,1.75,2.25,3.0,3.88,1.75,2.0,2.88,3.75,0.0,2.0,2.38,2.25,2.25,2.5,0.0,2.5,1.88,1.88,1.62,2.75,0.0,0.38,1.88,2.38,2.0,0.0,0.12,1.88,1.88,1.25,3.0,3.25,2.38,2.0,1.88,0.66,-0.04,2.67,1.41,0.12,2.11,-0.13,-0.28,-0.04,-0.08,0.49,-0.23,-0.63,-0.07,0.86,0.37,0.41,0.04,-0.39,0.33,-0.84,3.36,4.47,2.88,4.75,2.85,4.3,3.21,2.12,1.88,0.0,0.38,0.0,2.0,2.25,0.5,1.5,1.75,1.62,2.12,1.5,1.88,1.5,0.12,2.0,0.0,2.0,1.88,1.88,1.25,0.38,2.38,1.38
51-6052.00,"Tailors, Dressmakers, and Custom Sewers",0.0681818181818181,2,38.8,-4.5,5.0,17.6056338028169,False,0.46316359696641385,0.13380281690140844,0.29848320693391117,5,0,0.0,True,Nicht hoch GPT-exponiert,3.88,1.75,3.0,3.25,2.88,1.62,0.0,1.38,0.5,2.12,2.0,3.88,2.75,3.0,0.0,0.75,0.5,1.75,2.75,3.12,3.25,1.62,2.0,2.75,3.75,0.0,1.75,3.62,3.0,3.0,2.12,0.0,2.88,2.25,2.25,1.38,2.38,0.0,0.12,2.38,2.88,2.12,0.0,1.0,1.5,2.0,1.88,2.88,3.38,1.75,2.88,2.62,1.07,0.57,2.63,1.56,0.8,2.16,0.67,0.5,0.83,1.12,0.87,0.45,-0.4,0.43,1.18,1.05,0.7,0.78,0.79,0.53,0.06,3.8,3.74,4.4,4.53,3.58,3.58,4.53,2.62,2.5,1.5,1.88,0.0,1.88,2.75,0.75,0.88,2.0,2.12,2.38,2.12,2.12,2.0,0.0,2.12,1.25,2.75,2.88,1.25,1.25,1.0,2.88,1.38
51-6061.00,Textile Bleaching and Dyeing Machine Operators and Tenders,0.1184210526315789,2,6.2,-10.1,0.7,26.435536294691225,False,0.10184182015167931,0.06067172264355363,0.08125677139761647,5,0,0.0,True,Nicht hoch GPT-exponiert,3.25,2.25,3.0,3.38,2.88,2.12,0.25,2.0,1.12,2.88,2.62,3.0,3.0,2.0,0.88,2.0,1.75,2.25,2.62,3.0,3.12,2.12,1.75,3.0,3.12,0.62,2.0,3.0,3.0,2.0,3.12,0.62,3.0,3.0,3.25,2.12,3.0,0.62,1.0,2.5,2.62,2.0,1.62,2.25,2.88,2.38,3.0,3.0,3.0,2.0,2.75,2.0,0.62,0.5,2.11,1.99,0.45,2.14,-0.12,-0.28,0.25,-0.5,0.64,-0.03,-0.45,-0.07,0.73,0.29,0.68,0.08,-0.05,0.9,-0.73,4.17,4.58,3.76,4.19,3.31,3.31,3.82,2.12,2.5,2.0,1.88,0.88,2.12,2.25,0.62,0.75,2.0,1.88,3.25,1.12,3.75,1.88,0.5,3.0,2.12,1.75,2.25,2.0,2.0,0.62,2.38,2.25
51-6062.00,"Textile Cutting Machine Setters, Operators, and Tenders",0.1428571428571428,2,9.3,-11.7,1.0,30.715059588299027,False,0.1495124593716143,0.04658721560130011,0.09804983748645721,5,0,0.0,True,Nicht hoch GPT-exponiert,3.75,3.0,3.0,3.38,3.0,3.0,0.62,2.25,0.88,3.12,3.0,3.12,3.0,2.0,0.88,2.0,1.75,2.75,2.62,3.0,3.0,1.88,2.0,3.0,3.25,0.5,2.0,3.0,3.0,2.0,3.0,1.38,3.0,3.0,3.62,3.0,3.12,1.88,1.0,2.88,2.75,2.12,1.75,2.38,3.0,2.12,3.0,2.88,3.5,2.12,2.75,2.0,0.7,0.25,1.67,2.17,0.45,2.11,-0.16,-0.16,0.17,-0.43,0.7,-0.11,-0.41,-0.13,0.75,0.37,0.51,0.05,-0.16,0.88,-0.79,3.35,4.7,3.07,4.36,3.16,3.39,3.88,2.62,2.75,3.25,2.12,1.25,2.62,2.62,0.75,1.12,2.12,1.62,3.75,1.25,3.75,1.62,0.75,3.12,3.0,1.62,1.88,2.25,2.12,0.75,2.75,3.0
51-6063.00,"Textile Knitting and Weaving Machine Setters, Operators, and Tenders",0.125,2,15.3,-11.2,1.7,27.627302275189596,False,0.23672806067172264,0.05037919826652221,0.14355362946912242,5,0,0.0,True,Nicht hoch GPT-exponiert,3.62,2.88,2.75,3.5,2.62,2.0,0.25,1.62,0.5,2.88,2.25,3.5,2.38,1.5,0.25,2.0,1.0,2.38,2.38,2.62,3.12,1.0,1.12,3.12,3.0,0.0,1.0,3.12,3.0,1.5,2.88,0.0,3.0,2.25,2.88,2.12,3.0,0.38,0.12,2.5,2.5,1.5,1.0,2.38,2.5,2.12,3.0,2.88,3.0,2.12,2.5,2.12,0.57,0.42,2.14,1.96,0.45,2.06,-0.14,-0.16,0.16,-0.41,0.64,-0.05,-0.43,-0.1,0.79,0.29,0.46,0.05,-0.14,0.8,-0.52,3.75,4.25,3.79,3.98,3.33,3.5,4.06,2.12,2.25,2.25,2.0,1.0,2.0,2.12,0.5,0.62,1.75,0.88,3.0,1.38,3.12,1.38,0.25,2.62,2.0,1.62,2.0,1.25,1.0,0.25,2.25,2.0
51-6064.00,"Textile Winding, Twisting, and Drawing Out Machine Setters, Operators, and Tenders",0.0714285714285714,2,21.7,-9.0,2.5,18.201516793066087,False,0.3120260021668472,0.06663055254604551,0.18932827735644636,5,0,0.0,True,Nicht hoch GPT-exponiert,4.0,3.0,2.88,3.5,2.62,2.75,0.75,2.38,1.0,3.25,3.0,3.75,2.88,2.0,0.38,2.88,1.88,2.75,2.38,2.88,3.38,1.88,1.88,3.12,3.38,0.0,2.0,2.75,2.75,2.0,3.12,0.38,3.0,3.12,3.62,2.62,3.12,0.12,0.5,2.5,2.75,2.38,2.0,2.75,3.0,2.12,3.0,3.12,2.88,3.0,2.38,2.0,0.5,0.16,2.02,1.96,0.47,2.11,-0.17,-0.32,0.01,-0.3,0.55,-0.12,-0.52,-0.13,0.66,0.34,0.41,0.04,-0.25,0.46,-0.67,3.67,3.8,3.07,3.87,3.54,4.11,3.27,2.0,2.5,2.5,2.0,1.0,2.5,2.38,0.75,1.0,2.0,1.62,3.88,1.38,3.88,1.62,0.0,3.0,2.75,2.0,2.0,2.12,2.12,0.5,2.12,2.62
51-6091.00,"Extruding and Forming Machine Setters, Operators, and Tenders, Synthetic and Glass Fibers",0.0862068965517241,2,15.2,-1.1,2.0,21.72264355362947,False,0.2638136511375948,0.223726977248104,0.2437703141928494,5,0,0.0,True,Nicht hoch GPT-exponiert,3.12,3.25,3.0,3.12,3.12,2.62,0.12,2.25,1.0,2.88,2.62,3.12,3.0,2.12,1.25,2.0,1.88,2.75,3.0,3.12,3.25,2.0,2.0,3.12,3.25,1.0,2.12,3.5,3.0,2.12,3.12,1.25,3.12,3.0,3.5,2.88,3.5,1.62,1.5,2.88,2.75,1.88,1.75,1.88,3.0,2.88,3.0,2.5,3.0,2.5,3.0,3.0,0.66,0.4,2.02,1.99,0.51,2.14,-0.16,-0.4,0.02,-0.59,0.56,-0.03,-0.11,-0.14,0.84,0.44,0.75,0.04,-0.43,0.93,-0.63,4.45,4.92,3.67,4.04,3.19,3.01,3.88,2.75,3.0,2.5,2.25,0.0,2.38,2.88,0.75,1.0,2.12,2.12,3.25,1.5,3.88,2.12,0.25,2.75,2.62,2.12,2.62,1.75,2.0,0.62,2.88,2.75
51-6092.00,Fabric and Apparel Patternmakers,0.1875,3,2.8,-10.2,0.3,36.13217768147345,False,0.03791982665222102,0.059588299024918745,0.04875406283856988,5,0,0.0,True,Nicht hoch GPT-exponiert,3.5,2.12,3.75,3.0,3.62,2.25,0.0,2.12,0.25,1.75,3.0,3.12,3.12,3.62,0.0,1.62,1.25,2.12,3.25,3.75,2.88,3.0,2.5,2.38,3.88,0.0,3.0,3.62,3.75,3.88,3.12,0.0,3.38,1.62,1.75,1.38,3.12,0.0,0.0,3.12,3.0,2.5,0.12,1.5,2.0,2.88,2.12,3.12,4.25,2.38,3.0,3.0,1.3,0.94,2.77,1.66,0.8,2.25,-0.06,-0.14,0.69,1.47,0.64,0.89,-0.34,-0.01,1.18,0.87,0.44,0.06,-0.12,0.44,-0.38,4.52,4.78,4.27,4.72,2.97,3.64,4.07,3.0,2.88,0.12,0.62,0.0,3.0,3.0,1.62,1.88,2.12,2.62,2.5,2.75,2.88,2.62,1.25,3.12,0.38,2.75,2.88,2.75,2.38,1.5,3.0,2.12
51-6093.00,Upholsterers,0.088235294117647,2,22.7,-1.8,2.2,22.21018418201517,False,0.2833152762730228,0.19609967497291442,0.2397074756229686,5,0,0.0,True,Nicht hoch GPT-exponiert,4.12,2.12,3.0,3.62,3.0,2.88,0.38,2.62,1.75,3.0,2.88,4.0,2.88,2.88,1.5,2.62,2.0,2.12,2.88,3.12,3.88,2.25,2.0,3.75,4.0,1.12,2.25,3.0,3.0,3.0,2.75,1.38,3.0,2.62,2.62,2.38,3.0,1.38,1.75,2.88,2.88,2.0,1.38,1.88,3.5,2.62,3.12,3.88,3.88,1.88,3.0,2.12,0.8,0.38,2.22,1.11,0.04,1.98,-0.09,-0.34,0.43,0.67,0.78,0.33,-0.61,-0.06,1.07,0.58,0.33,0.1,-0.14,0.41,-0.3,3.65,3.79,3.21,4.33,3.46,4.14,3.86,3.0,2.75,1.88,2.12,0.38,2.62,2.88,1.5,1.75,2.25,2.25,2.62,1.75,2.88,2.5,0.0,2.75,1.88,2.88,2.5,2.0,2.0,1.38,3.0,2.0
51-7011.00,Cabinetmakers and Bench Carpenters,0.0441176470588235,2,86.0,-1.6,8.1,13.326110509209101,False,0.5601300108342362,0.20693391115926327,0.38353196099674974,5,0,0.0,True,Nicht hoch GPT-exponiert,3.62,3.12,2.88,3.62,2.88,2.75,0.25,2.88,1.25,3.25,3.12,3.88,2.75,2.75,1.12,2.88,1.62,2.5,2.88,3.38,3.75,2.25,1.88,3.25,3.62,1.0,2.25,3.38,3.12,2.75,2.88,0.75,2.88,2.88,3.5,2.62,3.12,1.12,1.38,2.75,2.88,2.5,2.25,2.88,3.5,2.25,3.25,3.12,3.88,2.38,3.12,2.25,1.27,0.23,2.57,1.76,0.13,2.14,-0.13,-0.2,0.43,0.82,0.94,0.49,-0.36,0.04,1.37,0.5,0.7,0.08,-0.23,0.62,-0.38,4.03,4.88,3.64,4.11,3.21,3.48,4.11,2.75,2.5,2.88,2.88,0.62,2.25,2.88,1.25,1.5,2.38,2.0,2.88,2.88,3.12,2.25,0.75,3.38,2.5,2.0,2.38,2.0,2.0,1.5,3.0,2.88
51-7021.00,Furniture Finishers,0.0714285714285714,2,20.5,-3.3,2.0,18.201516793066087,False,0.2638136511375948,0.1560130010834236,0.20991332611050922,5,1,0.2,True,Nicht hoch GPT-exponiert,3.12,2.88,3.12,3.25,3.0,2.5,0.38,2.88,1.12,3.0,3.0,3.25,3.12,2.88,0.88,2.25,2.0,2.12,3.0,3.12,3.75,1.5,2.0,3.12,4.12,0.38,2.0,3.12,3.12,2.88,2.88,0.75,2.88,2.25,2.38,1.88,3.12,0.5,0.5,2.38,2.75,2.12,2.25,2.75,3.12,2.38,3.12,3.75,3.88,2.5,3.0,2.25,0.95,0.21,2.5,1.38,0.17,2.01,-0.14,-0.3,0.38,0.92,0.78,0.47,-0.32,-0.01,1.18,0.48,0.57,0.07,-0.37,0.55,-0.21,3.3,3.88,3.81,4.22,3.17,3.63,3.82,2.75,2.75,2.0,2.25,0.0,2.62,2.75,1.25,1.88,2.62,2.12,2.62,2.0,3.0,2.0,0.12,2.88,2.12,2.62,2.62,2.0,2.0,0.75,2.88,2.25
51-7031.00,"Model Makers, Wood",0.1538461538461538,3,0.9,-4.5,0.1,32.231852654387865,False,0.011375947995666305,0.13380281690140844,0.07258938244853737,5,0,0.0,True,Nicht hoch GPT-exponiert,3.75,2.5,3.0,3.5,3.0,2.38,0.0,2.0,0.88,2.75,2.75,3.75,3.0,3.0,0.62,2.0,1.88,2.12,3.0,3.12,3.25,2.38,2.0,3.0,3.62,0.5,2.38,3.62,3.12,3.0,2.88,0.88,3.0,2.38,3.25,2.25,3.25,0.62,1.12,2.88,2.88,2.0,1.0,1.88,2.25,2.62,2.75,2.75,3.88,2.12,3.12,2.88,1.32,0.64,2.67,1.69,0.41,2.16,-0.16,-0.2,0.59,1.15,0.8,0.81,-0.32,0.09,1.34,0.89,0.59,0.11,-0.21,0.44,0.06,3.77,4.21,3.32,4.24,2.98,2.61,4.16,2.88,2.75,1.38,1.38,0.25,2.0,2.75,0.38,0.75,2.0,1.5,3.0,2.88,3.0,2.0,0.0,2.75,1.25,2.25,2.38,2.12,1.75,0.88,2.75,2.0
51-7032.00,"Patternmakers, Wood",0.282051282051282,3,0.5,-5.0,0.0,47.29144095341278,False,0.0027085590465872156,0.1218851570964247,0.06229685807150596,5,0,0.0,True,Nicht hoch GPT-exponiert,3.88,3.12,3.12,4.0,3.0,3.0,0.25,2.0,0.62,2.88,3.0,3.62,2.75,2.25,0.75,2.0,1.12,2.12,3.0,3.12,4.0,2.62,2.0,3.12,3.88,0.62,2.75,3.62,3.12,2.5,3.0,1.38,3.0,2.75,3.75,3.0,3.12,1.25,1.25,2.88,3.0,2.12,2.5,2.12,3.12,2.5,3.0,2.88,3.88,2.62,3.0,2.5,1.32,0.19,2.67,1.93,0.13,2.19,-0.16,-0.3,0.47,0.79,0.82,0.62,-0.32,-0.11,1.07,0.75,0.29,0.04,-0.23,0.44,-0.38,4.2,4.4,4.33,4.7,3.62,2.92,4.14,3.0,2.25,2.38,2.75,0.12,2.12,2.88,1.88,2.0,2.0,1.5,3.0,3.0,3.0,1.75,0.62,3.12,2.25,1.88,2.62,2.12,2.0,1.5,2.62,2.25
51-7041.00,"Sawing Machine Setters, Operators, and Tenders, Wood",0.0147058823529411,2,45.0,-0.6,4.8,6.825568797399784,False,0.45449620801733476,0.24485373781148428,0.3496749729144095,5,0,0.0,True,Nicht hoch GPT-exponiert,3.12,2.75,2.62,3.5,2.75,3.0,0.38,2.12,0.38,2.75,2.88,3.12,2.75,1.75,0.75,1.88,1.25,2.25,2.88,2.88,3.0,1.75,1.75,3.12,3.12,0.75,1.75,3.0,2.88,1.75,2.88,1.12,2.88,2.75,3.25,2.5,3.12,0.75,0.88,2.5,2.38,1.75,2.0,3.0,2.88,1.88,3.12,2.38,3.12,2.0,2.75,1.88,0.7,0.12,2.34,1.96,0.28,2.11,-0.14,-0.32,0.1,-0.5,0.72,-0.1,-0.34,-0.07,0.77,0.48,0.66,0.05,-0.32,1.16,-0.67,3.94,4.3,4.21,4.6,3.28,3.85,4.18,2.25,2.5,2.62,1.88,0.5,2.12,2.38,0.5,0.75,1.5,1.62,3.0,1.38,3.12,1.62,0.12,2.88,2.5,1.62,2.25,1.75,1.5,0.38,2.38,2.62
51-7042.00,"Woodworking Machine Setters, Operators, and Tenders, Except Sawing",0.0326086956521739,2,63.1,-1.8,6.4,10.292524377031418,False,0.5173347778981582,0.19609967497291442,0.35671722643553627,5,0,0.0,True,Nicht hoch GPT-exponiert,3.12,3.38,2.88,3.62,2.88,3.0,0.75,2.88,1.12,3.0,3.0,3.25,2.88,2.0,0.5,2.25,1.62,2.5,2.75,2.88,3.25,1.88,1.88,3.12,3.5,0.38,2.0,3.5,3.0,2.0,3.0,1.25,2.88,2.88,3.88,2.62,3.62,1.0,1.12,2.62,2.75,2.5,2.38,2.12,3.12,2.62,3.12,2.5,3.75,2.62,2.88,1.75,0.87,0.53,2.53,1.89,0.35,2.16,-0.2,-0.28,0.26,-0.26,0.76,0.39,-0.45,-0.07,0.75,0.5,0.75,0.04,-0.18,0.82,-0.69,3.64,4.85,3.75,4.4,3.05,4.34,3.96,2.5,2.0,3.0,2.5,1.25,1.75,2.12,0.62,1.12,1.5,1.38,3.25,1.62,3.5,1.75,1.12,3.0,3.0,1.38,2.0,0.88,1.62,1.38,2.12,3.0
51-8011.00,Nuclear Power Reactor Operators,0.1212121212121212,3,5.7,-15.3,0.4,26.543878656554714,False,0.05579631635969664,0.024918743228602384,0.04035752979414951,5,0,0.0,True,Nicht hoch GPT-exponiert,2.88,3.0,3.25,2.88,3.88,2.12,0.0,0.0,0.0,0.0,3.12,2.75,3.25,3.0,0.75,0.12,0.12,2.88,3.88,4.0,2.0,3.12,2.88,2.0,3.75,0.0,3.0,4.0,4.0,3.0,4.0,0.12,4.12,2.12,2.88,2.5,3.38,0.0,0.12,3.12,3.12,3.0,0.0,0.0,0.0,3.0,1.75,3.0,2.88,2.0,4.0,3.88,2.21,1.41,3.0,3.0,1.6,2.93,0.02,0.58,0.45,-0.41,2.93,1.97,0.19,0.13,2.19,1.54,2.63,1.21,-0.12,2.67,-0.2,4.69,5.0,3.03,4.91,3.9,2.44,4.28,3.25,3.25,0.12,0.0,0.0,3.0,3.38,1.25,1.25,3.0,2.75,3.75,0.5,3.88,2.88,1.25,3.25,0.38,2.88,3.12,3.0,2.88,0.5,3.38,3.12
51-8012.00,Power Distributors and Dispatchers,0.2499999999999999,3,9.3,-3.2,0.8,42.4160346695558,False,0.11755146262188516,0.15872156013001085,0.138136511375948,5,0,0.0,True,Nicht hoch GPT-exponiert,2.0,2.12,3.0,2.38,3.88,2.0,0.0,0.38,0.0,0.38,3.0,2.12,3.0,3.0,0.38,0.0,0.62,2.0,3.88,3.5,1.75,2.88,2.0,1.0,3.62,0.25,2.88,4.0,4.0,2.75,3.38,0.12,4.0,0.75,1.62,1.25,3.0,0.12,0.75,3.12,3.0,2.75,0.38,0.38,0.25,2.62,1.5,2.75,3.0,0.75,3.62,3.62,1.58,2.09,2.53,2.74,1.67,2.65,0.04,-0.16,1.02,-0.08,2.32,1.08,1.61,0.34,1.77,1.7,2.3,0.65,0.81,2.55,0.97,4.61,4.44,4.3,4.6,3.78,3.3,3.94,3.25,3.25,1.5,0.75,0.12,2.88,3.25,0.62,1.0,3.0,2.62,3.12,2.12,3.38,2.62,0.38,2.88,1.5,2.88,2.62,2.88,2.88,0.62,3.0,2.25
51-8013.00,Power Plant Operators,0.1111111111111111,2,31.6,-11.2,2.5,25.568797399783318,False,0.3120260021668472,0.05037919826652221,0.18120260021668472,5,0,0.0,True,Nicht hoch GPT-exponiert,3.0,3.0,3.0,3.0,3.62,2.5,0.0,1.88,1.0,2.75,3.0,3.0,3.0,2.75,1.5,2.0,2.0,3.0,3.25,3.38,3.0,2.0,2.12,2.88,4.0,1.25,2.12,3.88,3.75,2.75,3.88,1.0,3.88,2.75,3.12,2.88,3.62,2.0,1.88,3.0,2.88,2.12,1.5,2.12,2.0,3.0,2.38,2.88,3.0,2.0,3.0,3.0,1.42,1.19,2.67,2.74,1.11,2.65,-0.1,-0.08,0.59,-0.37,2.03,0.74,-0.07,0.02,1.7,1.18,2.14,0.24,-0.07,2.24,-0.46,4.56,4.64,4.13,4.07,3.79,2.96,3.6,3.0,3.0,3.0,2.12,0.62,2.5,3.12,1.12,1.12,2.38,2.0,4.0,0.88,4.0,2.12,0.88,3.12,3.12,2.62,2.88,2.5,2.25,0.75,2.88,3.12
51-8021.00,Stationary Engineers and Boiler Operators,0.1046511627906976,3,33.3,2.2,3.8,24.48537378114843,False,0.3916576381365114,0.43066088840736727,0.4111592632719393,5,0,0.0,True,Nicht hoch GPT-exponiert,3.0,3.25,3.12,3.12,3.12,2.5,0.0,1.88,1.12,2.88,3.0,3.12,2.88,2.5,1.75,2.0,2.0,2.75,3.12,3.12,3.12,2.12,2.12,3.0,3.62,0.5,2.12,3.62,3.5,2.25,3.75,1.5,3.38,2.25,3.12,2.38,3.25,1.88,1.62,2.88,2.88,2.25,1.25,1.88,2.75,2.62,2.5,2.88,2.88,2.0,3.12,3.12,1.18,0.94,2.57,2.62,0.71,2.65,-0.1,-0.14,0.74,-0.24,1.82,0.89,0.12,0.11,1.64,1.02,1.25,0.27,-0.14,1.67,-0.27,4.73,4.64,4.21,4.25,3.41,2.71,3.74,3.12,3.12,3.25,2.38,1.88,2.88,3.0,0.5,1.12,2.38,2.25,3.25,1.12,3.88,2.0,0.38,3.25,3.5,2.0,2.25,3.12,3.12,0.5,3.0,3.25
51-8031.00,Water and Wastewater Treatment Plant and System Operators,0.125,2,132.4,-6.5,10.7,27.627302275189596,False,0.6273022751895991,0.09154929577464789,0.3594257854821235,5,0,0.0,True,Nicht hoch GPT-exponiert,3.0,2.5,3.0,3.0,3.0,2.88,0.0,2.0,0.75,2.88,3.0,2.88,3.0,2.88,1.5,2.0,2.0,2.12,3.0,3.0,3.0,2.75,2.0,3.0,3.62,0.88,2.88,3.88,3.75,2.38,3.0,1.25,3.75,2.12,3.0,2.88,3.0,1.12,2.0,3.0,3.0,2.12,1.0,1.88,2.12,2.75,2.88,3.12,3.0,2.0,3.5,3.0,1.23,1.05,2.63,2.62,1.41,2.62,-0.01,0.32,0.72,0.02,1.92,0.87,0.95,0.2,1.37,1.02,1.37,0.57,0.0,1.61,0.22,4.0,4.81,4.12,4.04,3.7,2.5,4.0,3.0,3.0,3.12,2.62,0.12,2.88,3.0,0.62,1.0,2.0,1.88,3.38,0.62,4.12,2.0,0.62,3.12,3.0,2.12,2.75,2.88,3.0,0.5,3.0,3.0
51-8091.00,Chemical Plant and System Operators,0.1515151515151515,2,18.1,-6.1,1.6,31.906825568797398,False,0.2258938244853738,0.09913326110509209,0.16251354279523295,5,1,0.2,True,Nicht hoch GPT-exponiert,3.12,3.38,3.0,3.75,3.75,2.12,0.0,2.12,1.0,2.75,3.5,3.12,3.0,2.12,1.75,2.0,2.25,2.75,3.62,3.62,3.0,2.62,2.62,2.88,3.75,0.62,2.88,3.75,3.88,2.12,3.62,0.75,3.75,2.75,3.5,2.12,3.75,1.0,1.12,3.12,3.12,3.0,1.25,1.88,2.5,2.88,2.75,2.75,2.88,2.25,3.62,3.0,1.63,1.38,2.57,2.74,1.03,2.65,-0.02,0.47,0.83,-0.24,2.13,0.84,-0.09,0.11,1.83,1.15,2.06,0.49,-0.07,2.17,0.38,4.36,4.99,4.2,4.46,3.55,2.99,4.11,3.12,2.75,2.75,2.0,0.0,2.62,3.0,1.12,1.38,2.75,2.12,3.88,2.0,4.5,2.12,1.0,3.5,2.75,2.12,2.62,2.5,2.75,0.0,3.0,2.62
51-8092.00,Gas Plant Operators,0.078125,2,16.2,-8.8,1.3,19.989165763813652,False,0.19393282773564463,0.06933911159263272,0.13163596966413868,5,0,0.0,True,Nicht hoch GPT-exponiert,3.0,3.75,2.88,3.5,3.5,2.5,0.0,1.88,0.75,2.62,3.38,3.0,3.75,2.5,2.12,2.0,2.0,3.0,3.25,3.25,2.88,2.38,2.25,3.0,3.38,1.5,2.75,3.75,3.62,2.75,3.88,1.75,3.75,2.75,3.75,2.88,3.38,1.75,1.88,3.0,3.0,2.75,1.25,1.88,2.12,2.88,2.5,3.0,3.12,2.12,3.5,3.0,1.16,1.17,2.57,2.74,1.17,2.65,-0.06,0.03,0.49,-0.41,2.13,0.56,0.1,0.24,1.7,1.13,2.02,0.23,-0.23,1.96,-0.09,4.2,4.49,4.2,4.52,3.17,2.77,3.6,3.0,3.12,3.0,2.38,0.0,2.75,3.0,1.12,1.25,2.88,2.5,3.75,1.12,4.38,2.62,0.75,3.5,2.88,2.12,3.0,2.75,2.5,0.88,3.0,3.12
51-8093.00,"Petroleum Pump System Operators, Refinery Operators, and Gaugers",0.1707317073170731,2,34.9,-2.8,3.2,34.398699891657635,False,0.36836403033586135,0.1695557963163597,0.2689599133261105,5,0,0.0,True,Nicht hoch GPT-exponiert,3.0,3.5,3.12,3.0,3.75,2.38,0.0,2.12,1.0,3.0,3.38,2.88,3.75,2.5,2.12,2.38,2.75,3.0,3.5,3.75,3.0,2.88,2.5,2.88,3.5,1.12,2.75,3.75,3.62,2.38,4.0,1.62,3.62,2.88,3.62,2.62,3.62,1.88,1.88,3.0,3.0,2.88,1.62,2.0,2.62,3.0,2.75,3.0,3.0,2.38,3.38,3.0,1.27,0.99,2.44,3.0,1.0,2.65,-0.08,0.03,0.59,-0.57,1.89,0.1,0.19,0.22,1.4,1.07,1.31,0.27,-0.18,1.86,0.22,4.28,4.44,3.74,4.05,3.28,2.94,3.75,3.0,3.0,2.88,1.88,0.0,2.88,3.0,1.5,1.5,2.5,2.5,3.88,1.5,4.62,2.38,1.0,3.38,2.62,2.12,2.88,2.75,2.62,0.5,3.0,2.88
51-9011.00,Chemical Equipment Operators and Tenders,0.0652173913043478,2,128.9,3.3,14.4,17.06392199349946,False,0.6960996749729144,0.5444203683640303,0.6202600216684724,5,0,0.0,True,Nicht hoch GPT-exponiert,3.0,3.25,3.75,3.5,3.12,3.0,0.25,1.88,1.0,2.75,3.12,3.0,3.12,2.5,1.62,2.0,2.25,2.5,3.12,3.5,3.0,2.12,2.25,3.5,3.62,0.88,2.5,4.0,3.88,2.25,3.88,1.38,3.88,3.12,3.38,2.88,3.5,0.88,1.75,2.88,2.88,2.75,1.75,1.88,2.75,2.75,2.62,2.88,3.12,1.88,3.62,3.12,1.25,1.08,2.67,2.74,0.95,2.65,-0.12,-0.06,0.67,-0.37,1.86,0.84,-0.11,-0.09,1.4,0.82,1.66,0.25,-0.32,2.03,0.0,4.15,4.71,3.98,4.28,3.03,3.06,4.02,2.88,3.12,2.62,2.12,0.0,2.62,3.0,0.5,1.12,2.38,1.62,3.88,1.75,3.88,1.88,0.62,3.12,2.25,2.25,2.62,2.62,2.5,0.75,2.88,2.75
51-9012.00,"Separating, Filtering, Clarifying, Precipitating, and Still Machine Setters, Operators, and Tenders",0.0857142857142857,2,54.4,-4.3,5.4,21.560130010834236,False,0.4799566630552546,0.13651137594799567,0.3082340195016251,5,0,0.0,True,Nicht hoch GPT-exponiert,3.0,3.0,3.0,3.0,3.0,2.75,0.25,2.12,1.12,3.12,3.0,3.0,3.12,2.25,2.12,2.62,2.75,2.88,3.0,3.0,3.0,2.0,2.5,3.0,3.75,1.75,2.12,3.5,3.62,2.12,3.38,1.75,3.25,2.75,3.5,2.62,3.0,1.5,1.88,2.88,2.88,2.38,1.5,2.62,3.38,2.75,3.0,3.0,3.0,2.12,2.88,2.88,0.82,0.66,2.37,2.47,0.43,2.3,-0.16,-0.08,0.23,-0.3,1.29,0.14,-0.34,-0.07,0.79,0.43,0.97,0.1,-0.3,0.97,-0.52,3.21,4.57,4.27,3.66,2.91,2.89,2.95,2.88,2.88,2.62,1.88,1.75,2.62,2.75,1.38,1.75,2.38,2.0,3.12,1.0,3.75,2.12,0.75,2.75,2.62,2.12,2.62,2.5,2.12,0.88,2.88,2.62
51-9021.00,"Crushing, Grinding, and Polishing Machine Setters, Operators, and Tenders",0.081081081081081,2,28.7,-2.5,2.7,20.639219934994582,False,0.33098591549295775,0.1771397616468039,0.2540628385698808,5,0,0.0,True,Nicht hoch GPT-exponiert,3.0,3.12,3.12,3.62,3.0,2.75,1.0,2.5,1.75,3.12,3.12,3.12,3.0,1.75,1.5,2.25,2.0,3.0,3.0,3.0,3.12,2.0,2.0,3.25,3.5,1.38,2.12,3.0,3.0,1.75,3.12,1.62,3.0,3.25,3.62,3.25,3.12,1.88,2.12,2.88,3.0,2.25,1.75,2.75,3.12,2.88,3.12,3.0,3.12,2.12,3.0,2.25,0.62,0.21,2.02,2.06,0.3,2.11,-0.21,-0.23,0.19,-0.52,0.72,-0.16,-0.5,-0.14,0.77,0.29,0.55,0.04,-0.3,1.07,-0.63,3.47,4.83,4.07,3.7,2.94,3.18,3.72,2.75,3.0,3.0,2.38,0.12,2.88,2.88,0.75,1.75,2.5,1.62,4.0,0.25,4.0,2.5,0.25,3.0,3.0,2.0,2.75,2.5,2.5,0.25,2.88,3.0
51-9022.00,"Grinding and Polishing Workers, Hand",0.0357142857142857,2,11.8,-21.2,0.8,10.509209100758396,False,0.11755146262188516,0.010834236186348862,0.06419284940411701,5,0,0.0,True,Nicht hoch GPT-exponiert,3.75,2.62,3.0,3.5,2.62,2.25,0.0,2.25,1.25,2.75,2.88,3.5,2.75,2.12,1.38,1.88,1.75,2.38,2.62,3.0,3.38,1.25,1.88,3.12,3.75,1.12,1.62,3.12,3.0,2.0,2.88,1.25,2.88,2.75,3.0,2.75,2.88,1.38,1.25,2.75,2.75,2.0,1.12,1.62,2.62,2.5,2.62,2.88,2.88,2.25,2.75,2.5,0.73,0.01,2.41,1.44,0.1,2.01,-0.23,-0.28,0.03,-0.54,0.68,-0.21,-0.58,-0.1,0.88,0.39,0.48,0.03,-0.39,0.48,-0.55,3.92,4.64,3.78,4.21,3.47,3.86,4.05,2.5,2.38,2.88,2.12,0.0,2.12,2.38,1.0,1.12,2.0,1.88,3.0,0.75,3.25,2.25,0.25,3.0,2.75,2.12,2.25,2.0,2.12,1.0,2.5,2.88
51-9023.00,"Mixing and Blending Machine Setters, Operators, and Tenders",0.0833333333333333,2,101.1,-6.8,8.8,21.180931744312026,False,0.5796316359696642,0.08613217768147345,0.3328819068255688,5,0,0.0,True,Nicht hoch GPT-exponiert,3.0,2.62,3.25,3.12,3.12,2.62,0.5,2.12,0.62,2.62,3.12,3.0,2.62,2.0,1.0,2.0,2.0,2.38,3.0,3.12,3.0,2.0,2.0,3.12,3.25,0.5,2.0,3.38,3.0,2.0,3.12,1.38,3.12,3.0,3.25,3.0,3.12,1.88,1.75,2.62,2.75,2.12,1.75,2.12,3.0,2.5,2.88,3.0,2.25,2.12,3.0,2.62,0.66,0.48,2.47,2.43,0.45,2.36,-0.13,-0.34,0.31,-0.64,1.29,0.01,-0.54,-0.02,0.86,0.37,0.8,0.04,-0.41,0.97,-0.79,3.92,4.63,3.65,4.62,2.67,3.78,4.68,2.38,3.0,3.0,2.0,0.12,2.25,2.62,0.38,0.75,2.0,1.75,3.12,0.12,3.25,1.75,0.38,3.0,3.0,2.0,2.62,2.25,2.0,0.38,3.0,2.88
51-9031.00,"Cutters and Trimmers, Hand",0.0,2,7.0,-18.1,0.6,3.1960996749729147,False,0.08559046587215602,0.016251354279523293,0.050920910075839654,5,0,0.0,True,Nicht hoch GPT-exponiert,3.12,2.0,2.88,3.12,2.62,1.5,0.12,1.62,1.25,2.38,2.75,3.12,2.38,2.0,0.38,1.88,1.38,2.0,2.62,3.0,3.12,1.0,1.38,2.88,3.25,0.0,1.25,3.12,2.88,1.75,2.25,0.0,2.62,2.0,2.62,1.38,3.0,0.0,0.25,2.38,2.62,1.25,0.88,1.12,3.0,2.0,2.12,2.62,2.38,1.75,2.62,2.0,0.56,0.12,2.41,1.76,0.03,2.01,-0.16,-0.36,-0.1,-0.41,0.6,-0.24,-0.68,-0.16,0.68,0.24,0.44,0.02,-0.34,0.55,-0.63,3.39,2.89,3.16,4.57,2.37,4.04,3.75,2.12,2.25,0.12,0.12,0.0,2.0,2.5,0.25,0.5,2.0,2.0,2.0,0.25,2.12,2.0,0.0,2.0,0.0,2.12,2.75,1.25,1.25,0.0,2.62,1.25
51-9032.00,"Cutting and Slicing Machine Setters, Operators, and Tenders",0.0568181818181818,2,49.0,-2.3,5.3,15.059588299024917,False,0.4750812567713976,0.18255687973997833,0.32881906825568796,5,0,0.0,True,Nicht hoch GPT-exponiert,3.25,3.0,2.88,3.62,2.88,3.25,0.62,2.12,1.0,3.12,2.88,3.62,2.88,2.25,0.88,1.88,1.0,2.25,2.88,3.12,3.38,2.0,2.0,3.38,3.38,0.88,2.0,3.25,3.0,2.0,3.25,0.88,2.88,3.12,3.5,2.88,3.25,0.88,1.25,2.62,2.12,2.38,1.62,2.38,3.12,2.12,3.0,2.25,3.38,2.75,3.0,2.62,0.42,0.11,2.34,2.1,0.27,2.14,-0.22,-0.36,0.03,-0.47,0.66,-0.17,-0.5,-0.18,0.62,0.16,0.61,0.02,-0.27,0.66,-0.73,3.75,4.54,3.59,4.53,3.27,4.07,3.93,2.75,3.0,3.0,2.12,0.75,2.12,2.62,0.75,1.12,2.0,1.62,3.5,0.62,3.62,1.62,1.0,3.75,2.75,1.75,2.5,2.12,2.0,0.75,2.38,3.0
51-9041.00,"Extruding, Forming, Pressing, and Compacting Machine Setters, Operators, and Tenders",0.075,2,57.3,2.0,5.2,19.284940411700973,False,0.47183098591549294,0.40303358613217766,0.4374322860238353,5,0,0.0,True,Nicht hoch GPT-exponiert,3.25,3.25,3.0,3.12,2.88,3.0,1.0,2.38,0.75,3.12,3.25,3.25,2.75,2.0,1.5,2.38,1.38,2.88,2.88,3.12,3.12,1.75,1.88,3.25,3.25,0.25,2.0,3.12,2.88,2.0,3.75,0.5,2.88,3.12,3.75,2.88,3.38,0.88,1.25,2.75,2.75,1.88,1.88,2.5,3.25,2.5,3.12,2.75,3.62,2.38,2.88,2.12,0.77,0.44,2.19,1.82,0.39,2.14,-0.16,-0.42,0.17,-0.24,0.76,-0.06,-0.56,-0.13,0.77,0.48,0.75,0.04,-0.23,0.93,-0.63,4.05,4.36,3.54,4.2,3.64,3.32,3.92,2.75,2.25,2.62,2.12,1.5,2.38,2.25,0.62,0.88,1.75,1.5,3.62,1.0,3.75,1.75,0.25,3.12,2.62,1.75,2.12,2.12,1.62,0.88,2.25,2.88
51-9051.00,"Furnace, Kiln, Oven, Drier, and Kettle Operators and Tenders",0.04,2,16.5,3.0,1.9,11.863488624052005,False,0.2535211267605634,0.5032502708559047,0.37838569880823403,5,0,0.0,True,Nicht hoch GPT-exponiert,3.0,2.75,3.0,3.5,2.88,2.5,0.0,2.12,0.75,3.25,2.12,2.88,2.5,1.5,0.88,2.0,2.25,1.38,2.88,3.0,2.88,2.0,1.25,3.0,3.88,0.75,1.5,3.62,3.38,1.12,3.25,0.5,3.12,2.5,3.38,2.12,3.25,0.5,1.12,2.88,2.88,1.12,1.62,2.12,3.0,2.0,3.0,2.0,2.12,2.0,3.12,2.75,0.95,0.19,2.19,2.35,0.53,2.33,-0.16,-0.01,0.05,-0.57,0.94,0.1,-0.3,-0.06,0.86,0.46,1.19,0.08,-0.55,1.07,-0.36,3.65,4.38,3.55,3.99,3.45,3.51,2.84,2.62,2.5,1.5,0.88,0.0,2.12,2.12,0.25,0.38,2.0,1.88,3.25,0.62,3.5,1.5,0.25,2.75,1.0,1.75,2.12,1.25,1.25,0.38,2.12,2.0
51-9061.00,"Inspectors, Testers, Sorters, Samplers, and Weighers",0.1770833333333333,2,598.0,0.0,69.9,35.31960996749729,False,0.9100758396533044,0.2681473456121343,0.5891115926327194,5,2,0.4,True,Nicht hoch GPT-exponiert,3.0,2.88,3.0,2.88,3.0,2.0,0.0,1.38,1.38,2.25,3.0,3.12,3.12,2.25,0.75,1.5,1.38,2.0,3.0,3.0,3.0,2.38,2.0,2.62,3.75,0.75,2.12,3.5,3.62,2.0,3.25,0.75,3.12,2.0,2.12,1.38,3.0,0.62,1.0,3.0,3.0,2.0,0.62,1.5,2.0,2.25,2.38,3.12,3.0,1.62,3.38,3.0,1.09,0.46,3.0,2.5,0.71,2.47,-0.18,0.19,0.4,-0.43,1.96,0.43,-0.22,-0.21,1.02,0.6,0.82,0.44,-0.05,0.97,-0.98,4.54,4.9,4.12,4.55,3.43,3.17,3.72,2.75,2.88,1.38,1.25,0.0,2.12,2.75,0.88,1.0,2.12,2.25,2.88,1.62,3.12,2.25,0.62,3.38,1.12,2.0,2.25,2.0,2.12,0.75,2.75,2.25
51-9071.00,Jewelers and Precious Stone and Metal Workers,0.125,3,35.1,-5.5,4.0,27.627302275189596,False,0.4122426868905742,0.11213434452871072,0.26218851570964247,5,1,0.2,True,Nicht hoch GPT-exponiert,3.62,1.75,3.12,3.12,3.0,2.12,0.25,1.62,0.88,1.62,2.0,3.75,3.25,2.88,0.12,0.5,0.5,1.38,3.0,3.12,3.0,1.75,1.88,2.12,4.38,0.12,2.12,3.38,3.38,3.25,2.38,0.5,3.0,1.38,1.88,0.75,3.0,0.12,0.62,2.5,2.62,2.25,0.5,0.62,1.25,2.12,1.88,3.0,3.25,1.75,3.0,2.88,1.71,0.78,3.0,2.06,0.25,2.19,0.08,-0.18,0.9,1.8,1.96,0.87,-0.15,0.34,1.7,1.13,0.85,0.78,0.16,0.8,0.25,4.24,4.72,4.71,4.78,3.29,3.2,4.64,2.5,2.88,1.38,1.62,0.0,2.5,3.0,1.0,1.25,2.38,2.25,1.88,0.5,1.75,2.25,0.38,1.88,1.12,2.75,2.88,1.75,1.75,1.25,2.62,1.5
51-9071.06,Gem and Diamond Workers,0.1428571428571428,3,35.1,-5.5,4.0,30.715059588299027,False,0.4122426868905742,0.11213434452871072,0.26218851570964247,5,1,0.2,True,Nicht hoch GPT-exponiert,5.25,2.0,3.5,4.25,3.12,2.38,0.0,0.25,0.25,0.12,2.38,4.38,3.75,2.5,0.0,0.0,0.0,1.75,3.12,2.75,3.38,2.62,1.62,2.25,6.0,0.25,2.62,3.62,3.5,2.75,2.75,0.0,2.88,1.62,1.62,1.75,2.62,0.0,0.0,2.88,3.0,2.62,0.38,0.0,1.12,2.0,0.38,4.38,3.38,2.0,3.12,2.75,1.77,0.06,3.0,2.54,0.51,2.36,-0.09,0.22,0.23,0.37,2.32,1.54,-0.32,0.07,1.46,1.07,1.28,0.84,-0.07,0.88,0.06,4.75,4.81,2.87,4.85,2.68,3.8,3.7,2.62,2.38,1.75,2.5,0.0,1.75,3.25,1.88,2.0,2.0,1.88,2.25,2.38,2.5,2.88,0.0,3.5,1.5,3.0,2.62,1.5,1.5,1.38,2.38,1.75
51-9081.00,Dental Laboratory Technicians,0.0416666666666666,2,35.2,-4.7,3.9,12.459371614301192,False,0.4014084507042254,0.12838569880823403,0.2648970747562297,5,0,0.0,True,Nicht hoch GPT-exponiert,3.75,2.12,3.0,3.88,2.88,2.12,0.0,0.62,0.38,1.0,2.88,4.0,3.12,2.75,0.5,0.0,0.0,2.0,2.88,3.25,3.12,2.0,2.0,2.75,4.38,0.38,2.12,3.88,3.0,2.75,3.0,0.38,3.0,1.88,2.38,1.25,3.25,0.38,0.88,2.88,2.38,2.12,0.0,0.0,1.5,2.38,1.88,3.12,3.75,2.25,2.88,2.38,1.58,0.4,3.0,2.03,0.73,2.59,0.04,-0.04,0.61,1.02,1.45,0.84,-0.17,0.02,1.4,0.71,0.75,0.17,-0.14,0.95,-0.27,3.24,4.4,4.21,4.79,3.21,4.09,4.81,2.88,2.75,1.75,2.38,0.0,2.88,2.75,1.12,1.62,2.25,2.12,2.88,1.5,3.0,2.25,0.38,2.88,2.0,2.25,2.5,2.12,2.12,1.75,3.0,2.25
51-9082.00,Medical Appliance Technicians,0.1034482758620689,3,12.0,3.7,1.5,24.37703141928494,False,0.21451787648970747,0.5964247020585048,0.40547128927410614,5,1,0.2,True,Nicht hoch GPT-exponiert,3.5,2.88,3.0,3.62,3.62,3.0,0.0,2.12,1.12,2.12,2.88,3.62,3.0,3.0,0.0,1.88,1.62,3.0,3.12,3.12,3.25,2.75,2.25,2.88,4.0,0.0,2.88,3.88,4.0,3.0,2.62,0.0,3.62,1.88,2.75,2.12,2.88,0.0,0.0,3.12,3.38,2.25,0.0,1.75,2.62,2.88,2.5,3.38,3.75,2.38,3.12,3.0,1.4,0.89,2.77,2.28,1.31,2.53,1.27,0.67,0.76,1.28,1.89,1.05,0.06,0.71,1.58,0.94,1.25,1.21,1.09,1.14,0.12,4.27,4.39,3.86,4.39,3.84,3.51,4.39,3.0,3.0,3.0,2.62,0.88,3.12,3.12,1.38,2.12,2.12,2.12,2.75,2.25,3.0,2.38,0.38,3.75,3.0,3.0,3.0,3.0,2.5,2.38,3.12,3.12
51-9083.00,Ophthalmic Laboratory Technicians,0.0625,2,19.6,2.3,2.4,16.30552546045504,False,0.29956663055254606,0.4409534127843987,0.3702600216684724,5,0,0.0,True,Nicht hoch GPT-exponiert,4.12,2.5,2.88,4.25,3.0,2.62,0.0,0.62,0.75,1.88,3.0,3.75,2.75,2.0,0.0,1.25,0.25,1.88,2.5,3.0,3.38,2.0,1.88,2.88,4.38,0.0,2.25,3.62,3.25,1.88,2.88,0.0,3.0,2.88,3.0,1.38,3.12,0.0,0.0,2.62,2.75,2.0,1.5,1.5,1.12,2.12,2.12,3.0,3.12,2.88,3.0,2.25,0.89,0.26,3.0,1.99,0.64,2.25,-0.09,-0.43,0.13,-0.32,0.89,0.24,-0.47,-0.07,0.9,0.41,0.61,0.09,-0.18,0.53,-0.65,3.4,4.18,3.99,4.26,3.53,4.18,4.58,2.5,2.5,2.0,2.5,0.0,2.25,2.62,0.88,0.75,2.0,1.62,3.12,1.25,2.88,2.0,0.75,3.38,2.5,2.62,2.5,2.0,1.62,1.0,2.75,2.12
51-9111.00,Packaging and Filling Machine Operators and Tenders,0.075,2,381.2,4.5,45.3,19.284940411700973,False,0.8689057421451788,0.6923076923076923,0.7806067172264355,5,0,0.0,True,Nicht hoch GPT-exponiert,3.12,3.0,3.0,3.62,2.88,2.62,0.25,2.12,1.0,2.88,2.88,3.38,3.0,2.12,1.12,2.38,2.0,2.5,2.75,3.0,3.5,2.12,2.0,3.0,3.38,1.12,2.0,3.0,3.0,2.25,3.0,1.12,2.88,3.0,3.25,2.62,3.0,1.12,1.75,3.0,2.88,2.12,2.25,2.38,2.88,2.75,3.0,2.62,2.88,2.62,3.0,2.88,0.54,0.21,2.14,1.5,0.49,2.11,-0.17,-0.3,0.11,-0.57,0.7,-0.26,-0.54,-0.13,0.62,0.12,0.41,0.08,-0.39,0.9,-0.71,4.4,4.18,3.59,4.41,3.37,4.11,4.44,2.12,3.0,2.62,1.75,0.0,2.25,2.12,0.25,0.25,2.25,2.0,2.88,0.0,3.25,2.12,0.12,2.62,2.25,2.12,2.62,2.0,2.0,0.38,2.38,2.62
51-9123.00,"Painting, Coating, and Decorating Workers",0.0294117647058823,2,8.8,1.4,0.8,9.317443120260021,False,0.11755146262188516,0.3466955579631636,0.23212351029252437,5,0,0.0,True,Nicht hoch GPT-exponiert,3.5,2.0,2.5,2.88,2.75,2.12,0.12,1.38,0.88,2.25,2.5,3.0,2.12,1.88,0.38,1.75,1.25,2.0,2.75,2.38,2.88,1.12,1.12,2.62,3.75,0.0,1.12,3.0,3.0,2.0,2.12,0.0,2.62,0.75,0.62,0.88,2.12,0.0,0.38,2.38,2.25,1.38,0.38,1.75,2.12,2.12,2.75,3.75,2.12,1.38,2.62,1.88,0.7,0.18,2.11,1.11,0.09,1.78,-0.13,-0.36,0.09,0.77,0.53,-0.05,-0.45,0.09,0.84,0.5,0.55,0.06,-0.16,0.44,-0.32,3.77,4.76,3.65,3.85,3.32,3.83,2.86,2.0,2.62,0.88,1.25,0.0,1.75,2.25,0.62,0.75,2.12,1.88,1.0,0.62,2.25,2.0,0.0,2.12,0.5,2.12,2.75,1.12,1.12,0.5,2.38,1.75
51-9124.00,"Coating, Painting, and Spraying Machine Setters, Operators, and Tenders",0.0108695652173913,2,165.5,0.7,15.8,6.608884073672806,False,0.7145178764897074,0.30119176598049835,0.5078548212351028,5,0,0.0,True,Nicht hoch GPT-exponiert,3.12,3.12,2.88,3.62,2.75,2.88,0.5,3.12,0.75,3.12,3.25,3.12,3.12,2.12,1.5,2.5,2.0,2.62,2.75,3.0,3.12,1.88,2.0,3.12,3.38,0.88,2.0,3.0,2.88,2.0,3.12,1.88,2.75,2.88,2.88,2.62,3.0,1.38,1.88,2.38,2.62,2.25,1.5,2.88,2.88,2.38,3.12,3.88,3.12,2.0,2.88,2.25,0.8,0.48,2.16,1.76,0.32,2.06,-0.17,-0.28,0.26,-0.02,0.87,0.24,-0.4,0.02,0.79,0.56,0.75,0.06,-0.34,0.86,-0.44,3.52,4.48,3.79,3.96,3.77,4.61,4.23,2.62,2.75,2.88,2.62,0.12,2.0,2.25,0.62,1.0,2.0,1.75,3.0,0.62,3.5,1.75,0.38,3.38,2.75,2.0,2.38,2.0,2.0,0.5,2.38,2.75
51-9141.00,Semiconductor Processing Technicians,0.0625,2,31.9,10.9,3.9,16.30552546045504,False,0.4014084507042254,0.9247020585048754,0.6630552546045504,5,0,0.0,True,Nicht hoch GPT-exponiert,3.38,2.0,3.0,3.25,3.13,2.5,0.0,1.75,0.0,2.25,2.5,3.63,2.63,2.13,1.13,1.88,1.13,1.88,3.0,3.25,3.13,1.88,2.38,2.88,3.63,0.75,1.75,3.38,3.38,2.13,3.13,0.75,3.0,2.5,2.63,2.75,3.0,0.75,0.5,2.63,2.88,1.63,1.13,2.0,2.63,2.13,2.5,2.88,3.0,1.88,3.38,3.38,1.27,0.94,2.77,2.28,0.68,2.65,-0.18,0.08,0.33,-0.95,1.29,0.76,-0.5,-0.09,1.05,0.64,1.03,0.06,-0.18,1.0,-0.55,3.73,3.92,3.34,4.25,3.39,3.14,3.86,2.75,2.62,2.88,2.12,0.5,2.25,2.88,0.5,0.88,1.75,1.88,2.88,1.62,3.5,2.12,0.75,3.38,2.62,2.0,2.75,1.88,1.38,1.0,2.75,2.75
51-9151.00,Photographic Process Workers and Processing Machine Operators,0.17,2,11.2,-2.6,1.5,34.236186348862404,False,0.21451787648970747,0.17388949079089924,0.19420368364030335,5,0,0.0,True,Nicht hoch GPT-exponiert,2.88,2.5,3.12,2.88,3.12,2.0,0.25,2.0,2.0,2.75,2.88,2.88,3.0,2.62,0.0,1.5,1.38,2.12,3.12,3.12,2.75,2.25,2.75,2.5,3.75,0.5,2.25,3.38,3.12,2.75,3.0,0.0,3.12,2.0,2.5,1.25,3.12,0.0,0.25,3.0,3.12,2.38,0.12,2.0,2.12,2.88,2.5,3.5,3.0,1.75,3.12,2.88,0.71,0.81,2.57,1.47,0.53,2.08,-0.06,-0.27,0.2,-0.18,0.7,0.2,-0.38,0.04,0.75,0.39,0.53,0.07,-0.14,0.56,-0.23,4.27,4.86,3.51,3.73,3.33,3.22,4.01,2.75,2.88,2.5,2.62,0.62,2.75,2.75,1.75,1.88,2.12,2.62,2.88,1.25,3.12,2.75,1.62,2.75,2.25,3.0,3.0,2.75,2.75,1.5,2.88,2.5
51-9161.00,Computer Numerically Controlled Tool Operators,0.18,2,177.1,-10.7,13.5,35.53629469122427,False,0.6738894907908992,0.056338028169014086,0.36511375947995667,5,0,0.0,True,Nicht hoch GPT-exponiert,3.5,3.88,3.12,3.88,3.0,3.38,0.25,2.12,0.88,2.5,3.25,3.38,3.12,3.0,1.5,2.0,1.62,3.5,3.0,3.38,3.38,3.0,2.75,3.25,3.5,1.12,3.0,3.75,3.62,2.88,3.12,1.88,3.62,3.12,3.5,2.88,3.5,2.25,1.75,2.88,3.0,3.0,2.12,2.0,2.88,2.75,3.0,3.12,3.75,2.88,3.0,3.0,1.25,0.81,2.57,1.76,0.41,2.3,-0.16,0.01,0.61,0.3,0.74,0.76,-0.4,-0.02,0.66,0.82,0.66,0.07,-0.23,1.04,-0.32,4.03,4.22,4.04,4.79,2.98,3.33,4.41,3.0,2.75,3.0,2.75,1.75,2.88,2.88,0.75,1.25,1.88,1.62,3.88,2.38,3.88,1.75,2.0,3.5,2.88,1.75,2.62,2.75,2.75,1.38,2.88,2.88
51-9162.00,Computer Numerically Controlled Tool Programmers,0.3571428571428571,2,28.3,12.8,3.1,57.52979414951246,False,0.35969664138678226,0.9507042253521126,0.6552004333694474,5,2,0.4,True,Nicht hoch GPT-exponiert,3.0,3.0,3.12,3.0,3.5,2.62,0.0,1.0,0.62,2.0,3.0,3.0,3.0,3.0,0.25,1.88,0.88,2.62,3.0,3.88,2.75,3.62,2.75,2.88,4.0,0.12,3.0,3.88,3.75,3.0,3.0,0.38,3.12,2.12,3.0,2.0,3.12,0.25,0.75,3.0,2.88,2.88,0.5,1.88,2.0,2.62,2.5,2.12,3.88,2.0,3.75,3.12,1.77,1.32,2.77,1.99,0.59,2.53,-0.09,-0.2,0.83,1.23,1.34,1.89,-0.32,-0.02,1.58,0.99,0.53,0.07,-0.23,1.07,0.43,3.44,4.55,3.9,4.43,2.82,2.92,4.2,3.12,3.0,2.25,2.88,0.12,2.88,3.0,0.75,1.12,2.12,1.5,3.12,2.88,4.0,2.25,3.62,3.12,2.12,1.88,2.62,3.12,3.0,2.12,3.0,3.0
51-9191.00,Adhesive Bonding Machine Operators and Tenders,0.0,2,12.2,1.0,1.3,3.1960996749729147,False,0.19393282773564463,0.3120260021668472,0.25297941495124593,5,0,0.0,True,Nicht hoch GPT-exponiert,3.0,3.12,3.0,3.38,2.75,2.88,0.75,2.75,1.12,3.38,2.88,3.12,2.75,1.75,1.25,2.75,2.0,2.75,2.75,3.0,3.0,2.0,1.75,3.62,3.25,1.12,2.12,3.12,3.0,1.75,3.12,1.5,3.0,3.12,3.38,2.88,3.25,1.12,1.25,2.62,2.75,2.0,1.75,2.62,3.5,2.25,3.12,2.62,3.12,2.38,3.0,2.25,0.75,0.34,2.16,1.56,0.43,2.14,-0.13,-0.25,0.25,-0.5,0.56,-0.29,-0.5,-0.11,0.22,0.43,0.39,0.1,-0.23,0.82,-0.71,4.61,4.43,4.14,3.88,3.79,3.73,4.11,2.5,3.0,3.12,2.12,0.12,2.38,2.5,0.75,1.25,1.75,1.62,3.75,0.75,4.0,1.88,0.62,3.5,2.88,2.0,2.38,2.62,1.88,0.25,2.88,3.0
51-9192.00,"Cleaning, Washing, and Metal Pickling Equipment Operators and Tenders",0.0526315789473684,2,14.6,3.6,1.6,14.355362946912242,False,0.2258938244853738,0.5828819068255688,0.4043878656554713,5,0,0.0,True,Nicht hoch GPT-exponiert,3.0,2.88,2.75,3.0,2.38,2.12,0.12,2.0,0.88,3.0,2.38,2.88,2.25,2.0,1.62,2.25,1.88,2.25,2.38,2.75,2.88,1.38,1.75,2.88,3.12,0.88,1.38,2.88,2.38,1.5,3.0,0.75,2.5,1.75,2.62,2.12,2.75,0.75,0.88,2.5,2.25,2.0,1.75,2.25,2.62,2.25,3.0,2.12,2.38,1.88,2.5,2.12,0.49,0.09,1.94,1.72,-0.18,2.19,-0.21,-0.34,0.14,-0.57,0.66,-0.22,-0.47,-0.04,0.47,0.03,0.42,0.03,-0.14,0.68,-1.29,3.69,4.25,3.25,3.2,2.29,3.44,4.09,2.12,2.12,1.75,1.25,0.0,2.0,2.12,0.25,0.38,2.0,2.0,3.0,0.38,2.88,2.0,0.12,2.25,1.12,2.0,2.12,1.5,1.88,0.0,2.5,2.12
51-9193.00,Cooling and Freezing Equipment Operators and Tenders,0.04,2,7.1,7.2,0.8,11.863488624052005,False,0.11755146262188516,0.852112676056338,0.4848320693391116,5,0,0.0,True,Nicht hoch GPT-exponiert,3.0,3.0,2.88,3.12,3.0,2.75,0.12,2.25,0.88,3.0,2.88,3.12,2.75,2.38,1.88,2.12,2.25,2.12,3.0,3.0,3.12,2.38,2.25,3.0,3.38,1.25,2.5,3.0,3.0,2.38,3.5,0.88,3.12,2.88,3.12,2.12,3.25,1.38,1.5,2.75,2.75,2.25,1.62,2.38,3.12,2.25,3.12,3.0,3.12,2.25,3.0,2.75,0.73,0.44,2.19,2.17,0.45,2.27,-0.17,-0.32,0.2,-0.57,1.13,0.04,-0.28,-0.02,0.81,0.39,0.66,0.09,-0.43,1.02,-0.61,3.83,4.69,3.89,4.09,2.95,2.4,4.06,3.0,2.88,3.0,2.75,0.5,2.75,3.0,1.25,1.62,2.5,2.0,3.62,1.5,3.88,2.0,0.75,3.12,3.0,2.12,2.38,2.25,2.38,0.62,3.0,3.12
51-9194.00,Etchers and Engravers,0.0303030303030303,2,8.6,-0.7,0.9,9.42578548212351,False,0.13488624052004333,0.23835319609967498,0.18661971830985916,5,0,0.0,True,Nicht hoch GPT-exponiert,4.0,1.62,3.0,3.75,3.0,2.12,0.0,1.75,0.88,1.62,2.62,3.62,2.62,2.62,0.75,1.38,1.25,2.0,2.88,3.12,3.38,1.88,2.0,2.88,4.25,0.75,2.0,3.25,3.38,2.5,2.75,0.62,3.0,2.25,2.5,1.75,3.0,0.62,0.88,3.0,3.0,1.88,0.0,1.38,2.25,2.12,2.5,2.62,3.12,1.88,3.0,2.88,1.12,0.11,2.77,1.99,-0.02,2.08,-0.13,-0.38,0.07,0.53,0.64,0.47,-0.49,-0.1,1.0,0.41,0.59,0.04,-0.46,0.41,-0.34,3.41,4.93,4.09,4.43,2.82,3.01,4.25,2.25,2.12,2.12,2.25,0.0,2.12,2.62,1.0,0.88,2.0,1.75,2.88,1.62,3.0,2.0,0.62,2.88,1.38,2.12,2.25,1.62,1.12,1.5,2.75,2.38
51-9195.00,"Molders, Shapers, and Casters, Except Metal and Plastic",0.0172413793103448,2,41.7,6.2,5.5,7.042253521126761,False,0.48808234019501623,0.8104008667388949,0.6492416034669556,5,0,0.0,True,Nicht hoch GPT-exponiert,3.0,2.25,2.75,3.12,2.62,1.75,0.38,2.25,2.0,2.75,3.0,3.12,2.75,2.12,1.75,2.25,2.12,2.25,2.75,3.38,2.88,1.5,2.0,3.0,3.5,1.25,1.75,3.25,3.0,2.0,2.88,1.25,2.62,2.62,2.75,2.0,2.75,1.25,1.5,2.62,2.75,1.88,0.88,2.25,2.75,2.5,3.12,2.75,3.12,2.12,3.0,2.62,0.65,0.16,1.92,1.2,0.06,1.83,-0.14,-0.38,0.11,-0.2,0.7,-0.07,-0.45,-0.07,0.71,0.34,0.33,0.04,-0.23,0.4,-0.57,3.99,3.79,3.32,4.11,3.42,4.28,4.11,2.12,2.38,1.88,1.88,0.25,2.12,2.38,0.75,1.0,2.0,1.88,2.62,0.75,2.88,2.0,0.0,2.38,1.88,2.0,2.38,1.38,1.38,0.88,2.62,2.12
51-9195.03,"Stone Cutters and Carvers, Manufacturing",0.0434782608695652,2,41.7,6.2,5.5,13.109425785482124,False,0.48808234019501623,0.8104008667388949,0.6492416034669556,5,0,0.0,True,Nicht hoch GPT-exponiert,4.0,2.5,3.0,3.75,2.75,2.25,0.62,2.38,1.12,3.25,2.75,3.62,2.62,2.62,0.88,2.0,1.12,1.62,2.75,2.88,3.62,1.38,1.38,3.0,3.62,0.5,1.5,2.88,2.88,2.75,2.38,0.62,3.0,1.62,2.5,1.5,3.12,0.5,0.88,2.25,2.38,1.25,0.88,2.38,3.25,1.62,3.0,2.62,3.25,2.12,2.88,1.75,1.05,-0.06,2.67,1.93,-0.02,2.06,-0.22,-0.34,-0.01,0.09,0.72,0.04,-0.52,-0.14,1.12,0.56,0.61,0.04,-0.43,0.6,-0.77,3.38,4.36,3.37,4.38,3.16,4.34,4.23,2.38,2.38,1.38,1.75,0.12,2.25,2.25,0.62,1.0,1.88,1.62,2.38,2.12,2.38,1.5,0.5,2.38,1.12,1.62,2.5,1.62,1.62,0.75,2.12,1.5
51-9195.04,"Glass Blowers, Molders, Benders, and Finishers",0.1136363636363636,2,41.7,6.2,5.5,25.839653304442038,False,0.48808234019501623,0.8104008667388949,0.6492416034669556,5,1,0.2,True,Nicht hoch GPT-exponiert,4.0,2.75,3.0,3.75,2.88,2.75,0.0,2.0,1.25,2.38,3.25,3.62,2.75,2.88,2.0,2.0,1.5,2.62,2.88,3.0,3.62,2.12,2.12,3.12,3.88,0.88,2.38,3.12,3.0,2.75,3.12,0.75,3.0,3.0,3.5,2.62,3.5,0.62,0.88,2.75,2.88,2.0,1.62,2.0,2.62,2.75,2.88,3.75,3.88,2.62,3.0,2.62,0.89,0.44,2.28,1.59,0.15,1.78,-0.16,-0.36,0.03,0.46,0.64,0.17,-0.45,-0.02,1.02,0.67,1.16,0.03,-0.34,0.9,-0.44,3.27,4.22,4.05,4.36,3.5,3.8,3.37,2.75,2.5,2.38,2.25,0.0,2.38,2.75,1.12,1.62,2.12,1.88,2.88,1.62,3.0,2.0,0.38,3.0,2.38,1.75,2.62,1.75,1.88,0.88,2.62,2.5
51-9195.05,"Potters, Manufacturing",0.0119047619047619,3,41.7,6.2,5.5,6.717226435536294,False,0.48808234019501623,0.8104008667388949,0.6492416034669556,5,0,0.0,True,Nicht hoch GPT-exponiert,4.0,1.88,3.12,4.0,3.12,2.62,0.5,2.25,0.62,2.88,2.62,3.75,2.5,2.88,0.62,2.0,1.5,1.75,3.0,3.12,3.88,1.5,1.62,3.62,3.75,0.5,1.38,3.0,3.0,3.5,2.75,1.0,3.12,2.88,2.38,2.75,3.0,0.5,1.0,2.88,3.0,1.5,1.5,2.12,2.88,2.12,2.88,3.0,3.75,2.88,3.0,2.88,1.03,0.59,2.19,1.26,0.27,1.78,-0.06,0.08,0.57,1.41,0.38,0.56,-0.32,0.16,0.97,0.85,0.63,0.13,0.11,0.48,-0.09,3.69,4.28,4.57,3.83,2.2,3.98,3.0,2.12,2.5,0.62,0.75,0.0,1.75,2.62,0.75,1.62,1.88,1.38,3.12,1.88,3.12,2.0,0.12,2.5,0.62,2.0,2.75,1.88,1.38,0.75,2.38,1.62
51-9196.00,"Paper Goods Machine Setters, Operators, and Tenders",0.0263157894736842,2,97.5,-6.3,8.1,8.775731310942579,False,0.5601300108342362,0.09588299024918744,0.3280065005417118,5,0,0.0,True,Nicht hoch GPT-exponiert,3.12,3.0,3.12,3.0,2.75,2.25,0.38,1.75,1.25,3.0,2.5,3.0,2.75,2.12,0.88,1.88,1.38,2.88,2.75,3.0,3.0,1.5,1.5,3.0,3.25,0.38,1.75,3.0,3.0,2.12,2.88,0.5,2.75,2.5,3.0,1.5,3.12,0.88,0.75,2.25,2.38,1.88,1.38,2.12,2.5,2.5,3.0,2.75,2.88,2.0,2.88,2.25,0.97,0.69,2.19,1.76,0.47,2.14,-0.17,-0.3,0.49,-0.14,0.7,0.14,-0.36,0.04,0.81,0.43,0.77,0.04,-0.34,0.95,-0.21,4.43,4.72,3.43,4.12,3.42,3.62,4.27,2.38,2.62,2.75,2.25,0.62,2.12,2.25,0.75,1.0,2.0,2.12,3.0,1.75,3.12,2.12,0.0,2.75,2.25,2.12,2.5,2.5,2.25,0.88,2.62,2.62
51-9197.00,Tire Builders,0.0,2,20.9,2.3,2.5,3.1960996749729147,False,0.3120260021668472,0.4409534127843987,0.37648970747562294,5,0,0.0,True,Nicht hoch GPT-exponiert,3.12,3.25,2.38,3.62,2.62,2.38,0.12,2.25,0.88,3.5,2.25,3.12,2.5,1.88,1.38,2.75,2.0,2.38,2.5,2.5,3.5,1.12,1.25,3.62,3.12,0.75,1.25,2.75,2.75,2.0,2.5,0.75,2.62,3.12,3.38,2.88,3.12,0.75,0.88,2.25,2.5,1.12,2.12,3.0,3.12,1.62,3.25,2.25,2.88,2.25,2.25,1.88,0.45,-0.1,1.92,1.56,0.12,1.98,-0.16,-0.34,-0.08,-0.37,0.49,-0.21,-0.41,-0.1,0.62,0.43,0.55,0.03,-0.39,0.66,-0.55,3.79,4.4,2.68,3.53,3.52,4.66,4.15,2.0,2.0,1.12,1.12,0.12,1.88,2.0,0.5,0.62,1.5,1.25,3.12,0.38,3.38,1.38,0.25,2.12,1.0,1.75,2.0,1.12,0.88,0.62,2.25,2.0
51-9198.00,Helpers--Production Workers,0.0555555555555555,2,168.5,-8.9,23.6,14.680390032502707,False,0.7838569880823402,0.06825568797399784,0.426056338028169,5,2,0.4,True,Nicht hoch GPT-exponiert,3.12,2.88,2.75,3.38,2.62,2.75,0.38,2.12,1.12,3.12,2.75,3.0,2.12,1.62,0.88,2.0,1.75,2.12,2.75,2.62,3.12,1.62,1.12,3.0,3.25,0.88,1.75,2.88,2.88,1.62,3.0,1.12,2.75,2.25,3.0,2.25,2.75,0.75,1.0,2.12,2.25,1.75,2.0,2.75,3.25,2.0,3.38,2.38,2.62,1.88,2.25,2.0,0.35,0.18,1.19,0.95,1.38,2.01,-0.03,0.27,0.03,-0.63,0.64,-0.32,-0.5,0.32,0.4,0.07,0.42,0.14,-0.07,0.4,-0.61,3.84,4.31,3.69,3.88,3.17,4.06,4.09,2.0,2.38,1.75,1.5,0.0,2.0,1.88,0.62,0.75,1.62,1.0,2.5,0.62,2.5,1.38,0.25,2.25,1.75,1.5,2.0,1.12,1.12,0.25,1.88,1.88
53-1041.00,Aircraft Cargo Handling Supervisors,0.0,2,10.3,5.2,1.1,3.1960996749729147,False,0.1635969664138678,0.7475622968580715,0.45557963163596965,5,0,0.0,True,Nicht hoch GPT-exponiert,2.62,3.25,3.0,3.0,3.12,3.0,0.88,2.25,1.12,3.12,3.25,2.75,3.12,3.0,2.25,2.25,1.88,2.75,3.0,3.12,3.12,2.88,2.38,3.0,3.25,1.25,3.0,3.88,3.88,3.0,3.12,2.0,3.5,2.5,3.0,2.62,3.5,1.75,2.0,3.25,3.0,3.0,2.0,2.5,3.75,3.12,3.0,2.88,3.62,2.0,3.0,2.88,1.66,1.61,2.6,2.5,1.92,2.65,0.37,0.29,1.29,0.13,2.13,0.84,2.43,0.87,1.67,1.73,2.02,0.74,1.2,2.21,0.41,4.89,4.94,4.47,4.57,3.73,3.14,4.69,2.88,3.5,1.88,1.62,0.12,3.0,3.0,0.88,2.0,3.75,2.5,2.62,1.5,2.38,2.75,0.62,2.5,1.88,2.62,3.25,2.75,2.62,0.75,3.5,2.0
53-1042.00,"First-Line Supervisors of Helpers, Laborers, and Material Movers, Hand",0.3555555555555555,2,609.6,3.7,61.3,57.20476706392199,False,0.899783315276273,0.5964247020585048,0.7481040086673889,5,3,0.6,True,Nicht hoch GPT-exponiert,2.62,2.62,3.0,2.62,3.75,2.0,0.5,2.0,1.12,2.38,3.0,2.75,2.62,3.0,1.38,2.0,1.38,1.88,3.12,3.38,3.0,2.12,2.0,2.25,3.12,0.88,2.38,4.0,4.0,3.0,2.38,1.38,3.62,2.12,2.12,1.88,3.0,1.25,1.38,3.12,3.38,2.12,0.62,2.0,2.38,2.88,2.88,1.88,3.0,0.88,3.75,3.25,1.4,1.61,2.0,1.63,2.22,2.56,1.07,0.84,1.53,0.58,1.92,0.39,2.96,1.16,1.64,1.66,1.91,0.96,1.83,1.76,0.91,4.93,4.97,4.63,4.59,3.24,2.82,4.52,3.0,3.75,0.88,1.12,0.0,3.0,3.0,2.25,2.38,3.75,3.0,2.12,1.62,2.75,3.12,0.25,2.38,0.88,2.75,3.38,2.75,2.88,0.62,3.62,1.38
53-1043.00,First-Line Supervisors of Material-Moving Machine and Vehicle Operators,0.3076923076923077,3,609.6,3.7,61.3,50.433369447453956,False,0.899783315276273,0.5964247020585048,0.7481040086673889,5,2,0.4,True,Nicht hoch GPT-exponiert,2.75,2.38,3.0,2.38,3.75,2.62,0.0,0.62,0.12,1.25,3.0,2.38,3.0,3.0,0.75,1.88,0.88,2.12,3.0,3.5,2.38,2.75,2.12,2.62,3.38,0.62,2.75,4.0,4.0,3.12,2.88,1.25,3.75,2.0,2.12,2.12,3.0,1.5,1.75,3.12,3.0,2.75,0.75,1.62,2.12,3.0,2.25,2.38,3.0,1.5,3.88,3.75,1.69,1.41,2.0,2.21,1.81,2.62,1.02,0.7,1.56,0.56,2.03,0.43,2.52,0.95,1.7,1.73,1.91,0.96,1.56,1.8,0.91,4.89,4.96,4.16,4.64,3.39,2.35,3.97,3.38,3.88,2.0,0.88,0.0,3.12,3.25,1.38,2.25,3.75,2.88,2.25,2.5,2.5,3.0,0.25,2.38,2.0,3.0,3.5,3.12,3.0,0.38,3.88,2.0
53-2011.00,"Airline Pilots, Copilots, and Flight Engineers",0.2272727272727273,4,100.0,3.9,11.7,39.653304442036834,False,0.6365113759479957,0.6218851570964247,0.6291982665222102,5,1,0.2,True,Nicht hoch GPT-exponiert,3.75,4.0,3.38,4.5,4.38,4.38,0.0,0.88,0.5,2.5,5.38,3.12,4.12,3.12,4.25,0.75,1.88,4.0,4.25,4.12,3.25,3.12,3.12,4.25,4.38,3.88,3.62,4.75,4.38,3.0,4.25,4.0,5.0,5.0,5.0,5.62,4.12,2.88,4.62,3.88,4.0,4.0,2.75,0.62,2.12,4.25,1.38,3.38,4.0,2.75,4.12,3.25,2.14,1.41,3.0,3.0,1.92,2.93,0.45,0.5,0.83,-0.43,2.1,1.68,2.34,0.82,2.19,2.4,3.0,0.74,0.79,2.93,0.14,4.43,4.62,4.33,4.84,4.05,3.01,4.54,3.62,3.75,1.25,0.0,0.0,4.0,4.25,1.0,1.75,3.12,2.62,5.62,2.0,4.88,2.62,0.5,3.0,0.12,2.88,3.25,3.25,3.25,0.62,3.88,3.12
53-2012.00,Commercial Pilots,0.2159090909090909,3,55.4,5.1,6.6,38.569880823401945,False,0.52329360780065,0.7416034669555797,0.6324485373781148,5,1,0.2,True,Nicht hoch GPT-exponiert,3.12,3.25,3.12,4.5,4.0,4.12,0.0,1.88,1.0,2.12,4.75,3.0,3.88,3.12,3.5,1.75,1.62,3.12,4.0,4.0,3.12,3.0,2.62,4.12,3.88,3.0,2.75,4.25,4.12,3.0,4.0,3.12,4.88,4.0,4.12,4.62,4.0,2.62,3.88,3.88,3.62,3.5,1.62,1.5,2.12,4.0,2.25,3.25,3.38,2.12,4.0,3.75,1.95,1.94,2.74,3.0,1.38,2.93,0.27,0.56,1.38,0.19,2.21,1.35,2.25,0.9,1.64,2.4,3.0,0.8,0.63,2.67,1.56,4.39,4.39,4.81,4.63,4.23,2.68,3.77,3.62,3.5,1.38,0.88,0.0,3.38,3.75,0.75,1.0,3.0,2.5,5.25,1.0,4.75,3.0,0.5,2.75,1.12,2.88,3.0,3.0,3.0,0.5,3.0,3.12
53-2021.00,Air Traffic Controllers,0.3068181818181818,3,24.1,1.2,2.2,50.16251354279523,False,0.2833152762730228,0.33098591549295775,0.30715059588299026,5,2,0.4,True,Nicht hoch GPT-exponiert,2.38,3.88,4.0,2.88,4.38,2.62,0.0,0.0,0.0,0.12,4.25,3.0,4.5,3.75,1.38,0.0,0.0,2.75,4.0,4.12,2.0,3.12,3.0,0.38,4.12,2.12,3.25,4.62,4.75,3.5,4.38,0.75,4.62,0.62,1.0,0.88,4.88,0.88,1.0,4.0,4.38,4.88,0.0,0.0,0.0,5.62,1.12,3.0,4.5,0.12,3.88,3.38,2.11,2.17,3.0,3.0,1.95,2.93,0.3,-0.3,0.53,-0.68,2.55,0.94,1.53,0.32,2.19,2.44,3.0,0.76,0.18,3.0,-0.25,4.71,4.12,4.29,4.83,4.28,3.52,3.41,4.5,4.0,0.25,0.25,0.0,3.38,4.12,0.75,0.88,2.75,2.25,2.38,2.88,3.12,2.88,0.75,2.62,0.12,3.38,3.25,3.25,3.25,0.75,3.5,1.88
53-2022.00,Airfield Operations Specialists,0.3292682926829268,3,16.9,4.2,1.6,53.08775731310943,False,0.2258938244853738,0.6505958829902492,0.43824485373781147,5,2,0.4,True,Nicht hoch GPT-exponiert,2.0,3.25,3.12,2.88,4.0,2.62,0.0,1.0,0.38,1.25,4.0,2.12,3.12,3.0,2.12,1.12,1.12,2.38,3.5,3.75,2.25,2.38,2.12,2.12,3.75,2.0,2.12,4.0,4.0,3.0,3.12,2.12,4.25,1.0,2.0,2.12,3.38,1.5,2.38,3.0,3.12,2.75,0.62,0.88,1.12,3.0,1.75,2.75,3.0,1.0,4.0,3.75,1.8,1.98,2.67,2.74,2.3,2.93,0.37,0.61,1.66,-0.12,2.47,1.23,1.98,0.84,2.08,1.76,2.5,0.9,1.29,2.55,1.14,4.92,4.86,4.79,4.67,3.83,2.87,4.1,3.25,4.0,0.0,0.25,0.0,3.12,3.25,0.75,1.75,3.0,3.0,2.75,2.75,2.88,2.88,0.38,2.38,0.0,3.0,3.0,3.0,3.12,0.88,3.0,1.12
53-2031.00,Flight Attendants,0.1458333333333333,2,130.8,9.2,19.8,31.31094257854821,False,0.7502708559046587,0.9079089924160346,0.8290899241603467,5,0,0.0,True,Nicht hoch GPT-exponiert,2.75,3.62,3.0,1.88,3.62,1.88,0.0,2.12,0.88,3.12,3.12,2.75,2.75,2.38,0.62,2.75,3.12,2.12,3.25,3.0,2.75,1.88,2.0,2.62,3.25,0.38,2.0,4.0,4.0,2.12,3.12,0.12,3.88,0.75,2.12,1.5,3.12,0.25,0.25,4.0,3.88,2.75,1.88,2.62,2.88,2.88,3.0,2.62,2.0,0.5,3.0,2.88,0.84,2.17,2.63,2.47,2.64,2.93,2.17,1.19,1.26,-0.32,2.17,0.19,1.03,2.06,1.97,1.76,2.63,1.75,2.4,2.55,1.22,4.87,4.73,4.53,4.14,4.72,3.34,4.46,2.62,3.25,0.0,0.0,0.0,2.88,2.88,1.0,1.12,2.25,2.75,1.5,0.75,2.12,2.88,0.38,2.12,0.0,3.62,3.25,1.88,1.88,0.75,3.0,1.62
53-3011.00,"Ambulance Drivers and Attendants, Except Emergency Medical Technicians",0.0454545454545454,2,12.3,-1.3,1.4,13.488624052004333,False,0.2047670639219935,0.218851570964247,0.21180931744312026,5,0,0.0,True,Nicht hoch GPT-exponiert,3.0,2.75,3.0,3.12,3.62,2.88,0.0,2.5,0.88,3.0,3.25,3.0,3.0,2.75,1.75,2.75,1.38,2.12,3.12,3.0,3.0,1.38,1.88,3.12,3.5,2.12,1.25,4.0,4.0,2.38,3.12,2.12,3.75,3.0,3.62,3.12,3.0,1.12,3.12,2.88,3.12,2.75,2.75,2.25,3.88,3.12,3.0,2.0,2.88,0.62,3.12,3.0,0.87,2.09,1.97,1.53,2.14,2.65,2.04,1.06,0.67,-0.47,2.21,0.17,0.1,1.39,1.97,1.15,2.5,1.55,1.38,2.55,1.12,4.66,4.3,4.08,4.4,4.61,2.98,3.78,2.75,3.0,1.62,1.0,0.0,3.0,2.88,0.5,1.25,1.88,2.62,2.88,1.25,2.62,2.62,0.12,1.12,1.25,3.12,3.12,2.0,1.75,0.5,2.62,1.5
53-3031.00,Driver/Sales Workers,0.1388888888888889,2,451.5,8.8,51.3,29.739978331527627,False,0.8829902491874323,0.9019501625135428,0.8924702058504875,5,0,0.0,True,Nicht hoch GPT-exponiert,2.25,2.12,3.0,3.0,3.0,2.0,0.0,2.12,0.75,2.88,3.0,2.88,2.12,2.75,2.0,2.25,1.62,2.12,2.88,3.0,2.88,1.75,2.0,3.0,3.12,1.88,1.88,3.75,3.75,2.0,2.75,2.0,3.0,2.25,2.5,2.62,2.62,2.0,2.12,3.0,3.25,2.0,1.38,2.25,3.0,2.62,3.0,2.25,2.12,1.75,3.0,3.0,1.35,0.99,1.53,1.32,1.26,2.47,1.0,0.34,1.1,-0.1,1.51,-0.16,0.36,1.42,1.77,1.21,1.43,1.14,1.9,1.24,0.56,4.37,4.6,3.43,4.18,2.91,4.24,4.92,2.88,2.88,0.75,0.0,0.0,1.88,2.75,0.88,1.12,2.0,2.88,2.38,0.12,2.0,3.0,0.0,1.88,0.25,3.0,2.88,1.88,1.88,0.38,2.75,1.38
53-3032.00,Heavy and Tractor-Trailer Truck Drivers,0.173076923076923,2,2235.1,4.0,237.6,34.88624052004334,False,0.9837486457204767,0.628385698808234,0.8060671722643553,5,2,0.4,True,Nicht hoch GPT-exponiert,3.0,3.12,3.0,3.88,3.0,3.5,0.88,2.38,1.12,2.75,3.88,2.75,2.75,2.0,2.88,1.88,2.0,3.0,2.88,2.88,3.0,1.88,1.88,4.0,3.12,2.88,2.0,3.0,3.0,1.75,2.88,3.0,3.0,4.0,4.0,4.0,3.12,2.88,3.5,2.88,2.88,2.25,2.62,2.12,3.38,3.0,2.75,2.5,3.0,2.75,3.0,2.12,0.95,0.91,2.11,2.62,0.71,2.65,-0.03,0.05,0.74,-0.3,1.86,-0.03,-0.28,0.66,1.77,1.07,1.5,0.37,-0.14,1.64,0.47,4.17,4.06,4.26,3.99,2.61,3.65,4.24,2.5,2.25,2.75,1.88,1.0,1.75,2.75,1.38,1.62,1.75,2.0,3.62,0.88,3.12,1.75,0.0,2.5,2.75,2.0,2.38,2.0,1.88,0.38,3.0,2.88
53-3033.00,Light Truck Drivers,0.25,2,1079.8,7.3,120.2,43.12026002166847,False,0.9544962080173348,0.8553629469122427,0.9049295774647887,5,2,0.4,True,Nicht hoch GPT-exponiert,2.62,2.25,2.62,3.0,2.88,2.88,0.38,2.25,0.5,3.0,3.38,2.25,2.12,2.0,2.12,2.25,1.25,2.38,2.62,2.88,2.88,2.0,1.75,3.25,3.0,2.25,2.0,3.0,3.62,1.88,2.62,2.25,2.88,2.88,3.0,3.0,2.88,2.0,3.12,2.88,3.0,2.0,1.75,2.62,3.62,2.88,3.12,2.5,2.75,1.62,3.0,2.25,0.8,0.57,1.84,1.79,0.75,2.56,0.45,0.22,0.42,-0.34,1.66,-0.22,-0.32,0.74,1.1,0.69,1.28,0.67,0.81,1.27,-0.44,4.56,3.68,3.34,4.34,3.0,2.76,4.19,2.25,2.0,2.12,1.0,0.0,1.62,2.0,0.5,0.88,1.62,1.5,2.88,0.62,2.5,1.75,0.0,1.88,2.0,2.0,2.38,1.88,1.75,0.25,2.62,2.0
53-3051.00,"Bus Drivers, School",0.1764705882352941,2,387.3,0.2,61.0,35.15709642470206,False,0.8959913326110509,0.2768147345612134,0.5864030335861321,5,0,0.0,True,Nicht hoch GPT-exponiert,2.75,3.0,2.5,3.25,2.88,3.0,0.62,1.88,1.12,1.75,3.5,2.0,2.62,2.25,2.25,1.75,1.38,3.12,2.75,3.12,2.62,1.5,2.5,3.12,3.25,2.25,2.0,3.38,3.12,2.25,2.88,3.25,3.0,3.38,3.5,3.5,3.12,2.62,3.12,3.0,3.0,2.75,0.88,1.38,1.75,3.25,2.62,2.62,2.62,2.25,3.0,2.75,0.73,0.83,2.05,2.78,1.99,2.65,1.65,0.81,0.49,-0.61,2.24,-0.16,0.06,1.42,1.37,0.87,1.95,1.44,1.49,1.83,-0.52,4.26,4.13,4.01,4.11,4.0,3.85,3.77,2.62,2.62,0.88,0.12,0.12,2.38,2.5,0.25,0.38,1.75,2.0,2.62,0.12,2.75,2.5,0.0,1.88,0.88,2.62,3.0,1.25,1.25,0.25,2.62,1.88
53-3052.00,"Bus Drivers, Transit and Intercity",0.1666666666666666,2,158.8,4.3,20.9,33.91115926327194,False,0.7594799566630552,0.6619718309859155,0.7107258938244854,5,0,0.0,True,Nicht hoch GPT-exponiert,2.88,3.0,2.0,3.38,2.25,2.88,0.12,1.25,0.62,2.0,3.62,2.12,2.25,1.62,2.75,1.5,0.75,2.75,2.25,2.62,2.12,1.12,2.0,3.5,2.88,2.75,1.25,2.88,3.0,1.75,2.88,3.0,3.0,3.25,3.75,3.88,3.25,2.12,2.88,2.88,2.88,2.12,1.5,0.88,1.88,3.25,2.12,2.5,2.25,1.12,2.5,2.0,0.86,0.99,1.86,2.62,2.07,2.65,1.35,0.81,0.51,-0.59,1.82,-0.24,-0.02,1.39,1.28,0.97,2.14,1.28,1.4,1.86,-0.13,4.53,3.93,3.68,3.82,4.11,3.89,3.84,1.62,2.5,1.0,0.38,0.0,1.5,2.38,1.0,0.75,1.5,1.62,3.12,0.0,3.0,1.75,0.0,1.75,0.88,2.62,2.38,1.12,1.12,0.75,2.75,1.75
53-3053.00,Shuttle Drivers and Chauffeurs,0.173076923076923,2,243.9,6.7,36.3,34.88624052004334,False,0.8483206933911159,0.8374864572047671,0.8429035752979415,5,0,0.0,True,Nicht hoch GPT-exponiert,2.75,2.75,2.75,3.25,2.88,2.75,0.25,1.38,1.0,2.62,3.62,2.5,2.75,2.38,2.5,1.62,1.5,2.5,2.75,2.88,2.62,1.5,2.62,3.0,3.12,2.38,2.0,3.5,3.5,2.5,2.75,2.62,2.88,3.25,3.62,3.38,2.88,2.75,3.25,3.0,3.12,2.25,0.62,1.12,2.12,3.12,2.62,2.5,2.0,1.38,2.88,2.5,0.68,1.11,1.62,2.14,1.99,2.62,1.25,0.96,0.55,-0.35,1.73,-0.22,-0.32,1.36,1.0,0.67,1.53,1.23,1.61,1.27,-0.25,4.27,3.71,4.09,4.12,4.52,3.33,4.13,2.38,2.88,1.75,1.0,0.12,2.38,2.5,0.5,0.75,1.62,2.38,2.38,0.38,2.38,2.38,0.12,1.88,1.5,2.75,3.0,1.38,1.5,0.62,2.62,1.88
53-4011.00,Locomotive Engineers,0.2321428571428571,2,27.0,0.7,2.2,40.57421451787649,False,0.2833152762730228,0.30119176598049835,0.29225352112676056,5,1,0.2,True,Nicht hoch GPT-exponiert,3.0,4.0,2.75,4.0,3.12,3.5,0.0,2.0,0.5,2.12,4.5,3.0,3.5,2.0,2.88,2.0,1.5,2.88,3.12,3.25,3.0,2.25,2.25,3.88,3.38,2.5,2.5,3.88,3.88,2.0,3.75,2.75,3.38,3.75,4.38,4.0,4.0,2.12,3.12,3.0,3.0,2.88,2.25,1.5,2.62,3.5,2.5,2.88,3.0,2.5,3.12,2.75,1.18,0.89,2.57,2.74,0.92,3.0,-0.05,-0.06,-0.04,-0.64,2.17,0.39,-0.07,0.43,1.9,1.35,2.06,0.42,-0.14,2.28,-0.32,4.6,4.79,4.37,4.48,2.99,3.92,4.38,3.0,3.0,1.38,0.75,0.0,2.62,3.0,0.88,0.88,2.5,1.75,4.12,1.12,4.0,1.75,0.0,3.0,1.38,1.88,2.62,2.25,2.12,0.25,2.75,2.62
53-4013.00,"Rail Yard Engineers, Dinkey Operators, and Hostlers",0.0568181818181818,2,3.1,0.3,0.2,15.059588299024917,False,0.02275189599133261,0.2822318526543879,0.15249187432286024,5,1,0.2,True,Nicht hoch GPT-exponiert,3.0,3.5,2.88,3.75,3.12,3.12,0.12,2.25,0.88,3.12,4.12,2.88,3.12,2.12,2.88,2.75,2.75,2.88,3.0,3.0,3.0,2.0,2.12,3.75,3.38,1.75,2.0,3.88,3.75,2.0,3.12,2.5,4.12,3.0,3.88,3.75,3.25,1.88,3.0,3.0,3.12,2.75,2.5,2.12,3.12,3.0,3.0,3.12,3.25,2.25,3.12,2.62,0.77,1.02,2.28,2.62,1.44,2.65,-0.06,-0.01,0.42,-0.61,1.89,0.04,-0.17,0.24,1.2,0.99,1.31,0.23,0.38,1.76,-0.46,4.31,4.7,3.96,3.54,2.87,3.85,3.48,3.12,3.25,2.62,2.0,0.88,2.88,2.88,0.75,0.88,2.38,1.75,3.62,0.38,3.62,1.75,0.25,3.0,3.0,2.0,2.12,2.12,2.25,0.25,3.0,3.0
53-4022.00,"Railroad Brake, Signal, and Switch Operators and Locomotive Firers",0.0416666666666666,2,11.0,1.0,1.0,12.459371614301192,False,0.1495124593716143,0.3120260021668472,0.23076923076923078,5,0,0.0,True,Nicht hoch GPT-exponiert,2.88,3.12,2.62,3.62,3.12,2.75,0.5,2.62,2.38,3.12,3.75,2.75,3.0,2.38,2.38,2.5,2.88,2.88,3.0,3.0,3.0,1.75,1.75,3.38,3.5,2.5,2.0,3.62,3.25,2.5,3.12,1.88,3.12,3.25,3.75,3.25,3.0,1.88,2.25,2.88,3.0,2.25,0.88,2.5,2.88,3.12,3.25,3.12,2.62,2.12,3.25,2.62,0.7,0.94,2.34,2.5,1.63,2.65,-0.14,0.19,0.36,-0.64,1.89,-0.05,-0.21,0.01,1.46,0.89,1.66,0.41,0.38,1.86,-0.55,4.28,4.7,4.3,4.05,2.72,3.92,4.15,2.88,3.12,1.38,0.75,0.0,2.5,2.38,0.75,1.0,2.38,2.12,3.25,0.38,3.38,2.38,0.0,2.25,1.12,2.25,2.62,2.0,2.0,0.12,2.62,2.0
53-4031.00,Railroad Conductors and Yardmasters,0.2083333333333333,2,36.8,1.1,3.1,37.973997833152765,False,0.35969664138678226,0.319068255687974,0.3393824485373781,5,0,0.0,True,Nicht hoch GPT-exponiert,2.88,3.88,3.12,3.12,3.75,3.0,0.0,1.62,0.0,2.75,3.88,2.75,3.0,2.75,2.62,2.38,2.5,2.88,3.12,3.75,2.62,2.12,2.0,2.88,3.5,1.75,2.25,4.0,4.0,2.75,3.12,2.12,3.75,2.88,3.5,2.62,3.25,1.62,2.25,3.5,3.12,2.38,2.0,2.38,2.5,2.88,2.62,2.75,3.38,1.75,3.0,3.0,1.25,1.68,2.37,2.62,1.84,2.65,0.28,-0.04,1.05,-0.48,2.1,0.28,2.25,0.79,1.77,1.63,1.91,0.7,1.33,2.21,0.91,4.52,4.91,3.84,4.06,3.52,3.0,3.41,3.38,3.88,0.12,0.0,0.0,3.0,3.0,0.75,0.88,3.5,2.12,3.12,1.62,3.12,3.0,0.5,3.0,0.0,2.62,3.0,3.0,3.0,0.38,3.5,2.12
53-4041.00,Subway and Streetcar Operators,0.2045454545454545,2,9.6,3.4,0.9,37.81148429035753,False,0.13488624052004333,0.5579631635969664,0.34642470205850484,5,0,0.0,True,Nicht hoch GPT-exponiert,2.88,3.62,3.0,4.0,3.0,3.0,0.0,2.0,1.88,1.75,3.62,2.88,3.0,1.88,2.88,2.12,2.0,3.0,3.0,3.0,3.0,1.88,2.62,3.88,3.0,2.12,2.0,3.38,3.5,1.88,3.0,2.5,3.12,3.25,4.38,3.62,3.25,3.25,2.88,3.0,3.0,2.5,2.25,2.0,2.0,3.12,2.12,3.0,2.88,1.88,3.0,2.75,0.71,0.97,2.19,2.74,1.03,2.65,0.58,0.34,0.02,-0.61,1.86,-0.2,-0.15,1.01,1.34,1.13,2.14,0.72,1.02,2.13,-0.57,4.39,3.46,2.78,4.42,3.47,4.39,3.82,2.88,2.38,2.12,1.75,0.0,2.5,2.88,1.62,1.0,2.0,2.12,3.88,0.88,3.75,2.12,0.0,2.0,2.12,2.88,2.88,1.12,2.0,0.0,3.0,2.12
53-5011.00,Sailors and Marine Oilers,0.0106382978723404,2,32.1,2.3,3.9,6.500541711809317,False,0.4014084507042254,0.4409534127843987,0.42118093174431204,5,0,0.0,True,Nicht hoch GPT-exponiert,3.12,3.88,3.0,3.75,3.0,3.88,0.25,2.88,1.38,3.38,4.38,3.12,3.88,2.25,3.5,3.0,3.12,3.38,3.0,3.12,3.12,2.12,2.12,3.75,3.75,2.5,2.12,3.88,3.25,2.25,3.25,2.5,3.5,3.0,3.25,2.88,3.12,2.88,2.88,3.0,3.0,2.5,2.25,2.88,3.62,3.12,3.5,3.38,3.25,2.62,3.12,2.88,0.75,1.58,2.02,2.5,1.7,2.65,0.12,0.81,0.76,-0.43,0.7,0.07,0.0,0.61,1.77,0.87,1.31,0.23,0.5,1.99,0.66,4.41,4.33,3.07,4.32,3.75,3.64,4.0,2.88,3.0,3.0,2.5,0.0,3.0,3.0,1.12,1.5,2.75,2.5,3.5,0.5,3.75,2.62,0.0,3.12,3.12,2.88,2.88,2.25,2.25,1.38,3.0,3.12
53-5021.00,"Captains, Mates, and Pilots of Water Vessels",0.209090909090909,3,40.7,0.5,4.3,38.136511375948,False,0.43391115926327195,0.2887323943661972,0.36132177681473454,5,0,0.0,True,Nicht hoch GPT-exponiert,3.25,3.25,3.12,3.25,3.5,3.5,1.0,2.75,2.38,2.88,4.12,3.12,3.38,2.75,3.75,2.38,2.75,3.12,3.38,3.75,3.12,2.5,3.0,3.25,3.62,2.88,2.75,3.88,3.88,2.62,3.5,2.75,3.62,3.12,3.62,2.88,3.62,2.62,4.38,3.5,3.62,3.12,1.0,2.12,2.75,3.25,3.25,3.0,3.25,2.0,3.5,3.5,1.86,1.98,2.6,2.74,1.84,2.93,0.37,0.22,1.75,0.51,2.32,1.35,3.0,0.9,2.19,2.24,2.5,0.9,0.99,2.55,1.18,4.58,4.81,4.54,4.09,3.86,3.09,3.98,3.12,3.75,3.25,2.62,0.62,3.0,3.5,2.38,2.88,3.62,2.62,4.0,1.12,3.62,2.75,1.12,3.0,3.0,2.88,3.0,3.0,2.62,1.62,3.62,2.75
53-5022.00,Motorboat Operators,0.1290322580645161,2,2.7,1.4,0.3,28.494041170097507,False,0.03791982665222102,0.3466955579631636,0.1923076923076923,5,1,0.2,True,Nicht hoch GPT-exponiert,3.0,3.38,2.88,4.0,3.0,3.12,0.0,2.38,0.88,2.88,4.62,3.12,3.38,2.25,3.62,2.0,2.5,2.88,3.0,3.12,3.12,1.88,2.62,3.12,3.25,2.75,1.88,3.5,3.62,2.5,3.5,2.88,3.5,3.12,3.38,3.5,3.62,2.5,3.88,3.0,3.0,2.5,1.88,1.62,3.12,3.25,3.0,3.0,3.5,2.12,2.88,2.75,0.99,1.38,1.86,2.5,1.53,2.56,0.67,-0.08,1.26,-0.32,1.89,0.29,1.48,0.95,1.4,1.47,1.73,0.7,0.97,1.73,0.89,4.29,4.47,4.96,4.39,4.02,2.63,4.13,3.0,3.38,3.0,2.62,0.0,2.88,3.12,1.0,1.38,2.75,2.38,4.0,0.75,3.62,2.38,0.0,2.88,2.88,3.0,3.0,2.25,2.25,1.0,3.0,2.88
53-5031.00,Ship Engineers,0.140625,3,8.8,1.6,1.1,30.335861321776814,False,0.1635969664138678,0.3607800650054171,0.26218851570964247,5,1,0.2,True,Nicht hoch GPT-exponiert,3.12,3.25,3.12,3.88,4.0,2.25,0.5,2.12,1.38,3.38,3.0,3.25,3.12,3.0,1.88,2.12,2.0,3.38,3.75,3.62,3.0,2.38,2.38,3.12,3.75,1.25,2.62,4.12,4.0,3.0,3.12,1.5,4.12,3.0,3.12,3.0,3.62,2.25,2.25,3.25,3.12,2.88,0.5,2.38,3.0,3.0,3.0,3.25,3.62,2.38,4.0,3.5,1.89,1.79,2.67,2.62,1.63,2.93,0.2,0.42,1.47,0.7,2.1,1.38,2.1,0.59,2.08,1.8,2.02,0.76,0.38,2.21,1.08,3.97,4.53,3.98,3.62,3.77,2.87,3.81,3.38,3.0,3.75,3.0,2.88,2.88,3.12,0.75,1.75,3.12,2.0,3.88,1.25,3.88,2.0,0.62,3.12,3.88,2.75,3.0,3.12,2.75,0.62,3.0,3.88
53-6011.00,Bridge and Lock Tenders,0.1607142857142857,2,2.9,-3.3,0.3,33.531960996749724,False,0.03791982665222102,0.1560130010834236,0.09696641386782232,5,0,0.0,True,Nicht hoch GPT-exponiert,2.75,3.0,2.88,3.25,2.88,2.88,0.0,2.0,1.0,2.0,3.75,2.62,2.75,2.12,3.0,2.0,2.0,3.0,2.75,3.0,2.5,1.88,2.25,3.0,3.0,2.0,2.0,3.12,3.0,2.12,2.88,2.12,2.88,2.62,3.12,2.62,3.12,2.12,1.75,3.12,3.0,2.38,1.88,1.75,2.25,2.88,2.38,2.5,2.0,2.0,2.88,2.88,0.57,0.62,2.19,2.62,1.14,2.65,-0.03,-0.14,0.55,-0.61,1.89,-0.12,0.5,0.07,0.81,0.85,1.37,0.29,-0.03,1.07,0.0,4.2,3.89,4.15,3.95,2.26,2.6,3.1,2.75,3.0,1.38,0.75,0.0,2.62,2.62,0.0,0.12,2.12,2.12,3.0,0.12,3.0,2.25,0.12,2.25,1.25,2.62,2.25,1.0,1.5,0.12,2.62,2.0
53-6021.00,Parking Attendants,0.125,2,135.7,3.0,18.5,27.627302275189596,False,0.7432286023835319,0.5032502708559047,0.6232394366197183,5,0,0.0,True,Nicht hoch GPT-exponiert,2.12,2.25,2.62,2.88,2.5,2.75,0.12,1.75,1.62,2.62,3.0,2.5,3.0,1.75,1.88,2.12,1.62,1.75,2.5,2.5,2.5,1.75,2.0,2.62,3.0,2.38,2.12,2.88,3.38,1.75,2.75,2.38,2.88,1.75,2.75,2.62,3.12,1.75,2.75,2.75,3.0,2.0,1.62,2.38,2.38,2.38,2.62,2.5,2.62,1.0,2.25,2.0,0.28,0.53,1.44,0.95,1.7,2.03,0.75,0.72,0.33,-0.54,1.51,-0.31,-0.19,1.36,0.32,0.5,1.19,0.92,1.31,0.9,-0.52,4.6,4.26,2.91,3.95,3.93,3.79,2.99,2.12,2.25,0.88,0.25,0.0,2.0,2.38,0.75,0.75,1.75,2.0,2.0,0.25,1.88,1.75,0.0,1.25,0.25,2.5,2.38,1.62,1.75,0.0,2.0,0.88
53-6031.00,Automotive and Watercraft Service Attendants,0.0652173913043478,2,100.0,-1.0,14.4,17.06392199349946,False,0.6960996749729144,0.22643553629469124,0.4612676056338028,5,1,0.2,True,Nicht hoch GPT-exponiert,3.0,2.75,2.38,3.0,2.5,2.25,0.0,2.12,0.88,3.38,2.88,3.12,2.38,1.88,1.38,2.25,1.75,2.62,2.38,2.75,3.0,1.75,1.88,3.12,3.12,1.38,2.12,3.12,3.88,1.88,2.38,1.5,2.5,1.62,2.75,2.62,2.75,1.88,1.88,2.88,3.0,2.0,1.75,3.0,3.0,2.38,3.25,2.88,3.0,2.25,2.88,2.12,0.54,0.4,1.71,1.41,1.38,2.14,0.64,0.58,0.49,-0.34,1.4,-0.06,-0.3,0.71,0.6,0.39,0.97,0.69,1.02,0.84,-0.48,4.51,4.96,4.4,4.48,3.4,3.79,4.6,2.25,2.62,2.5,2.0,1.38,2.0,2.12,1.12,1.12,2.0,2.12,2.62,0.25,2.12,2.25,0.12,2.25,2.88,3.0,2.25,2.0,2.12,0.62,2.38,2.25
53-6041.00,Traffic Technicians,0.3888888888888888,3,7.9,3.7,0.8,62.94691224268689,False,0.11755146262188516,0.5964247020585048,0.356988082340195,5,1,0.2,True,Nicht hoch GPT-exponiert,2.5,2.38,3.25,2.62,3.88,2.0,0.0,0.88,1.0,1.12,3.25,2.62,3.12,3.12,1.75,0.5,0.62,2.12,3.38,3.5,2.25,3.0,2.25,2.0,3.12,1.75,3.0,3.88,4.0,3.0,3.0,1.75,3.38,1.62,2.38,1.88,3.0,1.38,1.88,3.0,3.12,2.5,0.5,0.62,1.0,2.38,1.25,2.75,3.12,0.75,3.62,3.38,1.05,1.05,2.22,1.44,1.0,2.14,0.52,0.34,0.61,0.24,1.4,0.76,-0.09,0.32,0.93,0.78,0.97,0.63,0.84,1.22,0.56,3.82,4.27,4.0,4.39,2.93,3.13,4.23,3.62,3.0,1.0,1.25,0.12,2.88,3.12,1.12,1.12,2.88,2.88,2.75,3.38,2.75,2.88,1.25,2.5,1.0,2.88,3.0,3.5,3.25,1.38,3.12,2.0
53-6051.00,Transportation Inspectors,0.3181818181818182,4,25.7,1.7,2.5,52.00433369447454,False,0.3120260021668472,0.37378114842903576,0.34290357529794147,5,0,0.0,True,Nicht hoch GPT-exponiert,1.88,2.12,3.38,1.75,3.5,2.38,0.0,1.5,1.38,2.12,3.25,0.5,3.38,3.0,1.62,1.75,1.75,2.0,3.5,3.38,0.75,2.88,2.62,2.0,3.38,1.25,2.75,4.0,4.0,2.75,3.12,1.88,4.0,1.38,2.0,2.12,2.88,1.5,2.38,3.12,3.5,2.75,0.12,1.62,1.75,2.5,2.5,2.5,3.0,1.75,3.75,3.62,1.23,0.99,2.63,2.62,1.38,2.65,0.07,0.29,0.97,-0.34,2.28,0.67,1.26,0.11,1.58,1.35,1.47,0.88,0.77,1.52,-0.05,4.49,4.13,4.44,4.63,3.35,2.1,3.78,3.25,3.12,0.0,0.12,0.0,2.62,3.25,1.75,1.88,3.0,2.38,2.38,0.38,2.62,2.62,0.75,2.5,0.0,2.88,3.0,2.75,2.88,0.75,3.12,1.75
53-6051.01,Aviation Inspectors,0.26,3,25.7,1.7,2.5,44.20368364030336,False,0.3120260021668472,0.37378114842903576,0.34290357529794147,5,1,0.2,True,Nicht hoch GPT-exponiert,3.0,3.25,3.25,3.25,4.0,2.62,0.0,1.5,0.62,2.38,3.38,3.0,3.25,2.88,1.88,1.88,1.38,3.12,4.0,3.62,3.0,2.5,2.38,2.88,4.0,1.38,2.38,4.0,4.0,2.88,3.38,1.38,4.38,2.0,2.5,2.5,3.12,2.0,2.0,3.12,3.25,3.12,0.88,1.75,2.0,3.0,2.25,3.25,3.25,1.5,4.0,3.88,1.95,1.32,3.0,3.0,1.26,2.93,-0.02,0.17,1.07,-0.35,2.93,1.86,1.0,0.15,2.01,1.76,1.98,1.6,0.34,2.17,0.04,4.39,4.86,4.38,4.49,4.08,3.17,4.11,3.62,3.0,2.88,2.62,0.0,3.12,3.38,0.75,0.88,2.88,2.88,3.12,2.75,4.0,3.0,0.5,3.75,2.88,3.0,3.0,3.0,3.0,0.75,3.25,3.25
53-6051.07,"Transportation Vehicle, Equipment and Systems Inspectors, Except Aviation",0.125,2,25.7,1.7,2.5,27.627302275189596,False,0.3120260021668472,0.37378114842903576,0.34290357529794147,5,0,0.0,True,Nicht hoch GPT-exponiert,3.12,2.75,2.88,3.0,3.0,2.62,0.0,1.25,0.25,3.12,2.75,3.0,3.0,2.12,1.75,1.75,1.38,2.88,3.0,3.0,2.88,1.75,1.88,2.75,3.88,1.62,1.75,3.62,3.25,2.0,2.88,1.75,3.12,2.25,2.38,2.12,2.88,1.25,1.88,3.0,2.88,2.25,0.88,1.88,2.12,2.62,2.62,2.75,2.75,1.75,3.0,2.75,1.27,0.34,2.5,2.66,0.78,2.65,-0.14,-0.38,0.42,-0.34,2.24,0.79,0.32,-0.04,1.18,0.94,1.14,0.74,-0.23,1.38,-0.57,4.72,4.9,4.06,4.33,3.82,3.08,4.24,2.25,2.75,2.88,2.0,0.25,2.0,2.5,0.25,0.38,2.0,1.88,3.0,0.88,3.12,2.12,0.0,3.25,2.62,2.0,2.75,1.5,1.75,0.88,2.88,2.88
53-6061.00,Passenger Attendants,0.1388888888888889,2,25.6,4.7,4.1,29.739978331527627,False,0.4219934994582882,0.7112676056338029,0.5666305525460456,5,0,0.0,True,Nicht hoch GPT-exponiert,2.12,2.38,2.88,2.12,2.88,1.88,0.0,1.75,1.88,2.12,2.62,1.88,2.5,2.12,0.88,2.38,2.12,2.25,2.88,2.62,2.0,1.5,2.0,2.12,3.0,1.0,1.62,3.62,4.0,2.12,2.5,1.0,3.25,0.75,1.5,1.88,2.75,0.75,1.0,3.5,3.38,2.0,1.12,1.88,2.0,2.75,2.75,1.88,2.0,0.75,3.0,2.38,0.62,1.08,1.57,1.76,2.51,2.65,2.23,1.49,0.87,-0.34,1.66,-0.17,0.1,2.02,0.9,0.94,1.87,1.69,2.26,1.38,0.41,4.14,3.65,2.84,3.42,4.7,2.72,2.92,2.38,3.0,0.0,0.0,0.0,2.25,2.25,0.38,0.38,2.0,2.12,1.75,0.38,2.38,2.75,0.38,2.0,0.0,3.75,3.12,1.5,1.75,0.38,2.38,1.62
53-7011.00,Conveyor Operators and Tenders,0.1379310344827586,2,29.1,-3.4,2.6,29.360780065005414,False,0.32340195016251355,0.1533044420368364,0.23835319609967498,5,1,0.2,True,Nicht hoch GPT-exponiert,3.12,3.0,3.0,3.5,3.0,3.12,0.25,2.12,1.38,3.0,3.12,3.0,2.88,2.25,2.25,2.0,2.0,3.0,3.0,3.5,3.12,1.75,2.0,3.5,3.12,1.38,1.75,3.5,3.38,2.12,3.25,1.38,3.12,3.12,3.12,2.88,3.12,1.5,1.38,2.88,2.88,2.25,1.25,1.75,3.0,2.5,3.0,2.75,3.0,1.5,2.88,2.88,0.5,0.4,1.86,1.56,0.51,2.14,-0.09,-0.14,0.28,-0.45,0.72,-0.24,-0.52,-0.02,0.28,0.24,0.02,0.13,-0.14,1.0,-0.34,3.43,3.48,3.16,4.42,2.48,2.97,4.05,2.75,2.88,2.62,1.88,0.0,2.75,2.75,0.38,1.12,2.5,2.12,3.88,1.75,4.0,2.12,0.25,2.62,2.5,2.25,2.62,2.62,2.5,1.0,2.88,2.75
53-7021.00,Crane and Tower Operators,0.0263157894736842,3,42.3,3.0,3.8,8.775731310942579,False,0.3916576381365114,0.5032502708559047,0.44745395449620806,5,0,0.0,True,Nicht hoch GPT-exponiert,3.12,2.88,2.5,4.12,3.0,4.12,0.0,2.0,0.5,2.62,4.12,3.0,2.62,2.12,3.0,2.0,2.12,2.88,2.5,2.75,3.12,2.12,2.0,4.0,3.62,1.88,2.12,3.5,3.12,2.12,3.12,2.75,2.88,3.75,3.88,3.5,3.12,2.0,2.75,3.0,2.62,2.12,2.25,1.75,2.88,2.5,2.62,3.0,3.12,2.5,2.88,2.38,0.8,0.34,2.31,2.62,0.59,2.65,-0.14,-0.06,0.14,-0.68,1.57,-0.05,-0.09,-0.11,0.86,0.99,1.53,0.13,-0.3,1.61,-0.79,4.55,4.54,4.0,4.54,2.92,3.61,3.8,2.25,3.0,2.88,2.0,0.88,2.25,2.62,0.62,0.62,2.25,2.0,3.5,1.12,3.25,2.0,0.0,2.88,2.75,2.0,2.0,1.12,2.0,0.38,2.88,3.0
53-7031.00,Dredge Operators,0.0,2,1.1,1.2,0.1,3.1960996749729147,False,0.011375947995666305,0.33098591549295775,0.17118093174431204,5,0,0.0,True,Nicht hoch GPT-exponiert,3.12,3.38,2.25,4.0,2.62,3.62,0.25,2.25,0.38,1.88,3.5,2.88,3.0,2.0,2.62,1.88,1.62,2.62,2.38,2.88,2.88,1.38,1.62,4.0,2.88,1.12,1.38,3.25,2.88,1.75,3.12,1.88,2.75,2.75,3.62,3.38,3.0,1.62,2.38,2.5,2.5,2.0,1.75,1.5,2.88,2.5,2.75,2.25,2.75,2.12,2.25,2.0,0.68,0.64,1.57,2.03,0.53,2.19,-0.14,-0.38,0.22,-0.45,0.98,-0.19,0.16,-0.02,1.12,0.69,0.8,0.09,-0.41,1.29,-0.48,4.26,4.91,3.78,3.09,2.09,3.8,3.01,2.5,3.12,2.38,2.5,0.0,2.62,2.62,1.25,1.38,2.88,1.88,3.25,1.0,3.62,2.0,0.0,2.75,2.38,1.88,2.38,1.88,2.0,0.88,2.38,2.62
53-7041.00,Hoist and Winch Operators,0.0952380952380952,2,2.7,-1.1,0.3,23.564463705308775,False,0.03791982665222102,0.223726977248104,0.1308234019501625,5,1,0.2,True,Nicht hoch GPT-exponiert,2.63,2.88,2.63,3.88,2.38,3.5,0.13,2.0,0.13,3.5,2.75,2.75,2.5,2.13,2.38,2.0,2.5,2.88,2.63,2.88,2.75,1.5,2.25,3.63,2.75,1.63,2.0,3.63,2.88,2.13,3.38,2.0,2.88,2.63,3.5,3.25,2.75,2.13,1.75,2.38,2.5,2.0,2.38,1.88,3.13,2.63,2.63,2.38,2.88,2.0,2.5,2.13,0.33,0.16,1.92,2.28,0.64,2.36,-0.1,-0.12,-0.12,-0.69,0.91,-0.19,-0.43,-0.13,0.55,0.6,0.95,0.09,-0.12,1.16,-0.71,4.08,4.76,4.71,4.79,3.31,4.56,4.75,2.38,3.38,2.5,2.5,0.12,2.5,2.5,1.12,1.12,2.5,2.12,2.88,1.12,3.0,2.25,0.0,2.5,2.75,2.25,2.25,1.75,1.62,0.0,2.75,2.38
53-7051.00,Industrial Truck and Tractor Operators,0.03125,2,792.5,1.1,76.4,9.69664138678223,False,0.9241603466955579,0.319068255687974,0.621614301191766,5,0,0.0,True,Nicht hoch GPT-exponiert,2.88,3.12,2.38,4.0,3.0,3.88,0.88,2.5,1.25,3.12,3.38,3.0,2.38,2.0,1.75,2.0,2.0,2.75,2.25,2.62,3.0,2.0,1.5,4.0,3.0,1.5,2.25,3.12,2.88,1.62,3.0,3.0,3.0,3.25,3.5,3.25,3.12,2.0,3.0,2.25,2.25,1.75,1.75,2.25,3.62,2.75,3.0,2.62,3.0,2.0,2.12,2.0,0.66,0.28,1.69,2.03,0.62,2.25,-0.13,-0.25,0.02,-0.41,1.13,-0.24,-0.3,0.13,0.62,0.58,0.8,0.05,-0.37,1.02,-0.46,4.08,4.42,4.2,4.65,3.19,4.2,4.49,2.0,3.0,2.62,1.5,0.0,2.0,2.12,0.88,0.88,1.5,1.62,3.0,0.62,2.88,1.75,0.25,1.88,2.0,1.75,2.0,1.75,1.75,0.62,2.25,2.5
53-7061.00,Cleaners of Vehicles and Equipment,0.0,2,410.1,3.9,56.2,3.1960996749729147,False,0.894907908992416,0.6218851570964247,0.7583965330444203,5,0,0.0,True,Nicht hoch GPT-exponiert,2.5,1.38,2.25,3.0,2.5,2.12,0.62,2.38,0.75,3.12,2.12,2.75,1.75,1.12,1.0,2.38,1.12,0.75,2.25,2.38,3.0,0.88,1.12,3.0,2.88,0.88,1.12,3.0,2.38,0.75,1.75,1.0,2.5,1.75,2.0,2.0,2.0,0.38,1.5,2.12,2.25,1.25,1.5,2.62,2.12,2.12,3.0,1.88,2.0,1.62,2.0,1.25,0.46,0.05,1.76,0.87,0.32,1.88,-0.09,-0.23,0.16,-0.41,0.78,-0.32,-0.61,0.36,0.39,0.02,0.35,0.04,-0.16,0.35,-0.77,3.57,4.05,4.24,3.82,3.23,4.43,4.2,1.62,1.88,2.12,1.88,0.38,1.12,1.75,0.5,1.0,1.38,1.12,2.75,0.25,3.0,1.0,0.12,2.75,2.0,1.88,2.0,1.25,0.88,0.25,2.12,1.88
53-7062.00,"Laborers and Freight, Stock, and Material Movers, Hand",0.06,2,2988.9,1.5,384.3,15.872156013001085,False,0.9907908992416035,0.3531960996749729,0.6719934994582881,5,0,0.0,True,Nicht hoch GPT-exponiert,3.0,2.0,2.75,3.12,2.88,2.62,1.12,3.0,1.62,3.75,3.0,2.88,2.12,2.0,1.25,2.25,1.62,2.0,2.75,2.88,3.0,1.38,1.38,3.62,3.12,1.25,1.88,3.0,2.88,2.0,2.12,1.88,2.88,2.38,2.88,2.5,2.88,1.25,1.88,2.12,2.62,2.0,1.75,3.12,4.0,2.38,3.75,2.38,2.88,1.12,2.88,2.0,0.41,0.18,1.26,0.95,0.78,2.11,-0.09,0.08,0.16,-0.37,0.85,-0.35,-0.41,0.43,0.88,0.12,0.63,0.14,-0.05,0.74,-0.42,3.76,4.08,3.77,4.31,2.22,3.91,3.74,2.0,2.75,1.5,1.12,0.0,1.88,2.0,0.25,0.88,1.88,1.75,2.5,0.12,2.5,1.88,0.0,2.0,1.25,2.0,2.0,1.75,1.5,0.25,2.12,2.0
53-7063.00,Machine Feeders and Offbearers,0.0909090909090909,2,46.5,-13.0,4.7,22.75189599133261,False,0.447453954496208,0.0390032502708559,0.24322860238353194,5,0,0.0,True,Nicht hoch GPT-exponiert,3.25,2.75,2.88,3.75,2.75,2.62,0.38,2.12,1.12,2.75,2.75,2.88,2.88,1.88,0.38,2.12,1.88,2.5,2.75,2.88,3.0,1.75,1.75,2.75,3.12,0.38,2.0,3.0,3.0,1.75,3.0,0.38,2.75,3.0,3.25,2.0,2.88,0.38,0.5,2.75,2.75,1.5,1.62,2.0,3.0,2.5,2.88,2.12,2.62,2.25,3.0,2.75,0.42,-0.04,1.81,1.5,0.45,1.98,-0.17,-0.27,-0.12,-0.71,0.66,-0.32,-0.71,-0.13,0.35,0.05,0.28,0.04,-0.27,0.55,-0.63,3.87,4.06,2.98,3.99,2.86,3.68,3.71,2.12,2.0,1.25,0.88,0.0,1.88,2.25,0.75,0.88,1.38,1.62,2.5,0.38,3.38,1.88,0.0,2.5,1.25,1.88,2.12,0.88,1.38,0.0,2.5,2.0
53-7064.00,"Packers and Packagers, Hand",0.1,2,591.8,-5.4,74.0,24.052004333694473,False,0.9133261105092091,0.11592632719393282,0.514626218851571,5,0,0.0,True,Nicht hoch GPT-exponiert,2.25,1.88,2.12,2.25,2.12,2.0,0.5,2.12,0.38,2.88,2.0,2.62,2.0,0.88,0.5,2.0,1.0,1.25,2.0,2.12,3.12,1.12,1.25,2.75,3.12,0.5,1.38,3.0,2.88,0.62,2.12,0.88,2.5,1.5,1.88,1.12,2.12,0.5,1.12,2.0,2.12,1.5,2.0,2.25,3.0,1.75,3.12,1.88,1.88,1.62,2.0,1.88,0.3,-0.06,2.11,1.17,0.51,2.06,-0.14,-0.27,-0.1,-0.68,0.68,-0.32,-0.59,-0.07,0.49,0.02,0.1,0.04,-0.12,0.51,-0.65,4.26,4.56,3.24,4.32,3.33,3.88,4.22,1.75,2.12,0.38,0.62,0.0,1.0,1.88,0.38,0.62,1.25,0.62,1.62,0.12,1.5,0.62,0.38,1.88,0.25,2.0,1.88,1.0,1.0,0.12,1.88,0.75
53-7065.00,Stockers and Order Fillers,0.1909090909090909,2,2764.8,8.5,472.3,36.61971830985916,False,0.9934994582881906,0.886240520043337,0.9398699891657638,5,1,0.2,True,Nicht hoch GPT-exponiert,2.75,2.25,2.88,2.62,2.62,2.38,0.88,2.25,1.88,3.38,3.0,2.5,2.25,2.25,1.25,2.25,2.38,1.88,2.5,2.75,2.88,1.5,2.0,3.0,3.25,1.0,2.0,3.12,3.12,2.12,2.62,1.25,2.88,1.75,1.5,1.75,2.62,1.25,1.62,2.75,2.88,1.88,0.38,2.25,2.88,2.25,2.88,2.25,2.62,1.5,2.88,2.38,0.71,0.57,1.92,0.95,1.35,2.11,0.43,0.27,0.59,-0.26,1.4,-0.26,-0.17,0.64,0.86,0.52,0.63,0.44,0.75,0.76,-0.46,4.5,4.87,3.85,3.96,3.48,3.46,3.44,2.25,2.62,0.5,0.38,0.25,1.88,2.25,0.88,1.38,2.25,1.75,2.0,0.62,1.75,1.88,0.75,1.62,0.25,2.5,2.62,1.88,1.75,0.88,2.5,1.5
53-7071.00,Gas Compressor and Gas Pumping Station Operators,0.0769230769230769,2,5.4,-1.3,0.6,19.772481040086674,False,0.08559046587215602,0.218851570964247,0.15222101841820151,5,0,0.0,True,Nicht hoch GPT-exponiert,3.12,3.0,3.0,3.12,3.25,2.62,0.0,1.88,1.12,2.25,3.12,3.12,3.0,2.25,2.0,2.0,2.0,2.75,3.12,3.0,3.12,2.12,2.12,3.12,3.25,1.25,2.12,3.12,3.0,2.12,3.5,1.38,3.25,3.12,3.25,2.88,3.0,1.5,1.88,2.88,2.75,2.75,1.62,1.88,2.38,2.75,2.88,2.38,2.75,2.0,2.88,2.88,1.12,1.17,2.37,2.62,0.85,2.65,-0.14,-0.01,0.51,-0.37,1.79,0.43,0.16,-0.02,1.12,0.99,1.31,0.13,-0.21,1.8,0.16,4.07,4.45,4.3,4.17,3.64,2.49,3.76,3.0,2.88,3.12,2.12,0.0,2.25,2.75,0.75,1.25,2.12,2.12,3.75,0.0,3.88,2.12,0.5,3.0,3.0,2.12,2.38,2.38,2.12,1.12,2.75,3.12
53-7072.00,"Pump Operators, Except Wellhead Pumpers",0.1666666666666666,2,13.1,2.6,1.5,33.91115926327194,False,0.21451787648970747,0.4745395449620802,0.3445287107258938,5,0,0.0,True,Nicht hoch GPT-exponiert,3.12,3.5,3.12,3.25,3.0,3.0,0.0,2.25,0.75,3.12,3.12,3.12,3.0,2.12,2.0,2.12,2.12,3.0,3.0,3.12,3.12,2.75,2.12,3.12,3.38,1.25,2.75,3.62,3.25,2.0,3.75,1.88,3.25,2.88,3.12,2.75,3.25,1.25,2.12,2.88,2.88,2.75,1.88,2.25,3.0,2.75,2.88,3.25,3.25,2.12,3.0,2.88,1.12,0.94,2.35,2.62,0.82,2.65,-0.18,-0.14,0.25,-0.66,1.21,0.17,-0.09,0.04,0.93,0.82,1.25,0.06,-0.34,1.29,-0.32,4.25,4.58,3.96,3.84,3.07,3.7,3.31,2.88,3.0,2.75,2.12,0.12,2.62,3.0,1.12,1.75,2.25,2.12,3.25,1.0,3.75,2.12,0.75,2.75,2.75,2.12,2.25,2.12,2.12,0.88,2.88,2.88
53-7073.00,Wellhead Pumpers,0.0,2,18.8,-4.7,2.0,3.1960996749729147,False,0.2638136511375948,0.12838569880823403,0.19609967497291442,5,0,0.0,True,Nicht hoch GPT-exponiert,2.88,2.62,3.0,4.0,3.0,2.0,0.75,2.38,0.88,3.12,2.5,2.88,2.25,1.88,1.5,2.62,2.88,2.0,3.0,3.0,3.0,1.38,2.12,3.38,3.25,0.75,1.62,2.88,3.0,1.75,3.38,1.25,3.25,2.12,3.5,3.0,3.12,0.75,1.88,2.5,2.75,1.75,1.5,2.38,3.12,2.25,3.12,1.62,3.12,1.62,2.75,2.38,1.16,1.02,1.74,2.62,0.64,2.56,-0.14,-0.2,0.13,-0.24,1.21,0.43,0.02,0.16,1.46,1.1,1.25,0.02,-0.68,1.49,-0.69,4.12,4.34,4.51,3.74,1.74,2.71,3.52,2.88,2.38,3.25,2.12,0.25,2.0,2.88,0.38,0.88,2.0,1.0,3.88,0.38,3.88,1.25,0.25,2.5,3.75,1.25,2.12,1.38,1.38,0.5,2.75,3.0
53-7081.00,Refuse and Recyclable Material Collectors,0.2321428571428571,2,147.9,0.9,16.9,40.57421451787649,False,0.7226435536294691,0.30715059588299026,0.5148970747562297,5,1,0.2,True,Nicht hoch GPT-exponiert,2.25,2.25,2.38,2.88,2.12,2.62,0.0,2.25,1.25,2.88,3.12,2.12,2.0,1.38,2.12,2.0,2.0,2.38,2.0,2.5,2.62,0.0,1.75,3.0,2.88,1.88,0.0,2.88,2.88,1.0,2.12,2.0,2.12,2.38,3.0,2.62,2.12,2.0,2.12,2.75,2.62,1.62,1.5,2.25,3.25,2.25,3.0,2.75,2.25,1.0,2.25,2.0,0.38,0.3,1.07,1.44,0.71,2.22,-0.03,0.03,0.36,-0.39,0.96,-0.34,-0.41,0.66,0.88,0.21,0.7,0.2,-0.43,1.02,-0.34,3.61,3.73,3.91,2.96,2.59,4.32,3.74,2.12,2.5,2.0,0.88,0.0,1.5,2.12,0.0,0.0,1.75,1.88,2.88,0.12,2.62,2.0,0.0,2.0,1.88,1.88,2.12,0.75,0.75,0.0,2.38,2.0
53-7121.00,"Tank Car, Truck, and Ship Loaders",0.125,2,12.0,4.3,1.3,27.627302275189596,False,0.19393282773564463,0.6619718309859155,0.4279523293607801,5,2,0.4,True,Nicht hoch GPT-exponiert,3.12,3.0,2.88,4.0,2.88,3.62,0.5,2.75,1.12,3.75,3.12,3.12,3.0,2.12,2.75,2.88,3.0,3.0,2.88,2.88,3.12,2.12,2.0,3.88,3.25,2.0,2.12,3.38,3.25,2.12,3.12,2.12,3.0,3.12,3.75,2.75,3.0,2.0,2.0,2.88,2.75,2.0,2.25,2.88,3.88,2.88,3.62,2.88,3.0,2.0,3.0,2.75,0.66,-0.17,2.31,2.58,0.68,2.47,-0.1,-0.2,0.25,-0.56,1.6,0.03,-0.26,0.13,0.73,0.6,1.03,0.1,-0.3,1.35,-0.57,4.47,4.84,3.92,4.46,3.46,3.8,4.47,2.88,2.88,2.0,2.38,0.0,2.62,2.88,1.12,1.88,2.75,2.12,3.25,0.0,3.38,2.12,0.38,2.88,2.25,2.12,2.12,2.62,2.12,0.75,2.88,2.5
